time,btcdom_open,btcdom_high,btcdom_low,btcdom_close,btcdom_volume
2021-06-21 03:00:00,1005.2,1010.5,967.8,986.2,203.049
2021-06-21 07:00:00,986.2,1044.4,951.5,1027.4,3147.69
2021-06-21 11:00:00,1027.3,1072.0,1013.0,1047.0,5182.794
2021-06-21 15:00:00,1047.0,1055.0,1013.5,1020.1,4004.342
2021-06-21 19:00:00,1020.2,1067.1,1018.4,1053.3,4223.479
2021-06-21 23:00:00,1053.3,1135.0,1041.6,1106.5,4824.2
2021-06-22 03:00:00,1106.6,1138.0,1061.6,1075.1,4000.918
2021-06-22 07:00:00,1074.3,1127.1,1059.4,1095.9,4838.693
2021-06-22 11:00:00,1095.9,1155.4,1092.9,1128.9,5195.996
2021-06-22 15:00:00,1128.9,1154.0,1079.3,1100.5,6958.606
2021-06-22 19:00:00,1100.7,1126.0,1090.0,1113.4,3087.976
2021-06-22 23:00:00,1113.3,1145.0,1110.0,1137.3,2698.136
2021-06-23 03:00:00,1137.3,1154.6,1100.1,1101.3,3551.704
2021-06-23 07:00:00,1101.3,1112.8,1071.1,1082.3,2935.316
2021-06-23 11:00:00,1082.3,1116.0,1081.4,1104.6,2623.097
2021-06-23 15:00:00,1104.7,1108.9,1076.0,1080.8,2482.999
2021-06-23 19:00:00,1080.8,1104.1,1080.5,1104.1,1786.997
2021-06-23 23:00:00,1104.0,1110.2,1090.0,1091.0,1831.8
2021-06-24 03:00:00,1090.9,1099.0,1081.1,1085.7,1931.837
2021-06-24 07:00:00,1085.8,1086.0,1065.0,1066.5,2071.645
2021-06-24 11:00:00,1066.5,1082.9,1057.6,1080.0,2140.62
2021-06-24 15:00:00,1080.2,1106.1,1071.4,1072.6,2747.172
2021-06-24 19:00:00,1072.6,1081.6,1061.2,1080.3,1905.39
2021-06-24 23:00:00,1080.3,1094.4,1076.6,1093.4,1576.49
2021-06-25 03:00:00,1094.4,1105.0,1084.8,1086.8,1430.072
2021-06-25 07:00:00,1086.8,1101.4,1081.0,1097.5,2030.365
2021-06-25 11:00:00,1097.3,1114.4,1096.5,1104.7,2280.791
2021-06-25 15:00:00,1104.5,1112.1,1094.4,1105.0,2126.257
2021-06-25 19:00:00,1104.8,1108.2,1089.3,1091.0,2040.208
2021-06-25 23:00:00,1090.7,1092.5,1070.2,1080.2,2215.253
2021-06-26 03:00:00,1080.2,1099.5,1079.5,1091.1,1586.121
2021-06-26 07:00:00,1091.0,1100.0,1090.3,1096.1,1428.436
2021-06-26 11:00:00,1096.1,1101.4,1090.3,1096.7,1617.156
2021-06-26 15:00:00,1096.9,1101.1,1091.6,1100.0,1571.753
2021-06-26 19:00:00,1099.9,1109.0,1098.1,1101.4,1448.141
2021-06-26 23:00:00,1101.4,1105.8,1098.3,1101.0,1568.981
2021-06-27 03:00:00,1101.0,1101.1,1086.6,1096.0,1279.983
2021-06-27 07:00:00,1096.2,1119.0,1091.7,1115.2,1104.55
2021-06-27 11:00:00,1115.2,1127.0,1110.0,1125.1,1442.484
2021-06-27 15:00:00,1125.1,1128.0,1121.0,1126.3,1847.689
2021-06-27 19:00:00,1126.5,1126.9,1122.0,1125.7,1376.834
2021-06-27 23:00:00,1125.9,1126.5,1106.2,1107.0,2035.764
2021-06-28 03:00:00,1107.2,1113.9,1104.6,1106.2,1609.534
2021-06-28 07:00:00,1106.1,1109.6,1092.9,1093.6,1644.045
2021-06-28 11:00:00,1093.6,1099.8,1084.1,1090.8,1945.267
2021-06-28 15:00:00,1090.7,1095.0,1071.0,1072.0,2289.247
2021-06-28 19:00:00,1071.8,1077.2,1062.0,1064.5,2393.779
2021-06-28 23:00:00,1064.5,1072.0,1053.8,1056.9,2091.901
2021-06-29 03:00:00,1056.9,1075.0,1055.7,1062.6,1978.495
2021-06-29 07:00:00,1062.5,1068.8,1051.8,1053.8,2265.57
2021-06-29 11:00:00,1052.7,1067.6,1041.5,1046.6,2619.445
2021-06-29 15:00:00,1046.9,1053.8,1038.6,1046.3,2898.66
2021-06-29 19:00:00,1044.7,1054.0,1044.7,1053.8,2207.582
2021-06-29 23:00:00,1054.0,1065.0,1051.9,1060.9,1671.857
2021-06-30 03:00:00,1060.8,1070.0,1058.1,1059.1,1611.307
2021-06-30 07:00:00,1059.1,1075.5,1040.0,1048.6,2887.001
2021-06-30 11:00:00,1049.7,1058.8,1043.0,1055.8,1904.11
2021-06-30 15:00:00,1055.4,1074.2,1049.5,1064.4,1929.78
2021-06-30 19:00:00,1064.9,1066.3,1018.4,1026.0,2176.183
2021-06-30 23:00:00,1026.0,1026.9,1003.3,1011.7,2783.548
2021-07-01 03:00:00,1010.6,1030.8,1010.6,1029.2,2046.579
2021-07-01 07:00:00,1029.2,1030.1,1018.7,1028.3,2096.095
2021-07-01 11:00:00,1028.5,1034.1,1018.1,1025.9,2180.212
2021-07-01 15:00:00,1026.7,1035.1,1025.0,1027.4,1892.61
2021-07-01 19:00:00,1028.5,1039.4,1024.6,1031.2,1920.369
2021-07-01 23:00:00,1031.2,1034.9,1025.0,1028.5,1768.588
2021-07-02 03:00:00,1028.3,1046.2,1025.0,1045.2,1751.543
2021-07-02 07:00:00,1045.5,1055.7,1045.4,1050.4,2158.454
2021-07-02 11:00:00,1050.3,1056.3,1047.8,1053.7,1692.221
2021-07-02 15:00:00,1053.8,1056.0,1035.0,1036.3,2074.248
2021-07-02 19:00:00,1036.3,1055.2,1035.0,1037.9,1972.764
2021-07-02 23:00:00,1037.9,1038.1,1017.6,1026.8,1489.02
2021-07-03 03:00:00,1027.0,1030.0,1018.4,1029.7,1753.743
2021-07-03 07:00:00,1029.8,1036.0,1024.1,1030.6,2075.903
2021-07-03 11:00:00,1031.0,1038.5,1021.5,1026.3,2507.767
2021-07-03 15:00:00,1026.4,1029.0,1021.0,1022.4,2056.738
2021-07-03 19:00:00,1022.6,1026.2,1022.0,1024.6,1881.903
2021-07-03 23:00:00,1024.3,1031.6,1023.5,1027.4,1936.236
2021-07-04 03:00:00,1027.8,1034.4,1022.0,1033.9,1928.246
2021-07-04 07:00:00,1033.9,1034.6,1011.0,1015.0,2346.647
2021-07-04 11:00:00,1014.3,1020.2,1010.7,1016.5,2223.19
2021-07-04 15:00:00,1016.6,1018.9,1011.0,1017.4,1930.571
2021-07-04 19:00:00,1016.5,1017.4,1005.3,1009.1,1948.77
2021-07-04 23:00:00,1009.5,1014.6,1001.0,1010.0,2351.379
2021-07-05 03:00:00,1010.0,1010.9,1001.1,1007.3,1891.051
2021-07-05 07:00:00,1007.4,1010.0,1000.2,1004.5,2071.013
2021-07-05 11:00:00,1004.2,1011.6,991.2,1010.2,2822.143
2021-07-05 15:00:00,1010.5,1028.5,1001.2,1015.4,2821.595
2021-07-05 19:00:00,1015.0,1016.8,1003.9,1009.1,2108.823
2021-07-05 23:00:00,1009.4,1012.8,1005.6,1009.1,1268.204
2021-07-06 03:00:00,1009.2,1014.0,991.4,1001.6,1648.364
2021-07-06 07:00:00,1001.3,1002.8,989.1,993.7,1848.67
2021-07-06 11:00:00,993.7,1009.6,990.0,994.3,2877.626
2021-07-06 15:00:00,994.2,995.9,985.0,991.4,2152.547
2021-07-06 19:00:00,991.2,993.9,971.7,981.3,2239.782
2021-07-06 23:00:00,981.3,988.6,978.8,987.2,1711.317
2021-07-07 03:00:00,987.4,989.0,980.0,984.2,1651.166
2021-07-07 07:00:00,985.2,986.8,976.5,979.1,1825.769
2021-07-07 11:00:00,979.0,982.2,976.2,979.8,1539.971
2021-07-07 15:00:00,979.8,990.7,975.6,986.1,1836.32
2021-07-07 19:00:00,986.6,988.8,984.4,985.2,1625.006
2021-07-07 23:00:00,985.2,985.9,980.7,981.1,1167.792
2021-07-08 03:00:00,981.2,991.0,980.7,988.1,1900.365
2021-07-08 07:00:00,989.0,999.9,985.4,995.4,2700.155
2021-07-08 11:00:00,995.9,1007.6,993.2,1002.6,2447.14
2021-07-08 15:00:00,1002.8,1015.0,999.9,1003.6,2584.504
2021-07-08 19:00:00,1004.6,1012.0,1001.9,1010.2,2119.46
2021-07-08 23:00:00,1010.5,1029.5,1006.0,1022.7,3077.547
2021-07-09 03:00:00,1022.7,1048.4,1021.9,1032.8,3503.594
2021-07-09 07:00:00,1032.9,1036.5,1017.4,1025.9,2368.262
2021-07-09 11:00:00,1025.3,1036.6,1023.0,1036.0,1641.056
2021-07-09 15:00:00,1035.7,1041.9,1010.4,1019.1,2853.911
2021-07-09 19:00:00,1019.5,1030.0,1015.1,1029.6,1850.558
2021-07-09 23:00:00,1029.8,1037.5,1028.0,1034.0,1674.914
2021-07-10 03:00:00,1034.0,1042.0,1029.5,1041.9,1720.091
2021-07-10 07:00:00,1041.8,1052.9,1040.6,1047.5,1910.674
2021-07-10 11:00:00,1047.5,1054.0,1045.6,1053.6,1607.191
2021-07-10 15:00:00,1053.7,1055.0,1049.0,1049.7,1746.405
2021-07-10 19:00:00,1049.9,1066.1,1042.3,1049.7,2521.095
2021-07-10 23:00:00,1049.6,1052.0,1041.5,1043.4,1717.694
2021-07-11 03:00:00,1043.5,1053.1,1040.0,1052.0,1776.6
2021-07-11 07:00:00,1052.0,1061.0,1048.4,1050.6,1932.989
2021-07-11 11:00:00,1050.5,1051.9,1038.3,1044.7,1469.476
2021-07-11 15:00:00,1044.3,1047.9,1042.9,1045.4,1589.815
2021-07-11 19:00:00,1044.7,1045.4,1040.0,1042.4,1659.252
2021-07-11 23:00:00,1042.4,1054.8,1040.0,1054.8,2034.854
2021-07-12 03:00:00,1054.2,1055.0,1045.7,1047.3,1425.543
2021-07-12 07:00:00,1047.3,1052.0,1045.0,1046.0,1635.176
2021-07-12 11:00:00,1046.1,1050.0,1045.0,1048.7,1376.597
2021-07-12 15:00:00,1048.7,1049.7,1044.0,1047.4,1615.548
2021-07-12 19:00:00,1047.3,1079.2,1045.2,1064.6,3480.857
2021-07-12 23:00:00,1064.7,1068.0,1055.6,1061.7,1714.649
2021-07-13 03:00:00,1061.5,1065.5,1058.9,1063.7,1356.068
2021-07-13 07:00:00,1063.7,1080.2,1062.0,1070.2,1903.535
2021-07-13 11:00:00,1070.2,1077.9,1068.7,1076.9,1367.792
2021-07-13 15:00:00,1076.8,1078.5,1067.4,1070.1,1389.917
2021-07-13 19:00:00,1070.6,1088.5,1069.1,1087.5,1711.702
2021-07-13 23:00:00,1087.6,1095.9,1082.9,1093.2,1279.366
2021-07-14 03:00:00,1093.3,1119.0,1090.3,1108.2,2377.06
2021-07-14 07:00:00,1108.0,1121.2,1104.0,1104.8,1380.416
2021-07-14 11:00:00,1104.8,1108.9,1088.0,1092.4,795.862
2021-07-14 15:00:00,1092.1,1095.9,1071.9,1080.1,879.789
2021-07-14 19:00:00,1080.0,1088.3,1074.4,1088.2,321.617
2021-07-14 23:00:00,1088.2,1089.3,1078.6,1083.8,372.219
2021-07-15 03:00:00,1083.8,1091.2,1074.8,1089.3,534.956
2021-07-15 07:00:00,1089.3,1099.0,1085.0,1096.7,249.911
2021-07-15 11:00:00,1096.7,1097.0,1079.8,1091.0,600.056
2021-07-15 15:00:00,1091.0,1095.9,1084.1,1087.0,392.686
2021-07-15 19:00:00,1087.0,1091.6,1079.2,1080.4,302.769
2021-07-15 23:00:00,1080.9,1090.0,1079.9,1089.9,169.557
2021-07-16 03:00:00,1090.0,1093.5,1074.3,1076.6,361.185
2021-07-16 07:00:00,1076.2,1094.0,1074.6,1093.4,252.706
2021-07-16 11:00:00,1093.4,1112.0,1092.0,1108.5,860.809
2021-07-16 15:00:00,1108.9,1109.2,1098.2,1099.2,484.258
2021-07-16 19:00:00,1099.2,1109.1,1097.9,1106.0,674.972
2021-07-16 23:00:00,1105.9,1116.4,1102.2,1115.2,695.081
2021-07-17 03:00:00,1115.8,1125.6,1108.2,1120.3,849.621
2021-07-17 07:00:00,1119.6,1121.2,1112.6,1118.7,398.342
2021-07-17 11:00:00,1118.8,1125.6,1113.5,1120.6,397.197
2021-07-17 15:00:00,1121.1,1125.6,1118.2,1123.5,249.17
2021-07-17 19:00:00,1123.4,1125.6,1104.7,1106.2,445.919
2021-07-17 23:00:00,1106.4,1113.0,1105.1,1108.8,189.018
2021-07-18 03:00:00,1109.5,1111.0,1089.3,1093.0,643.458
2021-07-18 07:00:00,1093.3,1096.8,1091.6,1092.2,246.951
2021-07-18 11:00:00,1092.0,1092.2,1085.3,1088.1,379.017
2021-07-18 15:00:00,1088.1,1108.8,1078.9,1107.2,832.071
2021-07-18 19:00:00,1107.7,1109.7,1104.0,1108.8,172.174
2021-07-18 23:00:00,1108.8,1115.3,1104.0,1115.3,200.928
2021-07-19 03:00:00,1115.3,1123.2,1110.9,1118.1,373.695
2021-07-19 07:00:00,1117.9,1118.8,1112.6,1116.7,221.087
2021-07-19 11:00:00,1116.6,1123.0,1111.7,1123.0,556.498
2021-07-19 15:00:00,1123.0,1142.0,1122.0,1132.9,2698.429
2021-07-19 19:00:00,1133.5,1138.0,1125.5,1132.7,704.672
2021-07-19 23:00:00,1132.7,1140.0,1125.8,1137.4,564.075
2021-07-20 03:00:00,1137.3,1173.0,1131.3,1158.1,2678.173
2021-07-20 07:00:00,1158.1,1160.6,1144.2,1149.2,1343.007
2021-07-20 11:00:00,1149.2,1169.9,1148.2,1155.0,2478.507
2021-07-20 15:00:00,1154.9,1160.0,1132.8,1136.4,1771.486
2021-07-20 19:00:00,1136.3,1139.9,1131.6,1132.9,558.87
2021-07-20 23:00:00,1132.9,1146.2,1131.5,1143.0,483.299
2021-07-21 03:00:00,1143.0,1154.8,1133.0,1133.1,1217.115
2021-07-21 07:00:00,1133.2,1134.1,1117.3,1122.3,1432.128
2021-07-21 11:00:00,1122.2,1127.8,1119.7,1120.3,847.751
2021-07-21 15:00:00,1120.3,1126.9,1102.2,1106.7,1195.529
2021-07-21 19:00:00,1106.6,1117.2,1085.6,1114.6,1766.975
2021-07-21 23:00:00,1113.6,1119.7,1108.4,1108.6,960.087
2021-07-22 03:00:00,1108.3,1115.3,1098.2,1108.9,647.058
2021-07-22 07:00:00,1108.9,1111.0,1098.0,1102.5,926.518
2021-07-22 11:00:00,1102.7,1103.5,1093.5,1098.9,514.97
2021-07-22 15:00:00,1098.8,1108.3,1082.9,1089.0,613.223
2021-07-22 19:00:00,1088.8,1091.2,1082.9,1087.9,356.582
2021-07-22 23:00:00,1087.9,1093.6,1083.0,1089.1,767.149
2021-07-23 03:00:00,1088.6,1093.6,1081.6,1086.3,348.736
2021-07-23 07:00:00,1086.3,1086.6,1075.3,1079.9,572.82
2021-07-23 11:00:00,1080.2,1092.2,1079.6,1089.5,718.289
2021-07-23 15:00:00,1089.9,1094.0,1083.2,1093.2,1054.571
2021-07-23 19:00:00,1093.4,1108.8,1093.2,1102.4,630.344
2021-07-23 23:00:00,1102.1,1102.4,1087.2,1091.4,607.405
2021-07-24 03:00:00,1091.4,1096.8,1087.0,1087.4,334.548
2021-07-24 07:00:00,1087.1,1091.2,1085.0,1090.7,327.864
2021-07-24 11:00:00,1090.5,1093.9,1087.2,1089.2,423.767
2021-07-24 15:00:00,1088.9,1090.4,1082.9,1088.5,870.624
2021-07-24 19:00:00,1088.5,1092.0,1083.0,1089.2,597.919
2021-07-24 23:00:00,1089.4,1093.6,1083.3,1086.5,318.042
2021-07-25 03:00:00,1086.2,1100.0,1085.1,1097.9,502.866
2021-07-25 07:00:00,1098.2,1106.6,1094.6,1104.5,385.853
2021-07-25 11:00:00,1104.6,1104.9,1094.0,1100.5,328.314
2021-07-25 15:00:00,1100.6,1110.7,1100.6,1106.6,492.396
2021-07-25 19:00:00,1106.7,1112.5,1105.0,1107.8,237.406
2021-07-25 23:00:00,1108.0,1118.0,1106.0,1117.8,639.333
2021-07-26 03:00:00,1118.0,1179.3,1111.0,1134.6,2213.505
2021-07-26 07:00:00,1134.9,1135.4,1119.4,1128.5,593.965
2021-07-26 11:00:00,1128.4,1129.0,1121.2,1128.1,692.375
2021-07-26 15:00:00,1128.5,1137.5,1125.4,1136.7,718.027
2021-07-26 19:00:00,1136.7,1163.0,1136.6,1152.4,826.156
2021-07-26 23:00:00,1152.7,1164.5,1145.0,1160.1,1012.033
2021-07-27 03:00:00,1160.1,1179.6,1155.1,1169.4,1172.926
2021-07-27 07:00:00,1169.6,1176.0,1161.7,1167.3,636.658
2021-07-27 11:00:00,1167.3,1170.6,1156.6,1157.3,417.546
2021-07-27 15:00:00,1156.9,1168.5,1147.9,1158.1,849.499
2021-07-27 19:00:00,1158.0,1182.8,1156.3,1174.3,2113.525
2021-07-27 23:00:00,1174.3,1190.0,1171.7,1190.0,787.115
2021-07-28 03:00:00,1190.0,1209.7,1188.1,1206.0,1061.299
2021-07-28 07:00:00,1205.9,1217.0,1191.1,1192.8,1336.032
2021-07-28 11:00:00,1192.8,1211.3,1182.8,1206.5,907.511
2021-07-28 15:00:00,1206.7,1206.7,1191.7,1193.2,587.601
2021-07-28 19:00:00,1193.3,1209.6,1188.8,1206.0,624.443
2021-07-28 23:00:00,1207.9,1208.2,1196.3,1200.3,219.399
2021-07-29 03:00:00,1198.8,1206.1,1197.7,1203.4,211.457
2021-07-29 07:00:00,1203.5,1206.4,1200.5,1201.4,174.632
2021-07-29 11:00:00,1201.4,1208.3,1197.1,1200.7,279.596
2021-07-29 15:00:00,1200.2,1200.6,1185.6,1187.4,555.768
2021-07-29 19:00:00,1187.0,1188.9,1180.0,1184.1,288.823
2021-07-29 23:00:00,1184.6,1185.5,1168.0,1172.1,450.719
2021-07-30 03:00:00,1172.5,1174.0,1149.0,1150.5,1049.334
2021-07-30 07:00:00,1150.2,1156.4,1145.8,1151.4,593.676
2021-07-30 11:00:00,1151.2,1161.7,1149.1,1157.8,779.717
2021-07-30 15:00:00,1157.9,1168.9,1156.8,1162.5,435.1
2021-07-30 19:00:00,1162.6,1166.3,1154.5,1166.3,452.128
2021-07-30 23:00:00,1166.2,1196.1,1158.2,1196.1,1384.631
2021-07-31 03:00:00,1196.1,1198.0,1184.8,1184.8,389.906
2021-07-31 07:00:00,1185.1,1195.6,1184.8,1189.0,265.032
2021-07-31 11:00:00,1188.9,1192.5,1174.7,1179.3,826.715
2021-07-31 15:00:00,1179.8,1182.7,1176.0,1179.1,384.397
2021-07-31 19:00:00,1179.1,1181.5,1174.1,1174.2,285.902
2021-07-31 23:00:00,1174.2,1179.3,1151.5,1152.3,1908.209
2021-08-01 03:00:00,1152.2,1153.0,1132.7,1139.3,1223.383
2021-08-01 07:00:00,1139.3,1139.3,1123.9,1131.7,887.56
2021-08-01 11:00:00,1131.7,1140.0,1128.3,1133.4,934.576
2021-08-01 15:00:00,1133.4,1136.5,1119.9,1124.0,842.797
2021-08-01 19:00:00,1123.6,1133.4,1109.2,1109.6,1020.152
2021-08-01 23:00:00,1109.5,1110.2,1094.3,1105.8,1094.477
2021-08-02 03:00:00,1105.4,1113.0,1098.5,1104.2,499.286
2021-08-02 07:00:00,1104.2,1105.9,1089.8,1090.8,520.644
2021-08-02 11:00:00,1090.8,1093.9,1086.0,1088.1,685.291
2021-08-02 15:00:00,1087.8,1091.2,1077.1,1081.7,1037.045
2021-08-02 19:00:00,1082.0,1082.3,1076.1,1078.2,440.623
2021-08-02 23:00:00,1078.2,1082.2,1073.0,1078.4,976.623
2021-08-03 03:00:00,1078.5,1091.0,1076.1,1088.1,679.43
2021-08-03 07:00:00,1088.1,1105.3,1086.5,1097.1,1065.784
2021-08-03 11:00:00,1097.1,1104.4,1092.2,1098.7,605.17
2021-08-03 15:00:00,1098.7,1099.9,1082.2,1085.0,724.321
2021-08-03 19:00:00,1084.9,1090.3,1082.8,1083.5,317.92
2021-08-03 23:00:00,1083.8,1089.3,1078.6,1079.3,263.378
2021-08-04 03:00:00,1079.4,1085.0,1076.9,1081.9,338.503
2021-08-04 07:00:00,1082.0,1082.8,1076.7,1081.7,277.157
2021-08-04 11:00:00,1081.5,1084.8,1079.9,1080.8,284.16
2021-08-04 15:00:00,1080.7,1086.0,1061.1,1063.2,1627.971
2021-08-04 19:00:00,1063.5,1067.6,1056.0,1065.0,1725.317
2021-08-04 23:00:00,1065.1,1067.0,1055.0,1060.4,679.157
2021-08-05 03:00:00,1060.4,1065.0,1056.0,1057.2,761.581
2021-08-05 07:00:00,1057.1,1060.8,1053.5,1053.5,851.236
2021-08-05 11:00:00,1053.6,1058.8,1044.8,1046.5,2498.544
2021-08-05 15:00:00,1046.0,1056.3,1018.0,1028.0,4156.82
2021-08-05 19:00:00,1028.7,1074.4,1028.1,1064.5,2481.938
2021-08-05 23:00:00,1064.6,1071.5,1056.6,1059.1,676.152
2021-08-06 03:00:00,1059.1,1063.6,1049.5,1061.5,624.502
2021-08-06 07:00:00,1062.2,1074.4,1055.5,1070.2,464.097
2021-08-06 11:00:00,1070.1,1073.4,1066.2,1071.3,321.046
2021-08-06 15:00:00,1072.4,1080.2,1065.0,1078.5,1188.939
2021-08-06 19:00:00,1079.2,1088.5,1071.3,1076.3,826.598
2021-08-06 23:00:00,1076.3,1084.6,1074.0,1083.6,687.533
2021-08-07 03:00:00,1083.6,1086.6,1075.4,1082.1,594.605
2021-08-07 07:00:00,1081.7,1082.1,1067.9,1069.9,830.389
2021-08-07 11:00:00,1069.5,1071.0,1042.1,1043.3,2061.47
2021-08-07 15:00:00,1043.3,1050.5,1033.5,1037.5,1967.441
2021-08-07 19:00:00,1037.0,1053.7,1035.3,1050.2,1212.366
2021-08-07 23:00:00,1050.4,1051.2,1040.6,1042.6,904.989
2021-08-08 03:00:00,1042.6,1051.8,1034.7,1046.2,852.916
2021-08-08 07:00:00,1046.2,1056.0,1043.2,1052.7,1384.261
2021-08-08 11:00:00,1052.6,1057.6,1048.2,1057.4,553.385
2021-08-08 15:00:00,1057.0,1067.5,1053.2,1066.7,791.298
2021-08-08 19:00:00,1066.9,1081.9,1065.3,1079.2,1051.071
2021-08-08 23:00:00,1078.8,1085.2,1069.3,1075.7,2135.018
2021-08-09 03:00:00,1075.6,1087.8,1070.3,1082.1,1246.701
2021-08-09 07:00:00,1082.3,1092.2,1080.6,1085.6,835.161
2021-08-09 11:00:00,1085.5,1085.8,1074.3,1080.3,1626.653
2021-08-09 15:00:00,1080.0,1085.4,1072.3,1072.3,897.658
2021-08-09 19:00:00,1072.3,1082.2,1072.0,1080.8,608.776
2021-08-09 23:00:00,1080.6,1089.7,1079.7,1083.8,766.174
2021-08-10 03:00:00,1084.0,1089.2,1081.2,1084.5,344.054
2021-08-10 07:00:00,1084.5,1085.2,1073.0,1077.2,483.175
2021-08-10 11:00:00,1077.2,1078.6,1062.0,1065.1,837.79
2021-08-10 15:00:00,1064.9,1064.9,1045.0,1056.3,1368.83
2021-08-10 19:00:00,1056.3,1066.1,1054.5,1055.6,756.374
2021-08-10 23:00:00,1055.6,1055.8,1045.3,1052.0,736.428
2021-08-11 03:00:00,1052.1,1053.1,1034.0,1039.2,1091.525
2021-08-11 07:00:00,1039.3,1041.4,1027.0,1032.0,2667.299
2021-08-11 11:00:00,1031.6,1035.2,1023.2,1026.5,2029.533
2021-08-11 15:00:00,1026.6,1029.2,1010.0,1017.3,3349.514
2021-08-11 19:00:00,1017.3,1023.4,1002.5,1007.5,1939.632
2021-08-11 23:00:00,1007.6,1023.2,1002.9,1017.0,2966.627
2021-08-12 03:00:00,1017.3,1019.0,998.6,1005.8,1720.045
2021-08-12 07:00:00,1005.8,1028.0,1005.1,1012.5,2530.303
2021-08-12 11:00:00,1012.5,1023.6,1011.5,1023.6,1176.527
2021-08-12 15:00:00,1023.5,1036.5,1014.9,1030.8,2159.553
2021-08-12 19:00:00,1030.8,1041.0,1020.8,1024.9,2169.582
2021-08-12 23:00:00,1024.9,1036.2,1020.1,1021.6,922.78
2021-08-13 03:00:00,1021.5,1024.1,1010.0,1011.3,1043.115
2021-08-13 07:00:00,1011.2,1014.9,1002.5,1004.5,1557.445
2021-08-13 11:00:00,1004.2,1007.0,999.8,1006.8,1799.046
2021-08-13 15:00:00,1006.8,1019.2,1003.1,1012.1,2284.707
2021-08-13 19:00:00,1012.1,1015.9,1008.0,1013.3,1413.596
2021-08-13 23:00:00,1013.6,1022.0,1002.1,1004.4,1443.841
2021-08-14 03:00:00,1004.1,1014.3,1001.6,1004.8,1150.208
2021-08-14 07:00:00,1004.7,1008.3,993.0,993.4,1857.578
2021-08-14 11:00:00,993.5,1003.6,989.6,990.4,2058.014
2021-08-14 15:00:00,990.4,997.5,982.0,983.3,1738.749
2021-08-14 19:00:00,983.4,990.3,980.4,987.3,983.702
2021-08-14 23:00:00,987.5,992.0,981.7,985.5,1200.857
2021-08-15 03:00:00,985.5,987.3,978.0,984.9,908.773
2021-08-15 07:00:00,984.9,990.9,978.6,986.0,1083.555
2021-08-15 11:00:00,986.0,988.9,981.4,982.9,1005.101
2021-08-15 15:00:00,982.9,989.5,981.3,986.6,793.638
2021-08-15 19:00:00,986.6,991.1,975.0,975.1,797.432
2021-08-15 23:00:00,975.0,975.2,964.0,964.0,1622.734
2021-08-16 03:00:00,964.1,983.0,959.4,982.5,1582.333
2021-08-16 07:00:00,982.5,982.5,966.3,966.5,1490.013
2021-08-16 11:00:00,966.5,972.0,961.5,964.2,2281.241
2021-08-16 15:00:00,964.2,972.9,958.6,958.8,3776.53
2021-08-16 19:00:00,959.1,972.0,957.1,970.7,2157.336
2021-08-16 23:00:00,971.0,981.0,966.2,977.2,2319.11
2021-08-17 03:00:00,977.6,985.7,964.4,967.7,1667.854
2021-08-17 07:00:00,967.6,976.1,965.4,968.7,1086.988
2021-08-17 11:00:00,968.9,970.8,963.8,965.7,1533.285
2021-08-17 15:00:00,965.7,971.0,960.0,969.4,1437.457
2021-08-17 19:00:00,969.3,979.0,965.7,978.3,1789.519
2021-08-17 23:00:00,978.5,1003.0,977.1,997.7,4832.395
2021-08-18 03:00:00,997.5,1020.8,993.0,1002.7,6076.263
2021-08-18 07:00:00,1002.6,1004.9,990.7,1002.0,2530.788
2021-08-18 11:00:00,1002.5,1012.3,999.6,1010.9,2968.053
2021-08-18 15:00:00,1011.0,1011.5,992.0,992.0,2091.272
2021-08-18 19:00:00,992.0,995.4,984.1,994.9,2030.245
2021-08-18 23:00:00,994.9,997.5,983.7,991.9,1461.206
2021-08-19 03:00:00,991.8,995.5,986.3,993.0,1391.152
2021-08-19 07:00:00,992.9,995.3,985.4,994.1,783.443
2021-08-19 11:00:00,994.2,997.3,987.5,994.6,834.137
2021-08-19 15:00:00,994.8,997.5,988.0,992.2,802.931
2021-08-19 19:00:00,992.2,993.9,981.1,982.9,873.625
2021-08-19 23:00:00,982.8,982.8,970.0,970.3,1203.929
2021-08-20 03:00:00,970.2,976.3,967.6,974.0,1103.292
2021-08-20 07:00:00,974.2,975.5,967.2,967.8,862.095
2021-08-20 11:00:00,967.7,973.7,967.1,968.5,927.607
2021-08-20 15:00:00,968.5,978.3,962.8,976.0,2844.769
2021-08-20 19:00:00,976.0,990.4,974.4,984.5,1656.194
2021-08-20 23:00:00,984.6,993.1,979.4,986.7,921.894
2021-08-21 03:00:00,986.7,994.6,975.2,976.3,930.375
2021-08-21 07:00:00,976.1,979.4,972.2,975.7,690.498
2021-08-21 11:00:00,975.7,987.4,972.5,983.9,1084.957
2021-08-21 15:00:00,983.9,993.3,980.0,989.5,1348.736
2021-08-21 19:00:00,989.5,1004.2,988.5,1003.6,1123.495
2021-08-21 23:00:00,1003.3,1005.0,995.3,1000.0,1418.026
2021-08-22 03:00:00,1000.0,1000.7,990.5,994.6,739.677
2021-08-22 07:00:00,994.8,997.9,983.7,985.9,698.495
2021-08-22 11:00:00,985.9,991.6,984.3,986.4,694.6
2021-08-22 15:00:00,986.3,1005.0,985.3,1001.1,1947.361
2021-08-22 19:00:00,1001.2,1009.7,995.1,1003.2,1353.889
2021-08-22 23:00:00,1003.0,1009.7,995.2,995.3,1121.62
2021-08-23 03:00:00,995.2,998.1,979.5,987.1,1262.877
2021-08-23 07:00:00,987.0,988.3,981.8,983.7,985.079
2021-08-23 11:00:00,983.5,984.3,974.9,982.0,890.515
2021-08-23 15:00:00,982.0,984.2,971.1,972.2,1665.033
2021-08-23 19:00:00,972.2,974.1,965.8,970.2,1736.926
2021-08-23 23:00:00,970.5,974.0,964.8,967.8,1040.921
2021-08-24 03:00:00,968.7,972.7,964.8,968.7,712.383
2021-08-24 07:00:00,968.5,972.0,966.7,968.0,618.673
2021-08-24 11:00:00,968.0,973.7,967.5,968.9,1407.811
2021-08-24 15:00:00,969.0,993.4,968.9,991.6,2319.311
2021-08-24 19:00:00,991.6,1008.6,987.2,987.6,2437.73
2021-08-24 23:00:00,987.5,995.2,982.5,993.3,1087.796
2021-08-25 03:00:00,993.4,998.9,987.0,995.9,1232.053
2021-08-25 07:00:00,995.9,997.9,987.2,990.6,1018.59
2021-08-25 11:00:00,990.7,1010.0,990.7,998.3,2892.548
2021-08-25 15:00:00,998.3,1004.2,991.8,993.0,1455.087
2021-08-25 19:00:00,993.2,995.4,989.4,995.2,653.799
2021-08-25 23:00:00,995.4,999.9,993.5,994.9,491.692
2021-08-26 03:00:00,994.6,1005.6,991.3,1001.9,1141.493
2021-08-26 07:00:00,1002.1,1006.0,994.4,999.1,1433.585
2021-08-26 11:00:00,999.2,1004.1,995.2,1002.5,1068.994
2021-08-26 15:00:00,1002.5,1009.7,989.1,999.9,3122.776
2021-08-26 19:00:00,999.8,1010.9,997.7,1005.8,2781.504
2021-08-26 23:00:00,1005.8,1008.0,997.8,1008.0,916.172
2021-08-27 03:00:00,1007.5,1014.7,1001.1,1005.1,2182.483
2021-08-27 07:00:00,1005.1,1009.7,999.0,1002.5,1207.611
2021-08-27 11:00:00,1002.2,1004.2,991.5,992.8,1305.328
2021-08-27 15:00:00,992.7,994.8,978.2,982.8,1922.935
2021-08-27 19:00:00,982.8,987.2,981.4,985.5,988.512
2021-08-27 23:00:00,985.4,989.2,981.8,981.8,1120.544
2021-08-28 03:00:00,982.2,990.0,980.7,988.8,890.518
2021-08-28 07:00:00,988.9,994.0,987.2,994.0,750.33
2021-08-28 11:00:00,994.0,995.3,985.8,992.8,1173.793
2021-08-28 15:00:00,992.7,992.9,986.5,989.4,894.776
2021-08-28 19:00:00,989.2,993.4,987.8,992.4,375.652
2021-08-28 23:00:00,992.4,992.4,988.3,990.1,213.156
2021-08-29 03:00:00,990.3,996.5,987.9,993.8,933.308
2021-08-29 07:00:00,993.8,996.9,990.5,990.6,578.649
2021-08-29 11:00:00,990.6,993.3,987.7,989.4,520.228
2021-08-29 15:00:00,989.3,993.6,987.0,993.2,483.409
2021-08-29 19:00:00,993.2,996.3,990.7,991.0,447.5
2021-08-29 23:00:00,991.1,996.4,989.5,993.9,348.115
2021-08-30 03:00:00,993.9,996.4,989.9,993.4,442.258
2021-08-30 07:00:00,993.5,995.2,987.8,988.1,503.596
2021-08-30 11:00:00,988.0,989.6,986.4,988.2,490.776
2021-08-30 15:00:00,988.1,995.1,985.8,987.3,916.876
2021-08-30 19:00:00,987.3,988.3,972.0,972.4,1327.567
2021-08-30 23:00:00,972.4,975.5,968.0,973.5,984.483
2021-08-31 03:00:00,973.4,978.9,968.9,970.3,1084.822
2021-08-31 07:00:00,970.3,972.0,954.0,957.7,1944.213
2021-08-31 11:00:00,957.7,961.4,943.6,945.9,2504.525
2021-08-31 15:00:00,945.9,950.4,940.0,940.0,2481.495
2021-08-31 19:00:00,940.3,947.7,934.5,935.3,1624.048
2021-08-31 23:00:00,935.3,942.4,931.3,932.8,1070.987
2021-09-01 03:00:00,932.7,942.5,930.9,933.6,1441.197
2021-09-01 07:00:00,933.8,936.3,917.4,918.1,2082.071
2021-09-01 11:00:00,918.3,924.8,918.0,922.5,1359.645
2021-09-01 15:00:00,922.5,924.0,905.0,907.0,1951.018
2021-09-01 19:00:00,907.5,917.4,901.1,902.9,3688.954
2021-09-01 23:00:00,902.8,904.8,893.0,894.2,2239.009
2021-09-02 03:00:00,894.5,913.6,894.3,906.4,2614.246
2021-09-02 07:00:00,906.3,920.4,903.6,910.3,4667.331
2021-09-02 11:00:00,910.1,926.7,910.0,912.2,3203.209
2021-09-02 15:00:00,912.2,915.7,905.7,910.9,2140.057
2021-09-02 19:00:00,911.0,913.3,900.0,901.6,1701.159
2021-09-02 23:00:00,901.5,904.1,898.0,898.8,1984.411
2021-09-03 03:00:00,898.5,903.0,894.6,897.1,2098.582
2021-09-03 07:00:00,897.2,900.7,894.2,894.6,1703.87
2021-09-03 11:00:00,894.6,896.8,880.6,889.4,3123.073
2021-09-03 15:00:00,888.9,900.0,887.1,888.8,3191.836
2021-09-03 19:00:00,888.9,893.2,886.8,891.8,1507.789
2021-09-03 23:00:00,891.8,893.8,882.5,883.2,1700.806
2021-09-04 03:00:00,883.5,890.0,879.7,889.0,2232.087
2021-09-04 07:00:00,888.9,893.2,887.9,889.0,1071.947
2021-09-04 11:00:00,889.1,890.4,883.1,890.1,2179.615
2021-09-04 15:00:00,890.1,890.9,880.3,883.3,1677.669
2021-09-04 19:00:00,883.4,899.3,883.1,897.8,2093.214
2021-09-04 23:00:00,897.9,898.7,887.4,890.6,999.542
2021-09-05 03:00:00,890.6,892.9,886.7,891.2,1203.589
2021-09-05 07:00:00,891.3,893.6,887.1,889.7,779.573
2021-09-05 11:00:00,889.5,890.3,883.6,886.8,1108.078
2021-09-05 15:00:00,886.8,888.0,881.0,886.0,1042.826
2021-09-05 19:00:00,886.0,888.5,882.8,887.7,882.366
2021-09-05 23:00:00,887.7,901.9,885.1,897.1,1496.834
2021-09-06 03:00:00,897.0,905.3,896.0,904.2,1336.687
2021-09-06 07:00:00,904.1,904.7,896.0,897.0,891.394
2021-09-06 11:00:00,897.2,901.0,890.3,899.0,2924.07
2021-09-06 15:00:00,899.1,909.6,893.3,897.9,5171.966
2021-09-06 19:00:00,898.3,900.8,892.5,895.1,1032.481
2021-09-06 23:00:00,895.1,914.9,894.0,912.1,1666.308
2021-09-07 03:00:00,912.6,920.3,905.2,915.4,2527.914
2021-09-07 07:00:00,915.2,924.2,907.0,921.8,2280.104
2021-09-07 11:00:00,921.8,945.7,921.8,933.0,7649.117
2021-09-07 15:00:00,933.1,992.5,925.2,942.7,11520.027
2021-09-07 19:00:00,943.2,967.3,920.4,959.0,6769.958
2021-09-07 23:00:00,959.2,965.5,941.0,944.2,3949.75
2021-09-08 03:00:00,944.2,953.8,930.0,944.8,3062.229
2021-09-08 07:00:00,944.9,975.5,935.0,975.2,6094.802
2021-09-08 11:00:00,975.0,976.5,948.6,953.6,6979.986
2021-09-08 15:00:00,953.6,956.8,938.1,940.7,3785.611
2021-09-08 19:00:00,940.6,944.0,919.4,924.2,2289.366
2021-09-08 23:00:00,924.2,937.5,919.0,925.5,2033.068
2021-09-09 03:00:00,925.5,934.1,917.1,930.7,2096.795
2021-09-09 07:00:00,930.4,931.2,917.9,920.0,1776.943
2021-09-09 11:00:00,920.1,923.4,909.3,921.5,3590.166
2021-09-09 15:00:00,921.7,936.8,915.8,926.4,3811.668
2021-09-09 19:00:00,926.4,941.6,919.7,937.4,1988.147
2021-09-09 23:00:00,937.7,939.9,928.7,937.0,882.27
2021-09-10 03:00:00,937.0,939.5,919.3,927.1,1110.566
2021-09-10 07:00:00,927.1,941.0,925.7,939.5,981.965
2021-09-10 11:00:00,939.7,950.2,936.3,945.7,2647.949
2021-09-10 15:00:00,945.7,975.0,942.3,954.6,5543.162
2021-09-10 19:00:00,954.7,964.0,952.6,955.2,1265.636
2021-09-10 23:00:00,955.3,970.0,950.6,960.7,1669.958
2021-09-11 03:00:00,960.7,963.7,944.8,961.1,2071.475
2021-09-11 07:00:00,961.0,964.0,953.5,956.6,1549.244
2021-09-11 11:00:00,956.5,961.9,941.4,943.6,1639.561
2021-09-11 15:00:00,943.5,943.7,932.0,936.5,3951.324
2021-09-11 19:00:00,936.5,941.2,934.9,938.5,1954.73
2021-09-11 23:00:00,938.6,951.2,936.6,944.8,3761.33
2021-09-12 03:00:00,944.9,951.8,938.8,938.8,1195.63
2021-09-12 07:00:00,938.8,944.1,938.6,939.6,865.962
2021-09-12 11:00:00,939.6,941.4,928.7,929.0,1466.477
2021-09-12 15:00:00,929.0,930.4,922.7,925.5,1629.744
2021-09-12 19:00:00,925.6,930.6,923.2,926.3,701.375
2021-09-12 23:00:00,926.5,939.0,925.6,932.3,1239.495
2021-09-13 03:00:00,932.5,955.0,930.7,953.4,1834.794
2021-09-13 07:00:00,953.5,969.4,944.1,966.7,2159.339
2021-09-13 11:00:00,966.5,974.1,959.0,959.5,2661.553
2021-09-13 15:00:00,959.4,969.2,949.5,961.0,5420.871
2021-09-13 19:00:00,961.0,962.1,953.1,953.3,1114.381
2021-09-13 23:00:00,953.3,956.3,948.7,952.1,1342.887
2021-09-14 03:00:00,952.3,959.1,947.7,955.4,1270.628
2021-09-14 07:00:00,955.2,963.5,953.3,962.4,1005.779
2021-09-14 11:00:00,962.2,966.3,953.2,965.2,1295.623
2021-09-14 15:00:00,964.9,978.4,963.9,966.7,3629.295
2021-09-14 19:00:00,966.4,976.1,964.4,973.0,936.033
2021-09-14 23:00:00,973.0,984.7,968.0,968.0,1342.823
2021-09-15 03:00:00,968.0,974.8,964.8,973.6,753.647
2021-09-15 07:00:00,973.4,974.9,967.1,967.2,942.949
2021-09-15 11:00:00,967.1,976.9,966.2,976.7,1058.02
2021-09-15 15:00:00,976.6,977.3,965.0,966.4,1795.818
2021-09-15 19:00:00,966.2,966.6,955.8,959.2,1479.469
2021-09-15 23:00:00,959.5,960.7,950.0,950.4,977.136
2021-09-16 03:00:00,950.3,959.7,949.3,957.3,1118.113
2021-09-16 07:00:00,957.5,958.0,942.0,950.4,1467.955
2021-09-16 11:00:00,950.3,954.6,947.6,948.9,790.787
2021-09-16 15:00:00,949.0,958.6,947.2,955.6,1187.669
2021-09-16 19:00:00,955.7,963.4,954.4,958.3,515.77
2021-09-16 23:00:00,958.0,968.6,956.5,960.0,1198.998
2021-09-17 03:00:00,960.0,968.1,955.0,963.4,977.469
2021-09-17 07:00:00,963.4,973.0,961.6,972.4,1127.655
2021-09-17 11:00:00,972.2,997.5,970.0,995.2,5732.593
2021-09-17 15:00:00,994.9,1002.6,982.2,988.0,3434.033
2021-09-17 19:00:00,988.0,997.5,985.5,990.2,1667.249
2021-09-17 23:00:00,990.3,999.1,989.4,991.9,1353.948
2021-09-18 03:00:00,991.9,998.6,988.8,992.5,2993.432
2021-09-18 07:00:00,992.2,996.1,987.9,992.1,1811.545
2021-09-18 11:00:00,991.9,992.2,982.2,988.4,1396.05
2021-09-18 15:00:00,988.4,992.5,985.5,990.8,918.238
2021-09-18 19:00:00,990.9,998.6,989.3,995.5,839.063
2021-09-18 23:00:00,995.5,1003.5,995.5,997.2,1031.949
2021-09-19 03:00:00,997.0,1002.0,991.9,996.0,817.626
2021-09-19 07:00:00,996.0,998.6,992.5,993.9,721.406
2021-09-19 11:00:00,993.9,1008.0,993.1,1006.0,3368.483
2021-09-19 15:00:00,1006.1,1006.6,996.6,999.2,1262.678
2021-09-19 19:00:00,999.2,1004.9,995.7,1002.9,770.306
2021-09-19 23:00:00,1003.2,1012.5,998.6,1007.1,1620.983
2021-09-20 03:00:00,1007.1,1028.8,1004.5,1020.4,4046.271
2021-09-20 07:00:00,1020.5,1034.0,1010.3,1028.7,5036.169
2021-09-20 11:00:00,1028.7,1045.3,1017.6,1035.5,7347.208
2021-09-20 15:00:00,1035.4,1048.0,1014.9,1018.3,8035.013
2021-09-20 19:00:00,1018.1,1036.9,1011.5,1028.6,4103.719
2021-09-20 23:00:00,1028.6,1039.0,1024.2,1034.1,2905.962
2021-09-21 03:00:00,1034.0,1042.6,1010.6,1017.6,4995.697
2021-09-21 07:00:00,1017.9,1025.4,1007.6,1009.2,2243.048
2021-09-21 11:00:00,1009.1,1016.6,1005.8,1009.3,1827.034
2021-09-21 15:00:00,1009.1,1018.0,1007.0,1012.6,2076.093
2021-09-21 19:00:00,1013.7,1041.2,1013.6,1036.3,3838.861
2021-09-21 23:00:00,1035.7,1052.3,1027.5,1044.3,5626.178
2021-09-22 03:00:00,1044.1,1051.9,1037.0,1041.9,2982.179
2021-09-22 07:00:00,1041.7,1048.7,1024.2,1024.7,3564.237
2021-09-22 11:00:00,1025.1,1030.7,1022.0,1029.2,2538.903
2021-09-22 15:00:00,1029.1,1030.5,1012.3,1015.1,3034.262
2021-09-22 19:00:00,1015.1,1016.4,1000.1,1005.3,3110.924
2021-09-22 23:00:00,1005.3,1007.5,993.7,993.7,2588.815
2021-09-23 03:00:00,993.7,1003.9,993.0,998.2,2844.271
2021-09-23 07:00:00,998.2,1002.1,994.7,994.7,1622.577
2021-09-23 11:00:00,994.7,1011.7,994.7,1011.0,2323.794
2021-09-23 15:00:00,1010.8,1012.5,997.0,1003.5,2299.322
2021-09-23 19:00:00,1003.2,1008.0,1000.5,1004.7,1319.888
2021-09-23 23:00:00,1004.5,1009.8,1002.0,1003.7,928.303
2021-09-24 03:00:00,1003.8,1013.3,1001.3,1013.3,1280.658
2021-09-24 07:00:00,1013.3,1021.5,1012.0,1020.9,1421.42
2021-09-24 11:00:00,1021.1,1054.5,1018.5,1027.5,6718.838
2021-09-24 15:00:00,1027.4,1037.7,1022.4,1027.3,2754.061
2021-09-24 19:00:00,1027.4,1028.4,1022.8,1026.4,1336.921
2021-09-24 23:00:00,1026.2,1027.5,1017.7,1026.4,1220.479
2021-09-25 03:00:00,1026.5,1027.1,1016.8,1019.5,1479.376
2021-09-25 07:00:00,1019.3,1025.2,1014.7,1023.7,1151.564
2021-09-25 11:00:00,1023.6,1034.6,1016.0,1021.5,2738.909
2021-09-25 15:00:00,1021.6,1033.0,1018.0,1023.2,1970.664
2021-09-25 19:00:00,1023.3,1032.6,1022.1,1027.3,1282.096
2021-09-25 23:00:00,1027.4,1033.4,1025.7,1029.7,1048.745
2021-09-26 03:00:00,1030.0,1048.1,1028.7,1042.1,2424.53
2021-09-26 07:00:00,1042.1,1057.2,1042.1,1055.4,3338.308
2021-09-26 11:00:00,1055.3,1064.3,1035.5,1036.2,5540.822
2021-09-26 15:00:00,1036.2,1036.2,1020.8,1020.8,1816.2
2021-09-26 19:00:00,1020.8,1024.5,1018.5,1021.5,1192.731
2021-09-26 23:00:00,1021.3,1031.0,1019.0,1025.0,1187.856
2021-09-27 03:00:00,1025.4,1030.3,1016.8,1022.4,1606.851
2021-09-27 07:00:00,1022.4,1027.4,1018.8,1024.3,1088.97
2021-09-27 11:00:00,1024.3,1025.0,1018.5,1022.7,1437.281
2021-09-27 15:00:00,1022.7,1026.1,1019.1,1023.5,1319.104
2021-09-27 19:00:00,1023.4,1037.7,1023.3,1035.2,1381.346
2021-09-27 23:00:00,1035.2,1040.4,1032.2,1036.3,1171.584
2021-09-28 03:00:00,1036.4,1041.8,1032.1,1035.9,1438.693
2021-09-28 07:00:00,1035.9,1038.8,1032.2,1036.3,1127.764
2021-09-28 11:00:00,1036.3,1036.5,1026.0,1029.0,1412.255
2021-09-28 15:00:00,1029.0,1042.5,1026.1,1041.9,1920.858
2021-09-28 19:00:00,1041.9,1054.9,1037.7,1047.9,2715.986
2021-09-28 23:00:00,1047.9,1049.4,1041.5,1045.0,928.304
2021-09-29 03:00:00,1044.9,1047.7,1040.7,1043.3,975.55
2021-09-29 07:00:00,1043.3,1043.6,1036.2,1038.4,615.928
2021-09-29 11:00:00,1038.5,1040.6,1028.2,1029.2,1101.22
2021-09-29 15:00:00,1028.9,1033.9,1020.7,1031.3,1892.842
2021-09-29 19:00:00,1031.3,1036.2,1029.2,1035.3,867.264
2021-09-29 23:00:00,1035.4,1039.7,1031.9,1031.9,638.438
2021-09-30 03:00:00,1031.9,1037.1,1027.7,1033.7,872.396
2021-09-30 07:00:00,1033.7,1039.1,1030.5,1037.1,803.715
2021-09-30 11:00:00,1037.1,1042.4,1035.2,1041.0,995.98
2021-09-30 15:00:00,1041.0,1041.2,1033.4,1035.1,729.487
2021-09-30 19:00:00,1035.0,1040.6,1031.0,1039.9,743.18
2021-09-30 23:00:00,1039.9,1042.0,1036.2,1039.8,628.277
2021-10-01 03:00:00,1039.8,1040.7,1031.0,1036.8,809.792
2021-10-01 07:00:00,1036.7,1039.1,1033.7,1035.8,617.903
2021-10-01 11:00:00,1035.8,1054.9,1028.7,1047.8,3952.033
2021-10-01 15:00:00,1047.9,1051.7,1043.2,1045.4,1757.499
2021-10-01 19:00:00,1045.6,1047.6,1036.6,1040.1,1709.649
2021-10-01 23:00:00,1040.0,1045.5,1038.3,1038.5,1056.217
2021-10-02 03:00:00,1038.6,1043.1,1032.0,1039.5,1791.073
2021-10-02 07:00:00,1039.5,1043.0,1038.5,1040.1,558.045
2021-10-02 11:00:00,1039.7,1041.5,1034.1,1034.6,909.094
2021-10-02 15:00:00,1034.7,1035.3,1009.8,1010.4,2524.302
2021-10-02 19:00:00,1010.6,1011.7,998.5,1000.3,2839.889
2021-10-02 23:00:00,1000.3,1016.8,998.5,1011.7,1941.836
2021-10-03 03:00:00,1011.7,1013.7,1005.6,1012.1,1452.236
2021-10-03 07:00:00,1012.1,1016.8,1010.5,1014.7,1224.731
2021-10-03 11:00:00,1014.8,1018.0,1010.8,1011.1,996.82
2021-10-03 15:00:00,1011.4,1012.9,1002.3,1010.3,1769.648
2021-10-03 19:00:00,1010.2,1019.2,1006.7,1011.8,1915.106
2021-10-03 23:00:00,1011.7,1016.9,1010.5,1013.5,798.212
2021-10-04 03:00:00,1013.5,1028.0,1013.1,1027.6,1333.858
2021-10-04 07:00:00,1027.8,1032.4,1024.0,1024.2,1203.186
2021-10-04 11:00:00,1024.6,1036.9,1024.1,1034.8,1565.286
2021-10-04 15:00:00,1034.8,1037.4,1018.9,1033.0,2915.216
2021-10-04 19:00:00,1033.0,1044.5,1031.5,1043.4,2371.766
2021-10-04 23:00:00,1043.5,1047.4,1039.1,1046.7,1300.836
2021-10-05 03:00:00,1046.7,1050.6,1041.7,1043.4,1794.238
2021-10-05 07:00:00,1043.4,1047.7,1042.4,1045.2,409.056
2021-10-05 11:00:00,1045.3,1052.3,1040.6,1040.7,1364.505
2021-10-05 15:00:00,1040.7,1049.3,1039.8,1048.2,1298.995
2021-10-05 19:00:00,1048.0,1062.6,1046.1,1061.0,1393.545
2021-10-05 23:00:00,1061.0,1065.2,1055.5,1059.4,1654.105
2021-10-06 03:00:00,1059.4,1073.7,1053.9,1073.4,1428.874
2021-10-06 07:00:00,1073.6,1087.7,1072.0,1085.4,5304.537
2021-10-06 11:00:00,1085.4,1106.5,1084.1,1106.5,6974.611
2021-10-06 15:00:00,1106.3,1141.2,1101.5,1113.7,10257.342
2021-10-06 19:00:00,1113.9,1121.3,1107.7,1121.3,1608.799
2021-10-06 23:00:00,1121.3,1138.5,1121.3,1134.9,2255.55
2021-10-07 03:00:00,1134.9,1148.4,1132.8,1146.3,3698.123
2021-10-07 07:00:00,1146.2,1146.7,1110.6,1111.0,3199.672
2021-10-07 11:00:00,1110.8,1111.4,1097.9,1102.0,3033.513
2021-10-07 15:00:00,1101.8,1107.3,1095.8,1098.5,2488.213
2021-10-07 19:00:00,1098.4,1103.1,1096.9,1098.1,985.103
2021-10-07 23:00:00,1098.0,1106.0,1094.7,1098.6,1274.375
2021-10-08 03:00:00,1098.6,1110.7,1097.7,1106.5,961.02
2021-10-08 07:00:00,1106.6,1114.4,1105.6,1113.8,830.081
2021-10-08 11:00:00,1113.9,1129.0,1112.8,1120.5,2747.322
2021-10-08 15:00:00,1120.5,1122.0,1099.6,1101.5,1500.868
2021-10-08 19:00:00,1101.4,1108.2,1098.5,1108.2,600.689
2021-10-08 23:00:00,1108.3,1116.1,1106.5,1113.5,833.842
2021-10-09 03:00:00,1113.4,1119.3,1110.9,1117.2,852.787
2021-10-09 07:00:00,1117.0,1121.7,1115.0,1117.5,799.089
2021-10-09 11:00:00,1117.9,1122.2,1110.7,1113.0,1108.632
2021-10-09 15:00:00,1113.0,1119.0,1109.2,1110.3,534.458
2021-10-09 19:00:00,1110.3,1112.5,1104.8,1108.6,709.995
2021-10-09 23:00:00,1109.0,1116.8,1108.0,1115.1,230.969
2021-10-10 03:00:00,1115.0,1133.7,1114.0,1127.6,1606.989
2021-10-10 07:00:00,1127.5,1136.0,1119.5,1127.2,1674.669
2021-10-10 11:00:00,1127.3,1129.5,1118.2,1123.5,649.228
2021-10-10 15:00:00,1123.5,1132.3,1123.2,1131.1,844.971
2021-10-10 19:00:00,1130.9,1145.0,1129.7,1144.5,1816.76
2021-10-10 23:00:00,1144.7,1162.9,1143.2,1162.9,4373.692
2021-10-11 03:00:00,1162.6,1178.3,1159.7,1171.6,4012.528
2021-10-11 07:00:00,1171.5,1179.8,1161.8,1163.3,4476.936
2021-10-11 11:00:00,1163.3,1168.8,1144.2,1167.3,5039.771
2021-10-11 15:00:00,1167.2,1189.6,1162.0,1184.9,7271.329
2021-10-11 19:00:00,1184.8,1212.0,1180.5,1210.8,4517.223
2021-10-11 23:00:00,1210.6,1218.7,1198.2,1202.0,4817.544
2021-10-12 03:00:00,1202.0,1221.7,1201.0,1211.3,3235.814
2021-10-12 07:00:00,1211.1,1229.0,1205.1,1226.1,4806.171
2021-10-12 11:00:00,1226.0,1243.7,1218.2,1235.5,7795.121
2021-10-12 15:00:00,1235.5,1250.0,1186.7,1189.2,15417.501
2021-10-12 19:00:00,1189.2,1193.3,1171.6,1176.8,5294.941
2021-10-12 23:00:00,1176.8,1188.4,1162.3,1175.7,3392.841
2021-10-13 03:00:00,1175.7,1180.2,1169.1,1177.5,2309.004
2021-10-13 07:00:00,1177.5,1183.2,1160.1,1170.7,5662.444
2021-10-13 11:00:00,1170.6,1170.7,1158.3,1163.1,2490.871
2021-10-13 15:00:00,1163.1,1186.6,1158.0,1180.3,4249.95
2021-10-13 19:00:00,1180.4,1197.5,1176.8,1186.2,2897.821
2021-10-13 23:00:00,1186.3,1188.6,1165.0,1167.6,2496.911
2021-10-14 03:00:00,1167.3,1186.9,1164.5,1172.6,2354.927
2021-10-14 07:00:00,1172.6,1173.6,1160.8,1161.5,1104.185
2021-10-14 11:00:00,1161.5,1163.7,1137.0,1139.4,2850.78
2021-10-14 15:00:00,1139.4,1143.1,1127.2,1130.5,2794.891
2021-10-14 19:00:00,1130.5,1148.8,1126.9,1144.4,2107.706
2021-10-14 23:00:00,1144.7,1146.4,1132.7,1135.7,979.243
2021-10-15 03:00:00,1135.7,1170.7,1134.5,1170.3,3445.485
2021-10-15 07:00:00,1170.1,1178.2,1158.0,1164.0,2585.496
2021-10-15 11:00:00,1164.0,1183.7,1163.9,1181.4,3605.203
2021-10-15 15:00:00,1181.4,1187.7,1173.4,1183.6,2719.463
2021-10-15 19:00:00,1183.4,1202.8,1181.1,1188.4,4122.863
2021-10-15 23:00:00,1188.4,1206.6,1180.5,1189.6,2323.384
2021-10-16 03:00:00,1189.6,1194.7,1183.1,1194.1,921.264
2021-10-16 07:00:00,1194.1,1203.2,1191.1,1193.9,1327.173
2021-10-16 11:00:00,1193.9,1195.9,1168.3,1168.9,1906.266
2021-10-16 15:00:00,1168.9,1179.5,1166.2,1171.9,1993.076
2021-10-16 19:00:00,1172.0,1188.4,1165.1,1185.3,1161.441
2021-10-16 23:00:00,1185.3,1191.9,1184.3,1188.3,555.674
2021-10-17 03:00:00,1188.3,1193.1,1184.9,1184.9,551.777
2021-10-17 07:00:00,1185.0,1185.4,1170.9,1172.8,667.269
2021-10-17 11:00:00,1172.8,1185.2,1171.0,1184.9,688.575
2021-10-17 15:00:00,1184.9,1200.9,1183.0,1199.9,1398.605
2021-10-17 19:00:00,1199.9,1205.3,1193.2,1202.3,1487.445
2021-10-17 23:00:00,1202.3,1213.6,1199.0,1203.4,3316.288
2021-10-18 03:00:00,1203.4,1219.6,1198.8,1214.4,1379.137
2021-10-18 07:00:00,1214.4,1218.5,1208.5,1210.9,911.164
2021-10-18 11:00:00,1210.8,1216.0,1203.3,1210.0,1731.923
2021-10-18 15:00:00,1209.9,1229.5,1204.7,1226.8,2662.846
2021-10-18 19:00:00,1226.8,1233.2,1219.1,1220.7,1742.638
2021-10-18 23:00:00,1220.6,1233.2,1215.5,1230.8,1094.804
2021-10-19 03:00:00,1230.7,1233.3,1209.5,1219.5,1871.96
2021-10-19 07:00:00,1219.5,1225.1,1216.6,1220.0,762.065
2021-10-19 11:00:00,1220.0,1227.1,1218.1,1222.7,840.568
2021-10-19 15:00:00,1222.7,1237.8,1221.6,1237.5,1526.313
2021-10-19 19:00:00,1237.5,1272.5,1234.8,1269.8,2621.312
2021-10-19 23:00:00,1269.8,1271.4,1246.7,1253.5,2159.984
2021-10-20 03:00:00,1253.6,1254.6,1245.7,1251.8,1249.626
2021-10-20 07:00:00,1251.9,1266.8,1246.4,1251.0,1540.431
2021-10-20 11:00:00,1251.0,1254.3,1235.9,1241.5,1429.675
2021-10-20 15:00:00,1241.5,1256.4,1231.1,1244.2,3668.06
2021-10-20 19:00:00,1243.7,1245.0,1221.1,1225.6,2689.779
2021-10-20 23:00:00,1225.6,1226.5,1209.5,1212.0,1607.345
2021-10-21 03:00:00,1211.9,1211.9,1179.0,1189.7,4836.29
2021-10-21 07:00:00,1189.7,1196.7,1180.3,1193.0,2142.212
2021-10-21 11:00:00,1193.0,1201.8,1159.5,1181.2,8159.686
2021-10-21 15:00:00,1181.6,1192.3,1174.4,1177.2,4438.382
2021-10-21 19:00:00,1178.4,1187.0,1176.0,1180.8,1551.661
2021-10-21 23:00:00,1180.8,1183.6,1169.9,1172.6,587.24
2021-10-22 03:00:00,1172.7,1175.0,1161.2,1163.0,1231.38
2021-10-22 07:00:00,1163.0,1164.1,1152.8,1163.3,1418.603
2021-10-22 11:00:00,1163.3,1167.1,1160.1,1162.0,1254.231
2021-10-22 15:00:00,1162.0,1168.2,1143.2,1148.5,3205.699
2021-10-22 19:00:00,1148.6,1157.0,1147.4,1153.4,1494.911
2021-10-22 23:00:00,1153.5,1153.5,1147.2,1149.7,787.448
2021-10-23 03:00:00,1149.8,1155.5,1145.0,1146.4,1356.883
2021-10-23 07:00:00,1146.4,1148.7,1141.4,1143.2,757.554
2021-10-23 11:00:00,1143.2,1151.4,1140.1,1149.5,1331.175
2021-10-23 15:00:00,1149.2,1152.2,1138.4,1141.4,2145.761
2021-10-23 19:00:00,1141.4,1141.6,1132.0,1138.5,1200.82
2021-10-23 23:00:00,1138.5,1140.5,1125.1,1126.8,762.835
2021-10-24 03:00:00,1126.8,1131.4,1125.1,1131.3,838.469
2021-10-24 07:00:00,1131.2,1136.1,1127.3,1131.0,950.593
2021-10-24 11:00:00,1130.9,1136.0,1127.2,1134.8,2627.648
2021-10-24 15:00:00,1134.7,1143.1,1132.1,1140.3,1850.049
2021-10-24 19:00:00,1140.3,1148.9,1139.0,1145.6,1662.797
2021-10-24 23:00:00,1145.4,1153.0,1134.8,1135.3,1527.717
2021-10-25 03:00:00,1135.3,1145.7,1134.3,1145.3,1356.464
2021-10-25 07:00:00,1145.3,1149.6,1137.2,1148.9,1525.068
2021-10-25 11:00:00,1148.9,1158.6,1148.2,1154.6,1702.446
2021-10-25 15:00:00,1154.8,1161.0,1148.6,1149.8,957.879
2021-10-25 19:00:00,1149.9,1151.6,1145.0,1145.0,1144.154
2021-10-25 23:00:00,1145.0,1147.2,1140.0,1142.8,757.494
2021-10-26 03:00:00,1142.8,1143.7,1130.2,1133.6,756.997
2021-10-26 07:00:00,1133.6,1134.0,1129.8,1131.4,668.676
2021-10-26 11:00:00,1131.4,1136.3,1131.4,1132.4,817.472
2021-10-26 15:00:00,1132.4,1139.1,1128.2,1135.2,1834.46
2021-10-26 19:00:00,1135.1,1136.4,1119.0,1121.2,2048.932
2021-10-26 23:00:00,1121.3,1121.5,1100.3,1111.7,3515.316
2021-10-27 03:00:00,1111.8,1113.9,1100.8,1103.8,1388.947
2021-10-27 07:00:00,1103.7,1116.8,1091.0,1116.8,2324.015
2021-10-27 11:00:00,1116.1,1158.3,1115.1,1137.7,7963.227
2021-10-27 15:00:00,1138.4,1147.2,1135.0,1141.2,2458.618
2021-10-27 19:00:00,1141.2,1148.7,1138.1,1146.8,2162.629
2021-10-27 23:00:00,1146.7,1155.5,1139.7,1154.5,2215.51
2021-10-28 03:00:00,1154.4,1157.0,1145.5,1145.8,1921.177
2021-10-28 07:00:00,1145.9,1148.1,1127.3,1129.1,2150.894
2021-10-28 11:00:00,1129.1,1140.6,1120.9,1136.4,2304.806
2021-10-28 15:00:00,1136.4,1140.8,1131.4,1134.5,875.616
2021-10-28 19:00:00,1134.5,1134.6,1097.9,1120.4,2861.342
2021-10-28 23:00:00,1120.4,1133.7,1108.7,1109.3,1723.713
2021-10-29 03:00:00,1109.3,1110.7,1099.9,1105.8,1763.872
2021-10-29 07:00:00,1105.8,1110.0,1102.4,1103.3,1222.165
2021-10-29 11:00:00,1103.3,1109.9,1101.2,1107.6,1331.383
2021-10-29 15:00:00,1107.6,1113.4,1102.7,1108.6,1165.857
2021-10-29 19:00:00,1108.4,1117.9,1107.6,1112.3,1664.308
2021-10-29 23:00:00,1112.3,1113.0,1105.6,1106.7,569.171
2021-10-30 03:00:00,1106.6,1117.0,1105.6,1114.6,1169.969
2021-10-30 07:00:00,1114.5,1114.6,1103.2,1105.2,820.68
2021-10-30 11:00:00,1105.2,1113.4,1103.6,1111.0,1126.282
2021-10-30 15:00:00,1111.0,1124.9,1108.6,1119.8,1462.243
2021-10-30 19:00:00,1119.9,1123.7,1114.8,1115.9,1322.276
2021-10-30 23:00:00,1116.0,1132.2,1115.6,1124.5,1469.7
2021-10-31 03:00:00,1124.5,1129.9,1110.9,1112.7,1282.017
2021-10-31 07:00:00,1112.7,1113.5,1101.0,1111.5,1819.112
2021-10-31 11:00:00,1111.6,1126.6,1111.2,1124.6,2584.88
2021-10-31 15:00:00,1124.6,1129.3,1118.5,1119.0,1117.069
2021-10-31 19:00:00,1119.2,1120.7,1112.4,1115.2,1434.128
2021-10-31 23:00:00,1115.1,1115.5,1108.4,1110.5,675.737
2021-11-01 03:00:00,1110.6,1114.3,1100.0,1111.0,1230.276
2021-11-01 07:00:00,1110.8,1123.4,1106.9,1120.4,1666.278
2021-11-01 11:00:00,1120.5,1122.5,1111.2,1114.0,742.316
2021-11-01 15:00:00,1114.2,1114.3,1098.0,1100.1,1066.178
2021-11-01 19:00:00,1100.1,1102.5,1089.3,1093.9,891.426
2021-11-01 23:00:00,1093.9,1095.6,1085.4,1089.7,760.825
2021-11-02 03:00:00,1089.8,1099.7,1089.4,1092.1,710.867
2021-11-02 07:00:00,1092.1,1110.2,1092.1,1099.7,1233.514
2021-11-02 11:00:00,1099.6,1113.2,1097.5,1107.4,1803.713
2021-11-02 15:00:00,1107.4,1109.6,1100.8,1107.8,830.287
2021-11-02 19:00:00,1107.8,1109.8,1094.9,1096.6,1078.251
2021-11-02 23:00:00,1096.8,1096.8,1074.6,1080.0,1972.379
2021-11-03 03:00:00,1080.0,1085.7,1072.7,1079.4,1485.868
2021-11-03 07:00:00,1079.4,1079.7,1066.4,1067.8,1720.678
2021-11-03 11:00:00,1068.0,1071.7,1062.9,1068.1,830.121
2021-11-03 15:00:00,1068.1,1082.2,1065.5,1065.5,1767.411
2021-11-03 19:00:00,1065.5,1072.0,1050.0,1056.6,2641.494
2021-11-03 23:00:00,1056.7,1060.8,1053.8,1056.7,833.517
2021-11-04 03:00:00,1056.8,1063.9,1050.0,1056.7,2007.599
2021-11-04 07:00:00,1056.7,1062.4,1055.1,1060.6,1191.801
2021-11-04 11:00:00,1060.9,1061.4,1051.6,1052.7,1371.789
2021-11-04 15:00:00,1052.5,1059.5,1048.5,1056.1,1834.307
2021-11-04 19:00:00,1056.2,1061.5,1053.1,1053.2,1085.386
2021-11-04 23:00:00,1053.1,1055.4,1046.4,1047.5,1113.294
2021-11-05 03:00:00,1047.5,1060.8,1047.5,1058.9,1093.735
2021-11-05 07:00:00,1058.9,1062.7,1054.1,1058.0,2628.774
2021-11-05 11:00:00,1058.0,1059.0,1049.0,1050.0,2715.14
2021-11-05 15:00:00,1049.7,1054.6,1043.8,1049.0,2185.823
2021-11-05 19:00:00,1049.0,1049.1,1041.1,1046.7,854.506
2021-11-05 23:00:00,1046.7,1054.6,1045.9,1045.9,861.699
2021-11-06 03:00:00,1046.5,1051.6,1041.5,1043.6,843.916
2021-11-06 07:00:00,1043.6,1046.4,1040.5,1040.8,833.673
2021-11-06 11:00:00,1040.6,1062.9,1040.1,1058.1,2727.822
2021-11-06 15:00:00,1058.0,1064.8,1050.0,1050.9,2902.268
2021-11-06 19:00:00,1050.9,1054.3,1043.2,1043.2,924.724
2021-11-06 23:00:00,1043.2,1044.5,1037.9,1040.0,939.954
2021-11-07 03:00:00,1040.0,1049.2,1036.1,1045.9,2229.495
2021-11-07 07:00:00,1045.9,1047.4,1038.7,1041.0,924.111
2021-11-07 11:00:00,1041.0,1041.0,1031.4,1032.4,1797.369
2021-11-07 15:00:00,1032.1,1034.9,1023.1,1029.7,1488.638
2021-11-07 19:00:00,1029.7,1040.6,1029.2,1037.7,1248.053
2021-11-07 23:00:00,1037.8,1053.1,1037.7,1052.9,1619.089
2021-11-08 03:00:00,1053.0,1077.8,1052.9,1067.9,4838.603
2021-11-08 07:00:00,1068.0,1080.0,1064.8,1077.1,2529.646
2021-11-08 11:00:00,1077.1,1084.2,1071.0,1075.4,1830.211
2021-11-08 15:00:00,1075.4,1077.3,1068.2,1076.7,1718.642
2021-11-08 19:00:00,1076.4,1077.6,1059.5,1067.0,1545.738
2021-11-08 23:00:00,1067.0,1086.6,1065.0,1081.6,1502.27
2021-11-09 03:00:00,1081.7,1095.0,1079.3,1094.3,2229.652
2021-11-09 07:00:00,1094.3,1095.0,1083.0,1086.9,1494.989
2021-11-09 11:00:00,1087.0,1088.0,1076.3,1084.1,1547.201
2021-11-09 15:00:00,1084.1,1086.5,1069.4,1071.2,1843.911
2021-11-09 19:00:00,1071.2,1078.9,1069.6,1077.5,1284.64
2021-11-09 23:00:00,1077.5,1085.7,1077.5,1082.7,877.154
2021-11-10 03:00:00,1082.8,1089.9,1081.2,1089.5,1042.626
2021-11-10 07:00:00,1089.5,1090.5,1074.8,1077.2,728.389
2021-11-10 11:00:00,1077.3,1081.7,1072.2,1073.0,1432.714
2021-11-10 15:00:00,1073.0,1085.7,1072.4,1080.9,2046.064
2021-11-10 19:00:00,1080.9,1088.8,1079.7,1088.8,1201.401
2021-11-10 23:00:00,1088.6,1113.0,1086.3,1087.7,5322.534
2021-11-11 03:00:00,1087.6,1093.8,1078.6,1079.3,1926.984
2021-11-11 07:00:00,1079.4,1081.3,1068.3,1071.7,1229.026
2021-11-11 11:00:00,1071.6,1073.9,1067.5,1070.8,1272.249
2021-11-11 15:00:00,1070.6,1075.0,1068.2,1070.0,1510.294
2021-11-11 19:00:00,1070.1,1072.1,1063.6,1066.5,1210.145
2021-11-11 23:00:00,1066.5,1072.3,1065.4,1068.5,1230.007
2021-11-12 03:00:00,1068.5,1071.5,1063.0,1064.6,806.879
2021-11-12 07:00:00,1064.6,1076.5,1063.9,1076.3,625.686
2021-11-12 11:00:00,1076.2,1086.8,1073.5,1084.4,2566.416
2021-11-12 15:00:00,1084.4,1087.5,1077.4,1080.3,1529.384
2021-11-12 19:00:00,1080.4,1082.0,1072.7,1077.9,1148.46
2021-11-12 23:00:00,1078.0,1079.2,1073.5,1075.4,910.89
2021-11-13 03:00:00,1075.4,1081.3,1072.2,1077.7,1246.951
2021-11-13 07:00:00,1077.7,1082.3,1074.0,1076.3,1060.622
2021-11-13 11:00:00,1076.4,1080.3,1075.5,1075.9,973.726
2021-11-13 15:00:00,1075.9,1078.6,1072.6,1075.5,1175.317
2021-11-13 19:00:00,1075.6,1077.2,1067.1,1067.7,1116.41
2021-11-13 23:00:00,1067.6,1074.6,1066.9,1073.1,835.537
2021-11-14 03:00:00,1073.1,1081.2,1072.8,1080.8,648.354
2021-11-14 07:00:00,1080.9,1089.7,1079.2,1088.2,1328.956
2021-11-14 11:00:00,1088.2,1090.0,1079.4,1080.0,598.346
2021-11-14 15:00:00,1080.0,1082.6,1077.9,1079.7,1392.221
2021-11-14 19:00:00,1079.8,1090.4,1079.7,1085.8,1705.773
2021-11-14 23:00:00,1085.9,1095.0,1079.5,1090.9,3192.038
2021-11-15 03:00:00,1091.0,1094.3,1083.0,1084.0,1313.999
2021-11-15 07:00:00,1083.9,1084.4,1080.9,1082.3,564.496
2021-11-15 11:00:00,1082.4,1088.1,1078.1,1080.5,1549.857
2021-11-15 15:00:00,1080.5,1081.8,1073.3,1073.3,1292.125
2021-11-15 19:00:00,1073.3,1080.0,1072.0,1079.2,813.888
2021-11-15 23:00:00,1079.2,1084.3,1079.2,1080.0,568.431
2021-11-16 03:00:00,1080.1,1098.7,1076.9,1090.5,5073.86
2021-11-16 07:00:00,1090.4,1094.3,1083.7,1088.7,3188.075
2021-11-16 11:00:00,1088.7,1114.0,1085.9,1097.8,6164.571
2021-11-16 15:00:00,1097.7,1109.0,1091.4,1099.0,2956.336
2021-11-16 19:00:00,1099.0,1099.7,1091.4,1096.5,2123.568
2021-11-16 23:00:00,1096.5,1106.0,1095.1,1105.7,2068.742
2021-11-17 03:00:00,1105.8,1116.3,1101.6,1112.5,2094.938
2021-11-17 07:00:00,1112.5,1118.2,1110.2,1111.3,1648.247
2021-11-17 11:00:00,1111.4,1117.3,1106.6,1109.4,2377.918
2021-11-17 15:00:00,1109.3,1116.1,1101.0,1110.5,1730.049
2021-11-17 19:00:00,1110.5,1113.9,1106.6,1107.0,1096.35
2021-11-17 23:00:00,1107.0,1111.4,1099.3,1099.4,942.569
2021-11-18 03:00:00,1099.4,1101.0,1089.8,1090.9,1029.708
2021-11-18 07:00:00,1091.0,1105.4,1090.9,1103.5,849.906
2021-11-18 11:00:00,1103.6,1111.0,1101.8,1110.2,839.268
2021-11-18 15:00:00,1110.2,1126.7,1107.5,1124.0,3289.163
2021-11-18 19:00:00,1124.0,1135.6,1111.0,1116.5,3506.402
2021-11-18 23:00:00,1116.5,1124.3,1115.4,1117.6,1293.582
2021-11-19 03:00:00,1117.5,1121.5,1101.5,1102.3,1796.666
2021-11-19 07:00:00,1102.3,1103.4,1081.3,1087.3,2815.131
2021-11-19 11:00:00,1087.3,1087.3,1075.2,1081.0,2850.598
2021-11-19 15:00:00,1081.0,1081.8,1070.0,1071.8,2666.569
2021-11-19 19:00:00,1072.0,1073.8,1062.3,1063.1,1563.791
2021-11-19 23:00:00,1063.1,1067.2,1059.7,1065.2,1259.509
2021-11-20 03:00:00,1065.3,1073.8,1061.7,1073.2,1795.695
2021-11-20 07:00:00,1073.2,1074.6,1069.8,1070.7,1507.971
2021-11-20 11:00:00,1070.8,1072.0,1063.0,1064.3,1029.124
2021-11-20 15:00:00,1064.3,1077.0,1062.5,1076.7,1104.046
2021-11-20 19:00:00,1076.7,1077.6,1070.0,1071.4,1268.156
2021-11-20 23:00:00,1071.4,1071.6,1066.8,1068.5,543.876
2021-11-21 03:00:00,1068.5,1074.6,1068.5,1070.5,987.653
2021-11-21 07:00:00,1070.5,1073.1,1068.4,1073.0,628.722
2021-11-21 11:00:00,1073.0,1078.8,1070.9,1074.7,722.632
2021-11-21 15:00:00,1074.7,1079.6,1071.8,1073.0,746.241
2021-11-21 19:00:00,1073.1,1077.7,1072.2,1074.9,489.763
2021-11-21 23:00:00,1074.9,1076.7,1068.0,1075.5,653.78
2021-11-22 03:00:00,1075.5,1085.9,1074.8,1081.8,1605.104
2021-11-22 07:00:00,1081.8,1083.2,1075.9,1076.5,908.087
2021-11-22 11:00:00,1076.6,1078.2,1071.4,1074.5,901.824
2021-11-22 15:00:00,1074.5,1085.4,1073.0,1081.2,1691.462
2021-11-22 19:00:00,1081.2,1081.7,1071.5,1079.2,1095.005
2021-11-22 23:00:00,1079.3,1081.7,1075.4,1076.8,912.142
2021-11-23 03:00:00,1076.7,1079.5,1072.2,1072.2,1102.861
2021-11-23 07:00:00,1072.2,1073.8,1068.8,1071.2,647.227
2021-11-23 11:00:00,1071.3,1078.3,1065.3,1067.1,1671.892
2021-11-23 15:00:00,1067.1,1072.0,1049.9,1050.2,2196.611
2021-11-23 19:00:00,1050.2,1053.7,1047.5,1051.6,949.922
2021-11-23 23:00:00,1051.6,1054.3,1047.7,1051.5,767.579
2021-11-24 03:00:00,1051.5,1056.0,1047.1,1055.2,1519.346
2021-11-24 07:00:00,1055.0,1058.3,1050.8,1051.2,1241.775
2021-11-24 11:00:00,1051.3,1059.6,1050.3,1052.4,2428.206
2021-11-24 15:00:00,1052.4,1071.0,1051.0,1064.3,2446.291
2021-11-24 19:00:00,1064.4,1085.1,1063.9,1084.2,1928.166
2021-11-24 23:00:00,1084.2,1087.0,1072.3,1072.5,1221.118
2021-11-25 03:00:00,1072.6,1079.4,1066.7,1067.5,1247.551
2021-11-25 07:00:00,1067.6,1075.9,1065.3,1075.8,632.291
2021-11-25 11:00:00,1075.7,1080.7,1059.0,1059.8,3267.779
2021-11-25 15:00:00,1059.7,1059.7,1050.4,1056.2,1672.627
2021-11-25 19:00:00,1056.3,1058.7,1050.5,1053.5,1413.772
2021-11-25 23:00:00,1053.6,1058.1,1053.0,1055.1,573.636
2021-11-26 03:00:00,1055.1,1058.3,1050.0,1056.5,1505.006
2021-11-26 07:00:00,1056.6,1066.6,1053.3,1062.8,1117.237
2021-11-26 11:00:00,1062.7,1104.5,1062.1,1089.9,7635.385
2021-11-26 15:00:00,1089.9,1099.0,1069.3,1074.5,2932.126
2021-11-26 19:00:00,1074.5,1079.0,1066.7,1067.9,1376.31
2021-11-26 23:00:00,1067.9,1072.2,1060.9,1067.2,2407.262
2021-11-27 03:00:00,1067.2,1069.3,1059.5,1061.0,2194.573
2021-11-27 07:00:00,1061.0,1066.9,1058.5,1063.2,1170.511
2021-11-27 11:00:00,1063.2,1066.5,1061.0,1065.6,993.897
2021-11-27 15:00:00,1065.5,1067.0,1062.8,1066.6,822.691
2021-11-27 19:00:00,1066.6,1069.5,1062.8,1069.5,616.11
2021-11-27 23:00:00,1069.5,1078.0,1068.1,1075.2,1585.942
2021-11-28 03:00:00,1075.0,1095.7,1074.8,1093.4,2243.132
2021-11-28 07:00:00,1093.4,1095.0,1084.3,1084.9,1876.297
2021-11-28 11:00:00,1084.9,1091.0,1076.4,1078.2,2757.416
2021-11-28 15:00:00,1078.1,1085.1,1076.1,1082.3,1777.795
2021-11-28 19:00:00,1082.3,1097.9,1081.0,1088.2,3901.799
2021-11-28 23:00:00,1088.3,1089.9,1075.9,1086.2,2155.649
2021-11-29 03:00:00,1086.4,1091.4,1083.6,1087.9,1136.133
2021-11-29 07:00:00,1087.9,1088.1,1075.6,1077.5,1095.101
2021-11-29 11:00:00,1077.5,1084.9,1077.0,1080.5,1182.069
2021-11-29 15:00:00,1080.6,1081.0,1068.0,1072.9,1244.537
2021-11-29 19:00:00,1072.8,1080.5,1064.5,1079.1,1637.546
2021-11-29 23:00:00,1079.2,1079.2,1065.5,1065.8,617.757
2021-11-30 03:00:00,1065.9,1066.0,1051.0,1055.7,2156.323
2021-11-30 07:00:00,1055.6,1059.2,1052.3,1055.7,1673.341
2021-11-30 11:00:00,1055.6,1060.6,1042.8,1043.3,1508.936
2021-11-30 15:00:00,1043.3,1046.8,1030.0,1031.8,3031.735
2021-11-30 19:00:00,1031.7,1036.7,1027.8,1030.1,1980.553
2021-11-30 23:00:00,1030.1,1031.8,1024.9,1027.6,1291.655
2021-12-01 03:00:00,1027.5,1028.8,1010.0,1012.6,1884.04
2021-12-01 07:00:00,1012.6,1014.0,1003.7,1003.8,1780.605
2021-12-01 11:00:00,1003.8,1016.4,1003.8,1016.1,3434.17
2021-12-01 15:00:00,1015.9,1028.7,1011.7,1028.3,2428.968
2021-12-01 19:00:00,1028.2,1033.8,1021.2,1022.3,2117.058
2021-12-01 23:00:00,1022.4,1037.2,1022.0,1030.7,2951.735
2021-12-02 03:00:00,1030.8,1040.0,1024.6,1036.1,2123.294
2021-12-02 07:00:00,1036.1,1039.2,1028.9,1031.0,1581.724
2021-12-02 11:00:00,1031.0,1031.0,1022.8,1023.0,1516.987
2021-12-02 15:00:00,1023.0,1029.0,1020.0,1021.2,2113.215
2021-12-02 19:00:00,1021.2,1033.1,1019.9,1028.9,1688.579
2021-12-02 23:00:00,1028.9,1033.1,1021.9,1025.2,1135.238
2021-12-03 03:00:00,1025.2,1032.4,1023.1,1028.9,741.088
2021-12-03 07:00:00,1028.9,1029.8,1022.4,1023.0,1021.845
2021-12-03 11:00:00,1022.8,1024.7,1018.1,1018.6,724.761
2021-12-03 15:00:00,1018.4,1030.9,1017.6,1030.5,1116.484
2021-12-03 19:00:00,1030.5,1047.4,1030.4,1040.2,2708.679
2021-12-03 23:00:00,1040.4,1050.2,1031.3,1037.3,2034.423
2021-12-04 03:00:00,1037.5,1053.5,1037.5,1053.4,4581.327
2021-12-04 07:00:00,1053.5,1085.0,1025.7,1027.0,16916.198
2021-12-04 11:00:00,1026.9,1030.7,1013.6,1017.8,5033.65
2021-12-04 15:00:00,1017.8,1018.8,996.8,1004.9,4236.558
2021-12-04 19:00:00,1004.9,1011.4,1004.7,1006.0,2520.716
2021-12-04 23:00:00,1005.7,1012.0,1004.4,1005.8,1353.973
2021-12-05 03:00:00,1005.9,1014.9,1003.0,1004.6,1625.856
2021-12-05 07:00:00,1004.7,1007.8,999.2,1002.5,1454.969
2021-12-05 11:00:00,1002.5,1006.5,1000.3,1006.2,1433.089
2021-12-05 15:00:00,1006.3,1024.9,1000.0,1016.5,6758.051
2021-12-05 19:00:00,1016.4,1025.3,1013.3,1018.7,2740.405
2021-12-05 23:00:00,1018.8,1024.7,1010.5,1012.9,2370.171
2021-12-06 03:00:00,1012.9,1026.5,1012.1,1017.2,2874.899
2021-12-06 07:00:00,1017.2,1033.2,1013.6,1031.9,2549.159
2021-12-06 11:00:00,1031.9,1046.0,1025.7,1038.8,6598.828
2021-12-06 15:00:00,1038.8,1041.9,1018.8,1021.2,4381.896
2021-12-06 19:00:00,1021.1,1023.4,1013.4,1015.5,2202.793
2021-12-06 23:00:00,1015.5,1016.9,997.5,1005.3,2925.561
2021-12-07 03:00:00,1005.3,1013.2,1002.6,1012.4,2228.294
2021-12-07 07:00:00,1012.5,1013.2,1008.6,1010.7,810.118
2021-12-07 11:00:00,1010.7,1011.0,1002.3,1006.3,1864.566
2021-12-07 15:00:00,1006.4,1014.9,1005.5,1014.9,1933.258
2021-12-07 19:00:00,1014.8,1018.9,1012.1,1014.7,1232.227
2021-12-07 23:00:00,1014.5,1016.8,1010.6,1013.8,705.26
2021-12-08 03:00:00,1013.8,1018.0,1008.7,1012.3,1140.9
2021-12-08 07:00:00,1012.3,1012.3,998.6,998.9,1089.751
2021-12-08 11:00:00,999.4,1004.0,994.5,996.2,2255.712
2021-12-08 15:00:00,996.3,997.5,983.2,990.8,2925.81
2021-12-08 19:00:00,990.7,992.3,986.1,989.5,946.619
2021-12-08 23:00:00,989.5,992.1,981.5,981.8,959.803
2021-12-09 03:00:00,981.8,984.5,977.9,983.0,1420.028
2021-12-09 07:00:00,982.9,987.5,980.4,986.5,935.922
2021-12-09 11:00:00,986.7,989.8,979.7,983.5,2203.701
2021-12-09 15:00:00,983.5,999.0,983.2,990.6,2921.694
2021-12-09 19:00:00,990.6,999.0,988.8,993.1,2529.112
2021-12-09 23:00:00,993.1,999.6,989.1,997.6,2236.095
2021-12-10 03:00:00,997.3,1005.5,994.3,1005.4,3110.545
2021-12-10 07:00:00,1005.5,1017.0,1002.8,1015.0,3538.676
2021-12-10 11:00:00,1014.9,1018.0,1006.7,1008.4,2809.599
2021-12-10 15:00:00,1008.5,1026.4,1008.1,1023.9,3563.864
2021-12-10 19:00:00,1024.0,1032.8,1022.8,1026.6,2848.89
2021-12-10 23:00:00,1026.6,1038.8,1025.3,1037.9,2645.474
2021-12-11 03:00:00,1037.9,1049.7,1036.3,1038.2,3930.747
2021-12-11 07:00:00,1038.2,1042.4,1032.4,1039.0,2034.263
2021-12-11 11:00:00,1039.1,1040.0,1031.3,1034.6,2049.761
2021-12-11 15:00:00,1034.5,1038.0,1032.7,1033.9,1108.039
2021-12-11 19:00:00,1033.9,1039.2,1031.8,1039.2,991.855
2021-12-11 23:00:00,1038.7,1042.4,1036.4,1038.6,836.116
2021-12-12 03:00:00,1038.5,1046.7,1038.1,1045.5,771.375
2021-12-12 07:00:00,1045.9,1046.9,1041.0,1044.6,491.613
2021-12-12 11:00:00,1044.6,1049.3,1043.6,1044.8,1051.572
2021-12-12 15:00:00,1044.7,1057.2,1044.5,1057.1,1122.365
2021-12-12 19:00:00,1057.1,1057.3,1039.7,1040.7,1241.495
2021-12-12 23:00:00,1040.7,1041.7,1037.3,1041.4,773.528
2021-12-13 03:00:00,1041.5,1052.7,1040.7,1050.1,894.719
2021-12-13 07:00:00,1050.0,1059.6,1046.8,1053.3,1703.94
2021-12-13 11:00:00,1053.6,1055.9,1047.7,1049.4,1826.536
2021-12-13 15:00:00,1049.4,1073.4,1048.1,1068.0,3434.865
2021-12-13 19:00:00,1068.1,1076.8,1064.1,1070.8,4174.04
2021-12-13 23:00:00,1070.8,1077.6,1062.8,1067.9,3689.29
2021-12-14 03:00:00,1067.9,1073.7,1060.6,1071.5,3031.851
2021-12-14 07:00:00,1071.6,1082.4,1067.4,1067.6,3720.966
2021-12-14 11:00:00,1067.5,1075.8,1061.3,1062.6,2591.931
2021-12-14 15:00:00,1062.7,1067.7,1060.2,1062.4,1779.895
2021-12-14 19:00:00,1062.4,1073.2,1061.4,1070.3,1222.033
2021-12-14 23:00:00,1070.3,1080.5,1067.8,1075.1,1204.265
2021-12-15 03:00:00,1075.2,1078.0,1070.9,1076.1,628.77
2021-12-15 07:00:00,1076.1,1077.9,1068.7,1069.3,1294.502
2021-12-15 11:00:00,1069.2,1074.0,1068.0,1072.1,709.649
2021-12-15 15:00:00,1072.1,1090.0,1069.0,1089.9,2086.43
2021-12-15 19:00:00,1089.9,1092.0,1052.4,1052.7,4759.017
2021-12-15 23:00:00,1052.8,1052.9,1036.2,1044.0,4144.172
2021-12-16 03:00:00,1044.0,1048.1,1040.8,1046.2,1426.548
2021-12-16 07:00:00,1046.2,1050.9,1043.8,1044.9,993.504
2021-12-16 11:00:00,1044.9,1045.8,1038.0,1038.9,1032.618
2021-12-16 15:00:00,1039.1,1040.3,1023.5,1026.9,2574.107
2021-12-16 19:00:00,1026.8,1041.4,1021.8,1036.7,2307.334
2021-12-16 23:00:00,1036.7,1041.6,1031.0,1040.6,972.731
2021-12-17 03:00:00,1040.6,1043.0,1037.7,1040.5,832.25
2021-12-17 07:00:00,1040.5,1044.1,1036.1,1040.0,995.514
2021-12-17 11:00:00,1040.1,1054.3,1036.6,1053.1,1849.754
2021-12-17 15:00:00,1053.1,1063.1,1041.5,1042.0,2832.776
2021-12-17 19:00:00,1042.0,1045.7,1033.3,1038.3,1929.837
2021-12-17 23:00:00,1038.3,1039.3,1028.0,1028.4,1402.325
2021-12-18 03:00:00,1028.4,1037.3,1027.5,1030.0,1679.138
2021-12-18 07:00:00,1030.1,1032.8,1023.1,1025.2,799.554
2021-12-18 11:00:00,1025.2,1027.2,1020.0,1025.4,946.929
2021-12-18 15:00:00,1025.4,1025.5,1018.5,1021.8,829.4
2021-12-18 19:00:00,1021.8,1023.8,1017.5,1018.2,749.107
2021-12-18 23:00:00,1018.2,1020.7,1014.0,1018.3,814.531
2021-12-19 03:00:00,1018.2,1027.1,1017.2,1027.0,785.798
2021-12-19 07:00:00,1027.0,1028.2,1024.2,1025.3,335.352
2021-12-19 11:00:00,1025.3,1030.9,1023.0,1028.9,467.079
2021-12-19 15:00:00,1029.2,1037.1,1024.9,1030.6,839.741
2021-12-19 19:00:00,1030.8,1032.6,1026.5,1026.6,668.815
2021-12-19 23:00:00,1027.0,1029.0,1023.8,1024.1,392.17
2021-12-20 03:00:00,1024.0,1026.8,1020.8,1025.1,731.161
2021-12-20 07:00:00,1025.2,1041.0,1025.1,1040.4,1538.638
2021-12-20 11:00:00,1040.4,1046.7,1038.1,1039.9,1478.549
2021-12-20 15:00:00,1040.0,1045.8,1035.0,1043.0,1761.177
2021-12-20 19:00:00,1042.6,1043.9,1035.1,1035.6,1058.67
2021-12-20 23:00:00,1035.6,1039.6,1030.0,1031.3,1162.577
2021-12-21 03:00:00,1031.2,1041.4,1026.3,1039.9,956.943
2021-12-21 07:00:00,1040.4,1050.6,1040.0,1050.3,686.386
2021-12-21 11:00:00,1050.1,1051.9,1044.3,1050.4,627.64
2021-12-21 15:00:00,1050.5,1054.4,1048.5,1052.2,779.87
2021-12-21 19:00:00,1052.2,1054.4,1048.4,1049.1,447.759
2021-12-21 23:00:00,1049.1,1057.4,1045.8,1048.1,1567.691
2021-12-22 03:00:00,1048.2,1049.2,1040.9,1044.6,792.216
2021-12-22 07:00:00,1044.6,1046.5,1040.7,1042.1,366.525
2021-12-22 11:00:00,1042.5,1045.1,1037.3,1037.6,566.023
2021-12-22 15:00:00,1037.6,1048.0,1032.7,1033.9,1468.366
2021-12-22 19:00:00,1033.9,1040.9,1032.3,1038.2,741.299
2021-12-22 23:00:00,1038.2,1041.0,1036.1,1038.4,454.772
2021-12-23 03:00:00,1038.5,1047.0,1027.7,1031.4,1418.758
2021-12-23 07:00:00,1031.5,1040.0,1030.2,1039.2,539.366
2021-12-23 11:00:00,1039.2,1042.2,1033.2,1038.4,1177.875
2021-12-23 15:00:00,1038.6,1040.7,1037.6,1040.3,356.1
2021-12-23 19:00:00,1040.3,1043.3,1034.4,1039.9,1199.439
2021-12-23 23:00:00,1039.9,1041.4,1037.0,1038.6,536.31
2021-12-24 03:00:00,1038.5,1052.0,1038.4,1051.7,1288.591
2021-12-24 07:00:00,1051.7,1054.1,1050.1,1051.8,468.598
2021-12-24 11:00:00,1051.9,1052.8,1048.0,1051.1,609.449
2021-12-24 15:00:00,1050.9,1053.8,1047.6,1048.4,797.346
2021-12-24 19:00:00,1048.4,1061.2,1047.9,1060.0,572.245
2021-12-24 23:00:00,1059.8,1064.3,1056.4,1063.6,715.632
2021-12-25 03:00:00,1063.6,1065.0,1054.9,1061.6,752.376
2021-12-25 07:00:00,1061.9,1062.1,1056.0,1057.2,518.175
2021-12-25 11:00:00,1057.0,1058.4,1054.2,1054.8,402.18
2021-12-25 15:00:00,1054.7,1055.3,1045.7,1045.8,559.75
2021-12-25 19:00:00,1045.8,1054.0,1041.8,1052.1,952.259
2021-12-25 23:00:00,1052.1,1052.4,1036.1,1036.6,1274.849
2021-12-26 03:00:00,1036.6,1043.9,1035.2,1043.1,891.274
2021-12-26 07:00:00,1043.1,1043.6,1040.7,1041.6,388.221
2021-12-26 11:00:00,1041.7,1042.6,1034.1,1034.2,646.429
2021-12-26 15:00:00,1034.3,1036.9,1032.9,1035.0,714.744
2021-12-26 19:00:00,1035.1,1035.9,1032.2,1034.1,442.316
2021-12-26 23:00:00,1034.2,1045.0,1033.0,1042.9,884.226
2021-12-27 03:00:00,1042.6,1044.4,1039.0,1043.1,542.376
2021-12-27 07:00:00,1043.0,1045.0,1039.2,1039.4,493.14
2021-12-27 11:00:00,1039.4,1041.7,1035.6,1036.0,444.227
2021-12-27 15:00:00,1036.0,1043.2,1035.8,1040.8,801.449
2021-12-27 19:00:00,1040.9,1043.0,1037.2,1037.2,423.641
2021-12-27 23:00:00,1037.3,1042.1,1035.0,1040.6,675.179
2021-12-28 03:00:00,1040.3,1052.2,1038.5,1045.5,2099.137
2021-12-28 07:00:00,1045.5,1051.6,1039.7,1045.1,1458.678
2021-12-28 11:00:00,1045.0,1047.1,1035.0,1036.2,1981.593
2021-12-28 15:00:00,1036.2,1042.9,1035.4,1040.6,1539.683
2021-12-28 19:00:00,1040.6,1055.4,1040.2,1043.7,3222.803
2021-12-28 23:00:00,1043.7,1047.6,1037.0,1045.3,2092.231
2021-12-29 03:00:00,1045.2,1046.5,1041.2,1045.0,573.722
2021-12-29 07:00:00,1045.1,1058.0,1044.4,1046.1,1863.472
2021-12-29 11:00:00,1046.1,1049.6,1044.9,1048.7,749.482
2021-12-29 15:00:00,1048.7,1058.5,1043.6,1056.0,3184.644
2021-12-29 19:00:00,1056.0,1058.0,1051.4,1055.7,2631.146
2021-12-29 23:00:00,1055.8,1064.7,1054.4,1064.2,1230.959
2021-12-30 03:00:00,1064.3,1069.1,1061.1,1065.7,1373.725
2021-12-30 07:00:00,1065.7,1067.4,1054.8,1055.4,1438.626
2021-12-30 11:00:00,1055.2,1059.9,1054.7,1059.3,695.473
2021-12-30 15:00:00,1059.3,1061.9,1057.6,1059.1,850.342
2021-12-30 19:00:00,1059.1,1064.4,1053.1,1059.9,905.508
2021-12-30 23:00:00,1060.0,1061.7,1057.2,1058.8,504.914
2021-12-31 03:00:00,1058.7,1062.7,1056.9,1057.8,366.31
2021-12-31 07:00:00,1057.8,1064.0,1057.2,1061.9,696.888
2021-12-31 11:00:00,1061.8,1065.6,1058.3,1062.0,1263.86
2021-12-31 15:00:00,1061.9,1062.2,1059.0,1061.6,362.175
2021-12-31 19:00:00,1061.5,1063.7,1055.0,1056.5,570.937
2021-12-31 23:00:00,1056.5,1056.8,1050.1,1052.2,602.961
2022-01-01 03:00:00,1052.2,1052.6,1047.2,1051.1,462.508
2022-01-01 07:00:00,1051.1,1061.8,1050.9,1060.7,796.739
2022-01-01 11:00:00,1060.7,1062.7,1058.2,1058.9,394.567
2022-01-01 15:00:00,1059.0,1060.6,1054.6,1057.0,694.082
2022-01-01 19:00:00,1057.0,1061.4,1051.3,1051.3,537.769
2022-01-01 23:00:00,1051.3,1053.6,1047.5,1053.0,1208.26
2022-01-02 03:00:00,1053.1,1053.8,1048.8,1048.8,258.877
2022-01-02 07:00:00,1048.8,1049.7,1044.8,1047.5,523.654
2022-01-02 11:00:00,1047.5,1050.3,1046.3,1047.0,586.308
2022-01-02 15:00:00,1047.5,1048.2,1039.8,1040.7,749.212
2022-01-02 19:00:00,1040.7,1040.8,1029.4,1029.5,1735.357
2022-01-02 23:00:00,1029.5,1033.6,1028.3,1030.8,755.635
2022-01-03 03:00:00,1030.8,1036.1,1030.8,1032.8,708.633
2022-01-03 07:00:00,1032.8,1035.5,1031.3,1035.0,362.487
2022-01-03 11:00:00,1035.1,1035.7,1030.9,1031.6,552.275
2022-01-03 15:00:00,1032.4,1035.0,1025.0,1027.6,1165.203
2022-01-03 19:00:00,1027.6,1034.5,1027.3,1033.7,1001.66
2022-01-03 23:00:00,1033.7,1037.6,1025.8,1033.0,1237.211
2022-01-04 03:00:00,1032.8,1038.0,1031.2,1036.1,589.383
2022-01-04 07:00:00,1036.2,1037.0,1031.7,1035.3,1267.291
2022-01-04 11:00:00,1035.3,1035.4,1019.9,1021.8,1386.697
2022-01-04 15:00:00,1021.8,1027.8,1020.6,1025.3,676.94
2022-01-04 19:00:00,1025.2,1025.3,1018.2,1018.9,1111.498
2022-01-04 23:00:00,1018.9,1021.2,1017.2,1020.5,671.661
2022-01-05 03:00:00,1020.6,1023.3,1020.5,1022.4,515.672
2022-01-05 07:00:00,1022.6,1023.5,1019.0,1019.7,429.684
2022-01-05 11:00:00,1019.7,1025.2,1019.7,1021.8,457.992
2022-01-05 15:00:00,1021.8,1021.9,1017.0,1019.8,1913.746
2022-01-05 19:00:00,1019.8,1029.8,1018.9,1024.6,1629.294
2022-01-05 23:00:00,1024.5,1051.0,1020.0,1032.3,4718.788
2022-01-06 03:00:00,1032.3,1044.8,1032.0,1044.8,2807.472
2022-01-06 07:00:00,1044.5,1048.0,1039.7,1045.0,3232.525
2022-01-06 11:00:00,1045.0,1063.9,1045.0,1060.4,6862.619
2022-01-06 15:00:00,1060.3,1066.4,1044.8,1047.1,5760.758
2022-01-06 19:00:00,1047.2,1049.0,1036.4,1040.2,2373.706
2022-01-06 23:00:00,1040.2,1043.5,1038.6,1043.4,1335.398
2022-01-07 03:00:00,1043.5,1063.9,1042.0,1063.9,1914.719
2022-01-07 07:00:00,1063.9,1082.3,1061.7,1071.0,4831.072
2022-01-07 11:00:00,1071.1,1075.0,1066.9,1073.2,2447.112
2022-01-07 15:00:00,1073.3,1078.3,1067.5,1075.0,2260.532
2022-01-07 19:00:00,1075.0,1078.7,1066.1,1067.4,2839.28
2022-01-07 23:00:00,1067.3,1070.7,1065.6,1067.1,819.952
2022-01-08 03:00:00,1067.2,1070.8,1063.5,1066.1,1176.757
2022-01-08 07:00:00,1066.2,1066.7,1060.3,1062.2,908.489
2022-01-08 11:00:00,1062.2,1063.4,1059.3,1062.8,1054.037
2022-01-08 15:00:00,1062.5,1077.0,1061.6,1073.2,1692.966
2022-01-08 19:00:00,1073.2,1108.2,1070.0,1102.8,6888.3
2022-01-08 23:00:00,1102.5,1107.0,1095.7,1101.3,4293.032
2022-01-09 03:00:00,1101.4,1103.5,1090.9,1096.4,2125.215
2022-01-09 07:00:00,1096.4,1096.4,1091.0,1093.8,1130.611
2022-01-09 11:00:00,1094.0,1098.0,1092.5,1092.9,1157.671
2022-01-09 15:00:00,1092.8,1098.4,1092.2,1096.4,1396.001
2022-01-09 19:00:00,1096.8,1096.8,1080.2,1088.1,2202.367
2022-01-09 23:00:00,1088.1,1089.6,1085.0,1087.1,652.3
2022-01-10 03:00:00,1086.8,1089.7,1083.4,1088.0,782.862
2022-01-10 07:00:00,1088.0,1089.5,1079.2,1085.3,893.433
2022-01-10 11:00:00,1085.2,1097.6,1084.1,1094.1,1693.626
2022-01-10 15:00:00,1094.2,1116.6,1093.5,1115.7,5312.75
2022-01-10 19:00:00,1115.5,1125.8,1109.3,1119.1,4567.331
2022-01-10 23:00:00,1119.1,1120.6,1112.7,1115.4,1651.82
2022-01-11 03:00:00,1115.4,1119.5,1109.2,1109.9,1951.303
2022-01-11 07:00:00,1110.0,1114.2,1105.9,1106.3,867.63
2022-01-11 11:00:00,1106.1,1106.6,1095.9,1097.7,1676.737
2022-01-11 15:00:00,1097.6,1097.8,1087.4,1088.3,1912.221
2022-01-11 19:00:00,1088.1,1088.6,1077.2,1087.6,3017.433
2022-01-11 23:00:00,1087.7,1087.9,1080.5,1081.5,696.953
2022-01-12 03:00:00,1081.5,1082.0,1078.0,1078.2,846.915
2022-01-12 07:00:00,1078.5,1084.2,1077.7,1082.4,886.99
2022-01-12 11:00:00,1082.4,1082.7,1071.5,1072.2,1303.87
2022-01-12 15:00:00,1072.3,1073.7,1058.8,1059.6,2717.389
2022-01-12 19:00:00,1059.8,1061.1,1055.4,1055.9,1405.522
2022-01-12 23:00:00,1055.9,1062.7,1054.2,1059.9,1390.697
2022-01-13 03:00:00,1059.8,1065.6,1055.5,1063.7,1232.587
2022-01-13 07:00:00,1063.3,1066.4,1060.3,1062.5,746.906
2022-01-13 11:00:00,1062.5,1065.2,1058.3,1064.7,901.894
2022-01-13 15:00:00,1064.7,1066.2,1057.1,1062.5,1853.791
2022-01-13 19:00:00,1062.6,1068.3,1061.5,1063.7,1241.78
2022-01-13 23:00:00,1063.6,1067.5,1062.2,1066.5,719.666
2022-01-14 03:00:00,1066.3,1068.5,1057.6,1058.2,655.346
2022-01-14 07:00:00,1058.1,1058.1,1045.7,1051.1,1117.64
2022-01-14 11:00:00,1051.0,1061.6,1050.7,1060.8,1118.611
2022-01-14 15:00:00,1060.7,1062.8,1055.3,1060.5,1904.298
2022-01-14 19:00:00,1060.6,1061.9,1055.2,1055.4,769.027
2022-01-14 23:00:00,1055.4,1057.1,1051.8,1052.7,495.312
2022-01-15 03:00:00,1052.7,1054.2,1050.6,1050.9,417.592
2022-01-15 07:00:00,1050.9,1053.3,1049.5,1051.3,350.592
2022-01-15 11:00:00,1051.3,1051.8,1048.0,1050.1,610.342
2022-01-15 15:00:00,1050.2,1054.9,1044.3,1046.4,1118.471
2022-01-15 19:00:00,1046.3,1050.4,1044.0,1050.3,423.086
2022-01-15 23:00:00,1050.3,1051.6,1046.6,1047.7,244.047
2022-01-16 03:00:00,1047.7,1051.4,1044.8,1048.1,643.841
2022-01-16 07:00:00,1048.3,1049.2,1044.4,1045.0,395.571
2022-01-16 11:00:00,1045.0,1047.2,1042.1,1044.1,488.174
2022-01-16 15:00:00,1044.1,1045.4,1038.0,1040.1,1041.738
2022-01-16 19:00:00,1040.1,1041.3,1036.2,1039.1,958.738
2022-01-16 23:00:00,1039.1,1042.1,1038.0,1038.7,374.808
2022-01-17 03:00:00,1038.7,1052.0,1037.5,1052.0,848.389
2022-01-17 07:00:00,1051.9,1054.0,1045.4,1045.9,1372.947
2022-01-17 11:00:00,1046.0,1052.5,1045.9,1051.7,951.011
2022-01-17 15:00:00,1051.7,1058.0,1048.8,1057.6,1544.011
2022-01-17 19:00:00,1057.6,1059.6,1051.0,1051.8,1379.374
2022-01-17 23:00:00,1051.8,1060.4,1050.5,1052.5,994.996
2022-01-18 03:00:00,1052.5,1058.2,1046.8,1056.5,904.287
2022-01-18 07:00:00,1056.5,1062.7,1053.6,1055.4,1358.817
2022-01-18 11:00:00,1055.5,1067.4,1054.4,1062.2,2696.219
2022-01-18 15:00:00,1062.2,1072.0,1061.1,1071.9,1983.439
2022-01-18 19:00:00,1072.0,1077.6,1070.1,1072.6,1170.333
2022-01-18 23:00:00,1072.6,1077.4,1069.3,1075.5,1134.214
2022-01-19 03:00:00,1075.6,1083.2,1070.6,1079.2,1474.245
2022-01-19 07:00:00,1079.3,1089.1,1076.2,1086.8,2171.118
2022-01-19 11:00:00,1086.7,1090.1,1084.8,1087.0,1817.001
2022-01-19 15:00:00,1086.9,1089.0,1081.7,1083.4,1283.467
2022-01-19 19:00:00,1083.4,1089.3,1078.7,1082.2,1212.893
2022-01-19 23:00:00,1082.1,1090.5,1080.7,1090.4,728.249
2022-01-20 03:00:00,1090.4,1091.3,1085.3,1085.4,756.874
2022-01-20 07:00:00,1085.3,1085.4,1078.6,1079.9,571.425
2022-01-20 11:00:00,1080.0,1085.6,1079.3,1083.6,645.282
2022-01-20 15:00:00,1083.8,1086.3,1076.0,1078.8,2051.566
2022-01-20 19:00:00,1078.6,1087.0,1077.4,1085.3,1086.971
2022-01-20 23:00:00,1085.4,1107.4,1084.5,1105.1,2474.774
2022-01-21 03:00:00,1105.4,1119.4,1096.0,1097.9,5022.209
2022-01-21 07:00:00,1098.0,1101.9,1094.0,1098.3,2147.329
2022-01-21 11:00:00,1098.3,1106.2,1096.0,1105.0,2060.069
2022-01-21 15:00:00,1105.2,1118.9,1103.7,1110.4,7196.91
2022-01-21 19:00:00,1110.3,1116.7,1104.9,1116.7,2678.03
2022-01-21 23:00:00,1116.7,1156.9,1112.8,1141.4,8893.747
2022-01-22 03:00:00,1141.6,1147.3,1128.4,1141.7,4275.067
2022-01-22 07:00:00,1141.8,1191.5,1140.1,1185.6,11287.299
2022-01-22 11:00:00,1185.6,1234.6,1174.5,1193.3,15890.258
2022-01-22 15:00:00,1193.3,1198.2,1167.9,1198.2,8726.163
2022-01-22 19:00:00,1198.1,1211.4,1176.9,1204.7,8208.473
2022-01-22 23:00:00,1205.0,1212.0,1178.5,1185.3,5616.394
2022-01-23 03:00:00,1185.3,1189.1,1170.6,1180.3,3102.559
2022-01-23 07:00:00,1180.3,1183.9,1157.6,1160.3,3144.554
2022-01-23 11:00:00,1160.3,1164.0,1146.5,1159.7,2783.474
2022-01-23 15:00:00,1159.8,1183.3,1157.9,1175.4,3100.004
2022-01-23 19:00:00,1175.3,1186.0,1170.3,1185.4,1657.425
2022-01-23 23:00:00,1185.4,1189.9,1165.3,1165.9,2108.284
2022-01-24 03:00:00,1165.8,1189.6,1165.6,1179.8,2083.121
2022-01-24 07:00:00,1179.8,1212.0,1178.3,1203.8,4267.58
2022-01-24 11:00:00,1203.7,1231.4,1199.8,1228.7,8303.635
2022-01-24 15:00:00,1228.6,1248.6,1220.8,1222.1,10268.112
2022-01-24 19:00:00,1222.1,1253.0,1218.0,1236.8,6658.282
2022-01-24 23:00:00,1236.9,1239.3,1224.2,1231.0,2458.578
2022-01-25 03:00:00,1231.0,1242.0,1226.1,1235.3,2149.309
2022-01-25 07:00:00,1235.4,1246.6,1233.7,1239.2,1398.593
2022-01-25 11:00:00,1239.1,1241.6,1224.0,1233.1,2209.395
2022-01-25 15:00:00,1233.1,1244.5,1224.7,1237.2,2892.554
2022-01-25 19:00:00,1237.1,1242.5,1215.9,1225.8,1872.789
2022-01-25 23:00:00,1225.8,1236.9,1222.9,1228.0,1353.344
2022-01-26 03:00:00,1228.0,1236.5,1224.4,1233.9,1454.159
2022-01-26 07:00:00,1234.4,1241.4,1225.0,1236.7,1868.189
2022-01-26 11:00:00,1236.8,1238.6,1222.5,1224.5,1259.536
2022-01-26 15:00:00,1224.3,1225.8,1192.5,1200.1,3420.054
2022-01-26 19:00:00,1200.0,1214.7,1180.2,1194.8,3365.125
2022-01-26 23:00:00,1194.8,1235.0,1194.7,1225.4,2923.403
2022-01-27 03:00:00,1224.8,1243.5,1217.8,1238.4,2011.542
2022-01-27 07:00:00,1238.7,1240.6,1227.6,1233.4,1254.737
2022-01-27 11:00:00,1233.4,1234.9,1226.0,1226.7,1245.679
2022-01-27 15:00:00,1226.3,1227.3,1210.2,1214.5,1451.413
2022-01-27 19:00:00,1214.6,1234.6,1211.4,1234.4,1504.996
2022-01-27 23:00:00,1234.4,1251.6,1230.7,1246.5,2595.579
2022-01-28 03:00:00,1246.4,1255.9,1237.3,1242.8,1751.685
2022-01-28 07:00:00,1242.5,1248.7,1235.0,1248.3,1173.311
2022-01-28 11:00:00,1248.5,1249.4,1237.4,1241.6,1332.755
2022-01-28 15:00:00,1241.8,1254.5,1239.1,1244.2,2420.131
2022-01-28 19:00:00,1244.1,1246.7,1226.0,1237.3,1898.736
2022-01-28 23:00:00,1237.3,1237.8,1227.6,1228.5,958.435
2022-01-29 03:00:00,1228.7,1229.8,1220.3,1226.8,989.344
2022-01-29 07:00:00,1226.4,1229.2,1213.4,1213.5,1186.19
2022-01-29 11:00:00,1213.5,1220.0,1211.8,1217.4,1021.383
2022-01-29 15:00:00,1217.3,1224.5,1209.0,1219.2,1928.062
2022-01-29 19:00:00,1219.2,1220.0,1210.6,1215.2,877.176
2022-01-29 23:00:00,1215.4,1223.0,1214.8,1218.6,841.288
2022-01-30 03:00:00,1218.1,1223.8,1215.8,1223.7,458.852
2022-01-30 07:00:00,1223.5,1224.3,1210.0,1214.0,664.113
2022-01-30 11:00:00,1214.0,1215.6,1209.3,1210.5,542.225
2022-01-30 15:00:00,1210.4,1218.9,1207.3,1215.3,807.136
2022-01-30 19:00:00,1215.1,1229.4,1214.9,1227.0,959.313
2022-01-30 23:00:00,1227.1,1235.5,1222.0,1225.0,1096.149
2022-01-31 03:00:00,1224.6,1234.0,1218.1,1231.8,1244.334
2022-01-31 07:00:00,1231.8,1240.3,1230.0,1230.6,1416.139
2022-01-31 11:00:00,1230.4,1234.5,1223.8,1225.6,835.562
2022-01-31 15:00:00,1225.6,1229.1,1212.1,1212.6,1600.635
2022-01-31 19:00:00,1212.5,1217.0,1205.3,1213.4,1463.856
2022-01-31 23:00:00,1213.4,1214.1,1207.6,1211.0,608.604
2022-02-01 03:00:00,1211.1,1211.3,1188.9,1189.8,1248.139
2022-02-01 07:00:00,1189.7,1194.4,1186.4,1191.6,1261.307
2022-02-01 11:00:00,1191.7,1192.3,1183.3,1185.4,1340.494
2022-02-01 15:00:00,1185.5,1190.6,1183.4,1188.1,1215.083
2022-02-01 19:00:00,1188.1,1191.6,1181.2,1186.0,932.938
2022-02-01 23:00:00,1186.1,1186.2,1180.0,1181.7,832.545
2022-02-02 03:00:00,1181.8,1186.3,1176.3,1177.4,1069.098
2022-02-02 07:00:00,1177.3,1182.1,1176.0,1182.0,679.244
2022-02-02 11:00:00,1182.0,1183.8,1178.1,1179.1,508.496
2022-02-02 15:00:00,1179.0,1189.4,1170.6,1185.7,1783.816
2022-02-02 19:00:00,1185.7,1189.2,1171.9,1174.4,1051.65
2022-02-02 23:00:00,1174.6,1188.5,1171.5,1178.3,2186.066
2022-02-03 03:00:00,1177.9,1186.2,1168.5,1185.6,1686.884
2022-02-03 07:00:00,1185.7,1190.4,1182.3,1182.5,1546.035
2022-02-03 11:00:00,1182.5,1195.2,1179.6,1192.3,2516.842
2022-02-03 15:00:00,1192.4,1197.7,1183.4,1186.7,1970.96
2022-02-03 19:00:00,1186.5,1194.0,1184.0,1191.4,1172.488
2022-02-03 23:00:00,1191.6,1195.2,1178.4,1179.8,1254.137
2022-02-04 03:00:00,1179.5,1184.7,1178.7,1184.3,497.01
2022-02-04 07:00:00,1184.5,1185.4,1162.9,1163.1,2036.611
2022-02-04 11:00:00,1163.2,1163.2,1151.6,1155.8,2805.518
2022-02-04 15:00:00,1155.9,1187.3,1154.3,1187.0,3566.38
2022-02-04 19:00:00,1187.0,1192.5,1181.2,1190.5,1531.003
2022-02-04 23:00:00,1190.4,1201.3,1184.5,1196.7,1046.578
2022-02-05 03:00:00,1196.6,1201.3,1184.8,1184.8,1689.159
2022-02-05 07:00:00,1184.8,1185.4,1167.7,1175.0,1988.354
2022-02-05 11:00:00,1175.0,1177.0,1170.7,1173.9,716.405
2022-02-05 15:00:00,1173.9,1176.7,1171.4,1173.6,576.183
2022-02-05 19:00:00,1173.6,1188.7,1172.6,1186.7,1276.963
2022-02-05 23:00:00,1186.7,1188.4,1178.8,1179.7,508.007
2022-02-06 03:00:00,1179.8,1180.4,1173.7,1177.9,472.89
2022-02-06 07:00:00,1177.9,1185.5,1175.9,1183.7,659.402
2022-02-06 11:00:00,1183.6,1185.9,1179.3,1183.4,323.908
2022-02-06 15:00:00,1183.4,1193.6,1181.2,1189.9,955.492
2022-02-06 19:00:00,1189.4,1193.0,1186.5,1189.0,584.222
2022-02-06 23:00:00,1189.0,1194.6,1184.9,1185.2,477.442
2022-02-07 03:00:00,1185.3,1189.9,1182.5,1183.1,583.546
2022-02-07 07:00:00,1183.1,1185.3,1172.7,1177.2,853.439
2022-02-07 11:00:00,1176.9,1179.3,1171.9,1176.8,525.361
2022-02-07 15:00:00,1176.7,1180.6,1170.1,1180.6,2525.488
2022-02-07 19:00:00,1180.6,1186.0,1172.4,1181.6,2338.697
2022-02-07 23:00:00,1181.7,1184.5,1176.1,1176.5,861.757
2022-02-08 03:00:00,1176.6,1182.4,1171.0,1177.8,823.537
2022-02-08 07:00:00,1177.7,1188.3,1173.2,1187.0,1295.14
2022-02-08 11:00:00,1186.9,1197.9,1186.2,1193.3,1729.463
2022-02-08 15:00:00,1193.4,1201.7,1191.2,1196.3,1527.222
2022-02-08 19:00:00,1196.3,1203.7,1193.4,1198.5,1100.881
2022-02-08 23:00:00,1198.6,1209.1,1198.6,1200.7,1119.497
2022-02-09 03:00:00,1200.4,1205.0,1194.9,1197.0,740.39
2022-02-09 07:00:00,1197.0,1199.7,1194.2,1195.3,392.006
2022-02-09 11:00:00,1195.2,1197.1,1180.9,1181.2,982.159
2022-02-09 15:00:00,1181.4,1182.6,1173.8,1175.6,2062.166
2022-02-09 19:00:00,1175.6,1177.5,1172.0,1173.4,1964.747
2022-02-09 23:00:00,1173.4,1177.0,1171.0,1173.9,1894.717
2022-02-10 03:00:00,1173.9,1181.5,1171.1,1179.7,1067.515
2022-02-10 07:00:00,1179.7,1182.7,1176.0,1181.0,590.41
2022-02-10 11:00:00,1181.1,1183.0,1173.8,1180.4,997.134
2022-02-10 15:00:00,1180.4,1199.8,1178.4,1197.6,3427.747
2022-02-10 19:00:00,1197.6,1215.5,1197.1,1212.5,1868.618
2022-02-10 23:00:00,1212.5,1214.3,1198.8,1207.4,1287.16
2022-02-11 03:00:00,1207.5,1217.7,1203.0,1206.3,1539.369
2022-02-11 07:00:00,1205.9,1207.1,1198.1,1198.5,528.057
2022-02-11 11:00:00,1198.4,1205.1,1197.6,1204.3,641.699
2022-02-11 15:00:00,1203.8,1206.4,1198.5,1206.1,638.533
2022-02-11 19:00:00,1206.1,1225.0,1204.9,1225.0,1401.879
2022-02-11 23:00:00,1225.0,1254.5,1225.0,1246.6,4816.966
2022-02-12 03:00:00,1246.7,1251.5,1233.9,1241.5,2374.775
2022-02-12 07:00:00,1241.7,1253.0,1238.2,1246.3,2342.113
2022-02-12 11:00:00,1246.2,1255.0,1239.3,1245.7,2310.916
2022-02-12 15:00:00,1245.8,1260.0,1245.1,1252.2,5792.455
2022-02-12 19:00:00,1252.3,1254.9,1234.5,1240.4,3317.147
2022-02-12 23:00:00,1240.4,1247.3,1230.0,1239.8,1558.294
2022-02-13 03:00:00,1239.8,1243.6,1235.2,1239.8,985.524
2022-02-13 07:00:00,1239.8,1244.3,1237.9,1241.5,717.194
2022-02-13 11:00:00,1241.6,1244.5,1235.8,1239.8,699.234
2022-02-13 15:00:00,1239.8,1245.0,1234.8,1245.0,846.876
2022-02-13 19:00:00,1245.0,1265.0,1244.9,1258.9,5088.576
2022-02-13 23:00:00,1258.9,1260.3,1248.3,1253.1,2037.222
2022-02-14 03:00:00,1253.2,1265.0,1249.3,1256.5,2526.024
2022-02-14 07:00:00,1256.6,1267.6,1255.0,1260.4,3118.202
2022-02-14 11:00:00,1260.0,1268.7,1255.1,1260.9,3297.633
2022-02-14 15:00:00,1260.9,1264.8,1243.1,1250.6,3175.513
2022-02-14 19:00:00,1250.6,1262.6,1244.6,1258.9,1564.227
2022-02-14 23:00:00,1258.9,1263.0,1245.4,1249.6,1134.333
2022-02-15 03:00:00,1249.8,1253.5,1237.2,1242.0,1637.924
2022-02-15 07:00:00,1242.0,1244.3,1233.7,1234.6,1590.934
2022-02-15 11:00:00,1234.7,1235.6,1226.4,1233.7,2150.475
2022-02-15 15:00:00,1233.6,1235.7,1223.0,1224.0,1590.635
2022-02-15 19:00:00,1224.1,1229.4,1221.4,1225.5,1301.727
2022-02-15 23:00:00,1225.6,1228.7,1212.8,1212.8,1448.589
2022-02-16 03:00:00,1212.8,1216.9,1209.3,1215.0,1440.081
2022-02-16 07:00:00,1214.9,1222.0,1214.9,1215.8,1154.796
2022-02-16 11:00:00,1215.8,1223.0,1214.7,1222.1,884.514
2022-02-16 15:00:00,1222.3,1234.3,1220.5,1232.2,1526.429
2022-02-16 19:00:00,1232.1,1234.0,1211.5,1213.3,1204.748
2022-02-16 23:00:00,1213.2,1218.6,1211.2,1217.7,604.834
2022-02-17 03:00:00,1217.8,1225.2,1211.7,1224.5,818.926
2022-02-17 07:00:00,1224.5,1232.3,1223.5,1224.2,1219.661
2022-02-17 11:00:00,1224.2,1234.6,1219.7,1220.3,1667.015
2022-02-17 15:00:00,1220.3,1225.8,1212.5,1213.1,2167.082
2022-02-17 19:00:00,1213.0,1225.7,1212.8,1221.8,1561.864
2022-02-17 23:00:00,1221.5,1226.0,1213.8,1215.5,1929.917
2022-02-18 03:00:00,1214.8,1219.4,1208.2,1210.5,1478.218
2022-02-18 07:00:00,1210.5,1214.3,1202.9,1206.0,1306.75
2022-02-18 11:00:00,1206.1,1207.7,1198.4,1205.4,1793.625
2022-02-18 15:00:00,1205.0,1225.3,1202.9,1223.3,2201.991
2022-02-18 19:00:00,1223.4,1239.3,1222.4,1231.5,2878.474
2022-02-18 23:00:00,1231.6,1236.8,1226.6,1231.3,938.868
2022-02-19 03:00:00,1231.4,1233.7,1218.6,1224.0,1108.127
2022-02-19 07:00:00,1224.0,1226.5,1220.2,1223.1,729.918
2022-02-19 11:00:00,1223.0,1246.0,1221.8,1244.9,3612.141
2022-02-19 15:00:00,1244.9,1252.2,1232.9,1234.0,5069.53
2022-02-19 19:00:00,1234.0,1239.4,1224.6,1239.3,1244.804
2022-02-19 23:00:00,1239.3,1240.5,1232.7,1232.8,597.271
2022-02-20 03:00:00,1232.7,1252.7,1232.6,1250.7,1811.448
2022-02-20 07:00:00,1250.8,1262.8,1243.5,1243.8,4508.929
2022-02-20 11:00:00,1243.7,1248.8,1230.4,1232.2,2754.515
2022-02-20 15:00:00,1232.3,1243.7,1229.9,1231.1,2206.446
2022-02-20 19:00:00,1231.2,1235.9,1225.0,1232.0,1439.072
2022-02-20 23:00:00,1232.0,1249.1,1232.0,1242.3,2311.131
2022-02-21 03:00:00,1242.3,1244.2,1219.9,1224.3,1930.082
2022-02-21 07:00:00,1224.2,1224.2,1215.1,1219.0,1056.424
2022-02-21 11:00:00,1219.0,1227.6,1215.8,1223.0,2127.243
2022-02-21 15:00:00,1223.1,1235.2,1220.0,1226.6,2941.781
2022-02-21 19:00:00,1226.6,1239.7,1223.9,1237.4,2388.8
2022-02-21 23:00:00,1237.4,1252.3,1232.8,1251.0,3288.908
2022-02-22 03:00:00,1250.7,1261.8,1241.1,1260.1,3596.319
2022-02-22 07:00:00,1260.0,1266.5,1256.0,1265.0,2967.078
2022-02-22 11:00:00,1264.9,1265.0,1252.8,1255.2,2955.296
2022-02-22 15:00:00,1255.4,1259.5,1246.7,1249.6,2571.629
2022-02-22 19:00:00,1249.5,1265.0,1247.6,1254.0,3815.473
2022-02-22 23:00:00,1253.8,1262.8,1250.6,1254.6,1527.985
2022-02-23 03:00:00,1254.5,1257.8,1237.5,1244.3,2313.073
2022-02-23 07:00:00,1244.4,1245.6,1226.7,1227.3,2015.939
2022-02-23 11:00:00,1227.3,1242.3,1226.5,1233.7,2101.442
2022-02-23 15:00:00,1233.7,1240.4,1228.4,1239.2,1601.658
2022-02-23 19:00:00,1239.2,1242.0,1226.0,1235.6,1782.524
2022-02-23 23:00:00,1235.7,1250.6,1235.7,1250.5,1608.459
2022-02-24 03:00:00,1250.5,1269.5,1241.3,1264.0,4747.848
2022-02-24 07:00:00,1263.9,1304.0,1260.2,1292.7,9551.143
2022-02-24 11:00:00,1292.4,1303.0,1283.1,1292.3,5197.823
2022-02-24 15:00:00,1292.3,1301.1,1268.4,1271.5,7298.572
2022-02-24 19:00:00,1271.4,1281.3,1251.2,1253.1,4895.059
2022-02-24 23:00:00,1253.3,1293.7,1247.2,1283.4,2990.692
2022-02-25 03:00:00,1283.5,1292.0,1275.5,1288.0,1513.943
2022-02-25 07:00:00,1288.0,1295.0,1282.9,1284.9,1185.037
2022-02-25 11:00:00,1284.9,1292.8,1283.4,1286.8,1150.193
2022-02-25 15:00:00,1286.5,1286.6,1269.1,1269.8,2577.353
2022-02-25 19:00:00,1269.3,1274.8,1262.6,1264.8,1135.879
2022-02-25 23:00:00,1264.9,1267.3,1230.7,1240.6,3498.866
2022-02-26 03:00:00,1240.6,1240.6,1226.5,1231.3,2525.016
2022-02-26 07:00:00,1231.2,1239.0,1223.4,1230.4,1900.176
2022-02-26 11:00:00,1230.3,1237.8,1228.3,1236.2,1508.506
2022-02-26 15:00:00,1236.1,1239.1,1229.1,1234.2,808.371
2022-02-26 19:00:00,1234.2,1237.5,1226.0,1231.8,832.394
2022-02-26 23:00:00,1231.7,1238.2,1224.4,1237.1,768.237
2022-02-27 03:00:00,1237.0,1253.2,1235.5,1249.2,1638.671
2022-02-27 07:00:00,1249.4,1252.7,1240.7,1242.7,1673.172
2022-02-27 11:00:00,1242.7,1245.8,1230.2,1231.7,1423.471
2022-02-27 15:00:00,1231.7,1244.0,1227.2,1231.1,1695.176
2022-02-27 19:00:00,1231.0,1260.6,1231.0,1255.1,1583.265
2022-02-27 23:00:00,1255.3,1260.0,1246.0,1251.1,2005.333
2022-02-28 03:00:00,1251.2,1259.2,1248.2,1255.4,1390.746
2022-02-28 07:00:00,1255.5,1265.0,1252.0,1260.2,1889.441
2022-02-28 11:00:00,1260.2,1262.2,1256.2,1257.3,940.575
2022-02-28 15:00:00,1257.6,1265.0,1254.1,1263.9,2794.924
2022-02-28 19:00:00,1264.4,1282.2,1263.6,1281.1,2444.99
2022-02-28 23:00:00,1281.0,1309.4,1277.8,1290.3,3972.622
2022-03-01 03:00:00,1290.2,1298.3,1282.0,1295.9,1621.079
2022-03-01 07:00:00,1296.0,1306.6,1292.5,1297.1,1800.833
2022-03-01 11:00:00,1297.0,1310.0,1289.7,1307.7,1558.679
2022-03-01 15:00:00,1307.8,1323.7,1287.0,1294.7,4228.567
2022-03-01 19:00:00,1294.7,1304.3,1293.6,1299.4,1041.149
2022-03-01 23:00:00,1299.8,1310.3,1297.3,1309.8,1107.928
2022-03-02 03:00:00,1309.9,1319.6,1290.0,1291.0,1320.065
2022-03-02 07:00:00,1290.4,1301.2,1285.4,1298.4,1479.171
2022-03-02 11:00:00,1298.5,1300.7,1284.2,1286.4,1512.427
2022-03-02 15:00:00,1286.5,1313.0,1283.5,1310.0,2621.21
2022-03-02 19:00:00,1309.9,1310.7,1301.4,1305.6,651.731
2022-03-02 23:00:00,1305.5,1306.8,1298.6,1304.5,517.183
2022-03-03 03:00:00,1304.5,1318.2,1299.2,1308.4,1501.096
2022-03-03 07:00:00,1308.3,1310.3,1302.4,1305.6,861.63
2022-03-03 11:00:00,1305.6,1308.2,1298.2,1303.0,970.57
2022-03-03 15:00:00,1303.1,1317.3,1300.6,1310.2,1637.493
2022-03-03 19:00:00,1310.4,1315.2,1304.7,1305.2,829.819
2022-03-03 23:00:00,1305.2,1309.2,1301.2,1306.3,738.349
2022-03-04 03:00:00,1306.3,1323.5,1305.7,1320.0,2526.418
2022-03-04 07:00:00,1320.1,1320.1,1314.1,1315.7,854.435
2022-03-04 11:00:00,1315.7,1322.0,1311.4,1315.3,1099.351
2022-03-04 15:00:00,1315.2,1323.5,1314.4,1317.4,2351.616
2022-03-04 19:00:00,1317.4,1320.2,1311.0,1315.3,1160.064
2022-03-04 23:00:00,1315.1,1316.2,1292.6,1297.8,2448.521
2022-03-05 03:00:00,1298.4,1302.8,1293.0,1293.9,1084.888
2022-03-05 07:00:00,1293.9,1295.7,1283.3,1283.4,1191.545
2022-03-05 11:00:00,1283.3,1285.1,1277.5,1281.1,1517.061
2022-03-05 15:00:00,1281.1,1281.9,1274.5,1280.5,942.404
2022-03-05 19:00:00,1280.2,1281.0,1275.4,1278.1,538.811
2022-03-05 23:00:00,1278.0,1283.1,1276.4,1277.3,337.299
2022-03-06 03:00:00,1277.1,1291.8,1276.7,1290.0,891.745
2022-03-06 07:00:00,1289.6,1293.0,1282.2,1288.5,1804.714
2022-03-06 11:00:00,1288.2,1289.7,1273.7,1274.6,2395.957
2022-03-06 15:00:00,1274.6,1284.2,1273.0,1282.0,1069.552
2022-03-06 19:00:00,1282.3,1287.8,1278.8,1286.2,644.91
2022-03-06 23:00:00,1286.3,1300.0,1283.5,1299.4,1713.744
2022-03-07 03:00:00,1299.5,1310.3,1297.3,1299.7,2387.791
2022-03-07 07:00:00,1299.7,1302.4,1296.0,1299.4,1221.58
2022-03-07 11:00:00,1299.4,1305.8,1298.9,1302.1,2438.885
2022-03-07 15:00:00,1302.6,1304.0,1286.5,1294.2,2261.13
2022-03-07 19:00:00,1294.0,1311.3,1292.9,1309.4,1504.372
2022-03-07 23:00:00,1309.4,1316.9,1307.6,1311.5,1559.197
2022-03-08 03:00:00,1311.5,1314.6,1303.2,1308.3,922.828
2022-03-08 07:00:00,1308.6,1315.0,1304.2,1311.2,873.37
2022-03-08 11:00:00,1311.3,1313.2,1299.7,1304.8,983.624
2022-03-08 15:00:00,1304.7,1310.0,1299.2,1307.8,757.374
2022-03-08 19:00:00,1307.6,1309.0,1299.6,1302.5,587.077
2022-03-08 23:00:00,1302.5,1308.2,1301.7,1303.8,350.981
2022-03-09 03:00:00,1303.9,1324.9,1297.2,1324.2,2242.117
2022-03-09 07:00:00,1324.3,1333.3,1323.7,1328.3,2192.776
2022-03-09 11:00:00,1328.3,1339.7,1328.3,1337.7,1131.955
2022-03-09 15:00:00,1337.7,1345.5,1334.6,1343.0,2420.668
2022-03-09 19:00:00,1343.1,1356.0,1338.2,1354.1,1097.555
2022-03-09 23:00:00,1354.0,1354.2,1337.7,1338.3,435.881
2022-03-10 03:00:00,1338.3,1342.7,1329.6,1333.8,1015.547
2022-03-10 07:00:00,1334.3,1340.1,1316.1,1316.4,2017.484
2022-03-10 11:00:00,1316.5,1318.0,1311.6,1313.0,1284.487
2022-03-10 15:00:00,1313.0,1328.2,1310.8,1320.8,1673.582
2022-03-10 19:00:00,1320.8,1322.9,1316.1,1318.5,517.08
2022-03-10 23:00:00,1318.5,1322.8,1315.5,1321.9,297.479
2022-03-11 03:00:00,1321.7,1326.3,1312.1,1317.7,802.943
2022-03-11 07:00:00,1317.7,1318.6,1306.0,1307.5,1409.114
2022-03-11 11:00:00,1307.5,1319.2,1305.8,1313.3,838.707
2022-03-11 15:00:00,1313.6,1319.6,1307.5,1318.4,1353.973
2022-03-11 19:00:00,1318.2,1319.5,1313.3,1318.8,436.088
2022-03-11 23:00:00,1318.9,1320.0,1303.0,1309.5,674.176
2022-03-12 03:00:00,1309.5,1309.5,1301.0,1307.1,460.946
2022-03-12 07:00:00,1307.2,1309.1,1304.0,1306.9,250.576
2022-03-12 11:00:00,1306.9,1312.9,1306.9,1310.7,350.18
2022-03-12 15:00:00,1310.5,1312.0,1305.0,1306.9,332.644
2022-03-12 19:00:00,1306.9,1309.2,1303.0,1308.8,370.194
2022-03-12 23:00:00,1308.8,1309.2,1306.6,1307.5,133.248
2022-03-13 03:00:00,1307.5,1309.6,1305.0,1307.0,205.149
2022-03-13 07:00:00,1307.0,1310.2,1305.6,1307.8,385.491
2022-03-13 11:00:00,1307.9,1313.6,1304.3,1305.0,454.846
2022-03-13 15:00:00,1305.0,1313.0,1302.8,1306.9,1077.836
2022-03-13 19:00:00,1307.0,1312.1,1305.0,1311.9,603.849
2022-03-13 23:00:00,1311.9,1314.4,1300.3,1303.2,795.907
2022-03-14 03:00:00,1303.3,1311.3,1303.2,1309.0,404.694
2022-03-14 07:00:00,1309.0,1315.0,1298.8,1314.1,1077.599
2022-03-14 11:00:00,1314.1,1314.3,1308.5,1313.7,246.211
2022-03-14 15:00:00,1313.8,1318.6,1312.3,1318.4,487.08
2022-03-14 19:00:00,1318.4,1329.9,1316.7,1327.9,1070.479
2022-03-14 23:00:00,1328.0,1337.7,1321.6,1330.0,1121.627
2022-03-15 03:00:00,1330.3,1330.8,1319.5,1322.9,809.566
2022-03-15 07:00:00,1322.5,1324.6,1320.2,1321.9,359.579
2022-03-15 11:00:00,1321.9,1328.2,1321.1,1325.7,512.697
2022-03-15 15:00:00,1325.8,1330.8,1317.6,1319.7,754.739
2022-03-15 19:00:00,1319.9,1320.3,1305.8,1308.5,977.931
2022-03-15 23:00:00,1308.6,1317.4,1307.2,1310.6,526.339
2022-03-16 03:00:00,1310.5,1337.3,1302.7,1307.1,3545.923
2022-03-16 07:00:00,1307.0,1312.6,1303.4,1310.1,608.598
2022-03-16 11:00:00,1310.1,1325.2,1309.0,1323.6,1308.243
2022-03-16 15:00:00,1323.6,1332.4,1318.0,1320.6,993.866
2022-03-16 19:00:00,1320.6,1321.7,1304.3,1307.5,1199.981
2022-03-16 23:00:00,1307.5,1315.6,1302.3,1303.2,698.981
2022-03-17 03:00:00,1303.0,1307.9,1300.0,1302.5,676.505
2022-03-17 07:00:00,1302.6,1308.0,1296.1,1298.1,806.304
2022-03-17 11:00:00,1298.0,1299.9,1293.0,1293.6,810.445
2022-03-17 15:00:00,1293.6,1294.1,1281.5,1284.5,1194.578
2022-03-17 19:00:00,1284.5,1288.2,1277.9,1278.8,608.282
2022-03-17 23:00:00,1278.8,1287.3,1278.6,1287.0,236.532
2022-03-18 03:00:00,1286.9,1291.5,1284.4,1290.6,498.192
2022-03-18 07:00:00,1290.6,1294.3,1286.6,1288.4,475.162
2022-03-18 11:00:00,1288.3,1290.9,1281.3,1284.4,697.524
2022-03-18 15:00:00,1284.2,1285.8,1263.0,1264.4,1464.276
2022-03-18 19:00:00,1264.4,1274.0,1262.8,1271.3,1182.804
2022-03-18 23:00:00,1270.9,1273.9,1267.3,1271.9,455.58
2022-03-19 03:00:00,1272.1,1272.8,1260.8,1268.4,934.498
2022-03-19 07:00:00,1268.5,1271.2,1265.4,1268.4,522.769
2022-03-19 11:00:00,1268.4,1268.9,1260.4,1261.3,804.189
2022-03-19 15:00:00,1261.2,1261.3,1252.3,1254.9,2008.222
2022-03-19 19:00:00,1254.8,1261.4,1251.0,1261.2,1565.914
2022-03-19 23:00:00,1261.2,1272.3,1260.7,1265.7,984.224
2022-03-20 03:00:00,1265.4,1273.0,1263.0,1265.4,686.641
2022-03-20 07:00:00,1265.4,1267.7,1262.6,1264.7,424.263
2022-03-20 11:00:00,1265.0,1276.8,1263.5,1274.4,529.564
2022-03-20 15:00:00,1274.4,1279.9,1271.2,1278.2,1122.55
2022-03-20 19:00:00,1278.1,1280.7,1270.9,1271.0,816.937
2022-03-20 23:00:00,1271.0,1274.8,1266.9,1273.3,576.091
2022-03-21 03:00:00,1273.2,1276.2,1265.3,1267.6,579.073
2022-03-21 07:00:00,1267.6,1268.9,1253.2,1255.6,1466.15
2022-03-21 11:00:00,1255.7,1262.7,1252.7,1254.6,724.831
2022-03-21 15:00:00,1254.6,1255.2,1240.7,1241.1,1135.845
2022-03-21 19:00:00,1241.1,1248.2,1239.0,1247.2,669.203
2022-03-21 23:00:00,1246.7,1251.1,1246.2,1249.0,449.639
2022-03-22 03:00:00,1249.1,1254.7,1242.8,1245.2,731.901
2022-03-22 07:00:00,1245.1,1259.6,1243.8,1247.7,889.099
2022-03-22 11:00:00,1247.7,1256.2,1245.8,1255.7,451.023
2022-03-22 15:00:00,1255.8,1259.3,1248.8,1251.0,509.691
2022-03-22 19:00:00,1251.1,1252.8,1248.0,1250.3,211.802
2022-03-22 23:00:00,1250.4,1254.1,1247.2,1252.9,212.074
2022-03-23 03:00:00,1253.0,1256.6,1249.3,1253.5,381.321
2022-03-23 07:00:00,1253.5,1254.4,1248.8,1252.8,252.535
2022-03-23 11:00:00,1252.7,1257.6,1248.5,1250.5,318.02
2022-03-23 15:00:00,1250.6,1254.5,1226.8,1230.7,1610.798
2022-03-23 19:00:00,1230.9,1243.8,1230.6,1243.3,651.336
2022-03-23 23:00:00,1243.6,1243.7,1234.5,1237.2,292.038
2022-03-24 03:00:00,1237.1,1240.0,1230.2,1238.9,486.668
2022-03-24 07:00:00,1238.8,1240.0,1231.4,1235.0,369.522
2022-03-24 11:00:00,1235.0,1236.3,1226.3,1227.9,667.033
2022-03-24 15:00:00,1227.9,1236.9,1226.5,1235.3,724.208
2022-03-24 19:00:00,1235.4,1237.6,1231.4,1232.0,579.807
2022-03-24 23:00:00,1232.0,1237.3,1231.2,1235.0,218.159
2022-03-25 03:00:00,1235.1,1241.3,1230.6,1230.9,474.427
2022-03-25 07:00:00,1230.7,1232.9,1226.6,1232.2,638.534
2022-03-25 11:00:00,1232.1,1237.7,1232.0,1236.0,603.615
2022-03-25 15:00:00,1235.7,1251.9,1235.0,1250.6,1829.963
2022-03-25 19:00:00,1250.5,1269.3,1250.3,1258.4,1766.974
2022-03-25 23:00:00,1258.3,1261.5,1256.8,1259.4,329.371
2022-03-26 03:00:00,1259.4,1261.5,1256.2,1259.1,181.469
2022-03-26 07:00:00,1259.1,1261.1,1246.7,1249.2,550.858
2022-03-26 11:00:00,1249.2,1253.2,1249.0,1250.1,268.938
2022-03-26 15:00:00,1250.1,1253.7,1245.4,1247.7,296.613
2022-03-26 19:00:00,1247.8,1251.6,1245.3,1248.6,232.851
2022-03-26 23:00:00,1248.3,1252.9,1242.7,1243.9,305.856
2022-03-27 03:00:00,1243.9,1248.6,1243.8,1247.0,155.372
2022-03-27 07:00:00,1247.1,1248.2,1242.6,1243.6,229.525
2022-03-27 11:00:00,1243.9,1247.2,1242.9,1245.8,234.709
2022-03-27 15:00:00,1245.8,1252.7,1241.2,1244.5,898.609
2022-03-27 19:00:00,1244.4,1250.0,1237.5,1238.7,702.508
2022-03-27 23:00:00,1238.6,1261.9,1238.0,1248.7,1375.061
2022-03-28 03:00:00,1248.8,1258.0,1244.4,1247.2,537.83
2022-03-28 07:00:00,1247.2,1248.3,1238.3,1242.1,561.938
2022-03-28 11:00:00,1242.1,1244.5,1238.4,1240.4,516.457
2022-03-28 15:00:00,1240.4,1242.0,1233.2,1240.0,1089.105
2022-03-28 19:00:00,1240.1,1246.7,1233.8,1239.0,854.144
2022-03-28 23:00:00,1238.9,1253.8,1234.9,1252.3,862.069
2022-03-29 03:00:00,1252.3,1252.3,1238.7,1242.1,646.471
2022-03-29 07:00:00,1241.9,1243.0,1233.0,1237.0,503.971
2022-03-29 11:00:00,1237.0,1237.2,1226.8,1226.9,656.974
2022-03-29 15:00:00,1226.8,1238.8,1223.5,1236.7,1510.464
2022-03-29 19:00:00,1236.6,1244.0,1234.8,1235.4,749.229
2022-03-29 23:00:00,1236.2,1246.1,1235.0,1237.3,379.35
2022-03-30 03:00:00,1237.3,1246.5,1237.3,1242.2,436.086
2022-03-30 07:00:00,1241.7,1245.7,1232.6,1232.8,595.204
2022-03-30 11:00:00,1232.8,1236.1,1228.5,1228.7,483.846
2022-03-30 15:00:00,1228.7,1234.4,1227.6,1228.1,695.55
2022-03-30 19:00:00,1228.1,1228.9,1218.7,1220.7,1307.812
2022-03-30 23:00:00,1220.7,1224.2,1218.7,1223.4,375.619
2022-03-31 03:00:00,1222.8,1224.0,1214.7,1218.7,569.004
2022-03-31 07:00:00,1218.8,1219.4,1214.6,1215.1,423.838
2022-03-31 11:00:00,1215.2,1216.9,1210.3,1211.7,623.205
2022-03-31 15:00:00,1211.7,1227.6,1211.0,1223.1,1691.273
2022-03-31 19:00:00,1223.0,1231.0,1220.2,1221.8,1354.397
2022-03-31 23:00:00,1221.9,1224.5,1218.5,1220.0,370.727
2022-04-01 03:00:00,1219.9,1221.3,1210.9,1212.0,842.356
2022-04-01 07:00:00,1211.9,1214.1,1206.6,1206.7,435.637
2022-04-01 11:00:00,1206.7,1212.7,1206.7,1211.0,341.452
2022-04-01 15:00:00,1211.1,1214.1,1195.0,1202.0,1568.292
2022-04-01 19:00:00,1202.0,1203.3,1188.1,1188.1,950.664
2022-04-01 23:00:00,1188.1,1191.6,1187.2,1188.2,470.147
2022-04-02 03:00:00,1188.5,1190.9,1184.0,1188.5,731.986
2022-04-02 07:00:00,1188.5,1189.8,1182.8,1183.9,790.168
2022-04-02 11:00:00,1184.0,1188.6,1181.8,1182.4,845.683
2022-04-02 15:00:00,1182.4,1189.8,1180.0,1188.3,1226.213
2022-04-02 19:00:00,1188.3,1188.3,1179.4,1184.1,586.324
2022-04-02 23:00:00,1184.1,1187.6,1182.0,1186.4,274.546
2022-04-03 03:00:00,1186.2,1191.6,1181.8,1182.6,684.524
2022-04-03 07:00:00,1182.5,1186.5,1178.4,1181.5,520.86
2022-04-03 11:00:00,1181.4,1184.7,1179.0,1180.9,272.865
2022-04-03 15:00:00,1180.8,1183.0,1177.0,1177.8,617.913
2022-04-03 19:00:00,1177.8,1180.6,1175.9,1179.5,2520.542
2022-04-03 23:00:00,1179.5,1181.2,1170.0,1170.1,833.5
2022-04-04 03:00:00,1170.0,1174.0,1166.9,1172.5,1048.698
2022-04-04 07:00:00,1172.5,1172.8,1167.3,1168.3,305.785
2022-04-04 11:00:00,1168.4,1178.7,1168.4,1172.9,944.427
2022-04-04 15:00:00,1172.8,1183.9,1171.7,1183.7,1867.93
2022-04-04 19:00:00,1183.7,1185.4,1175.3,1176.5,911.756
2022-04-04 23:00:00,1176.4,1184.3,1175.8,1180.1,617.348
2022-04-05 03:00:00,1180.1,1182.7,1176.2,1177.1,350.133
2022-04-05 07:00:00,1177.1,1181.8,1176.5,1177.9,265.593
2022-04-05 11:00:00,1177.8,1180.8,1174.8,1177.1,292.857
2022-04-05 15:00:00,1177.0,1185.0,1172.5,1173.0,1359.232
2022-04-05 19:00:00,1173.1,1179.3,1171.0,1177.4,427.285
2022-04-05 23:00:00,1177.5,1183.6,1176.5,1183.1,455.138
2022-04-06 03:00:00,1183.0,1203.1,1181.7,1197.1,2952.07
2022-04-06 07:00:00,1197.1,1201.2,1191.7,1196.2,701.209
2022-04-06 11:00:00,1196.2,1210.2,1194.5,1206.2,2435.62
2022-04-06 15:00:00,1206.2,1213.3,1202.3,1209.6,2981.792
2022-04-06 19:00:00,1209.5,1219.2,1204.3,1207.4,2483.381
2022-04-06 23:00:00,1207.3,1218.8,1205.4,1217.6,964.578
2022-04-07 03:00:00,1217.6,1218.5,1211.1,1212.7,896.285
2022-04-07 07:00:00,1212.7,1213.8,1198.9,1200.7,1123.0
2022-04-07 11:00:00,1200.6,1205.0,1196.8,1198.2,892.49
2022-04-07 15:00:00,1198.2,1213.3,1195.2,1205.9,1588.647
2022-04-07 19:00:00,1205.9,1207.6,1197.4,1198.2,743.043
2022-04-07 23:00:00,1198.2,1201.2,1192.6,1193.9,631.021
2022-04-08 03:00:00,1194.0,1194.5,1185.0,1185.6,875.167
2022-04-08 07:00:00,1185.5,1192.4,1184.0,1190.0,705.302
2022-04-08 11:00:00,1189.9,1194.0,1184.2,1193.9,725.555
2022-04-08 15:00:00,1193.8,1198.0,1190.0,1194.7,964.709
2022-04-08 19:00:00,1194.7,1197.1,1185.6,1188.7,678.587
2022-04-08 23:00:00,1188.3,1197.2,1185.4,1192.6,727.412
2022-04-09 03:00:00,1192.7,1194.7,1187.3,1189.8,767.721
2022-04-09 07:00:00,1189.5,1194.4,1188.3,1189.4,626.844
2022-04-09 11:00:00,1189.4,1192.6,1187.9,1189.0,330.342
2022-04-09 15:00:00,1189.0,1189.9,1184.0,1188.8,479.153
2022-04-09 19:00:00,1188.9,1190.8,1185.9,1189.2,332.84
2022-04-09 23:00:00,1189.2,1190.0,1179.7,1184.2,838.045
2022-04-10 03:00:00,1184.1,1186.2,1180.5,1182.7,479.792
2022-04-10 07:00:00,1182.7,1185.8,1181.5,1185.7,159.037
2022-04-10 11:00:00,1185.7,1187.1,1184.7,1186.5,230.739
2022-04-10 15:00:00,1186.5,1187.9,1183.8,1184.8,244.599
2022-04-10 19:00:00,1184.8,1185.1,1177.7,1181.2,504.454
2022-04-10 23:00:00,1181.7,1188.5,1176.8,1187.6,813.605
2022-04-11 03:00:00,1187.6,1201.6,1185.3,1199.5,1733.971
2022-04-11 07:00:00,1199.6,1201.8,1197.3,1199.4,694.774
2022-04-11 11:00:00,1199.4,1222.7,1199.4,1217.2,4755.864
2022-04-11 15:00:00,1217.3,1223.4,1216.1,1221.0,3254.612
2022-04-11 19:00:00,1221.0,1227.5,1202.8,1204.1,3911.164
2022-04-11 23:00:00,1204.0,1213.3,1201.2,1204.8,1862.361
2022-04-12 03:00:00,1204.9,1206.4,1200.5,1206.1,1036.553
2022-04-12 07:00:00,1206.0,1206.3,1196.1,1198.1,1300.643
2022-04-12 11:00:00,1198.5,1200.7,1194.2,1194.4,720.484
2022-04-12 15:00:00,1194.4,1197.5,1184.8,1190.7,1791.77
2022-04-12 19:00:00,1190.6,1195.5,1188.2,1194.1,510.162
2022-04-12 23:00:00,1193.8,1195.1,1188.0,1192.2,441.546
2022-04-13 03:00:00,1192.2,1192.4,1183.5,1184.2,664.025
2022-04-13 07:00:00,1184.3,1187.3,1181.0,1186.0,501.199
2022-04-13 11:00:00,1186.0,1188.9,1182.7,1188.8,772.254
2022-04-13 15:00:00,1188.8,1200.9,1185.9,1197.2,1869.34
2022-04-13 19:00:00,1198.4,1201.9,1196.1,1199.8,714.508
2022-04-13 23:00:00,1199.7,1199.7,1190.0,1192.7,508.336
2022-04-14 03:00:00,1192.7,1194.9,1188.5,1194.1,502.562
2022-04-14 07:00:00,1193.9,1195.8,1189.7,1193.5,414.958
2022-04-14 11:00:00,1193.5,1200.5,1192.7,1200.2,797.038
2022-04-14 15:00:00,1200.1,1200.6,1192.8,1194.5,581.884
2022-04-14 19:00:00,1194.8,1196.7,1190.4,1195.4,484.342
2022-04-14 23:00:00,1195.5,1196.9,1187.2,1189.5,565.278
2022-04-15 03:00:00,1189.4,1190.2,1179.8,1180.9,809.308
2022-04-15 07:00:00,1180.8,1186.5,1179.1,1184.8,594.4
2022-04-15 11:00:00,1184.8,1187.3,1182.0,1185.0,840.975
2022-04-15 15:00:00,1185.4,1193.3,1184.4,1189.5,883.355
2022-04-15 19:00:00,1189.3,1191.8,1188.3,1191.6,303.163
2022-04-15 23:00:00,1191.7,1191.8,1188.1,1189.4,231.241
2022-04-16 03:00:00,1189.4,1191.0,1187.6,1189.8,224.421
2022-04-16 07:00:00,1189.5,1189.6,1187.8,1189.4,155.444
2022-04-16 11:00:00,1189.4,1189.7,1186.4,1188.6,263.067
2022-04-16 15:00:00,1188.6,1190.7,1186.3,1188.9,279.107
2022-04-16 19:00:00,1188.8,1190.9,1187.3,1188.7,272.082
2022-04-16 23:00:00,1188.8,1190.2,1177.8,1181.0,817.284
2022-04-17 03:00:00,1181.0,1185.8,1180.2,1185.4,407.658
2022-04-17 07:00:00,1185.5,1187.4,1182.8,1183.7,508.891
2022-04-17 11:00:00,1183.7,1187.5,1183.7,1186.5,253.908
2022-04-17 15:00:00,1186.5,1186.6,1176.9,1178.5,1026.606
2022-04-17 19:00:00,1178.8,1186.0,1175.0,1185.1,685.119
2022-04-17 23:00:00,1185.3,1191.9,1178.6,1191.9,927.792
2022-04-18 03:00:00,1192.0,1196.1,1190.7,1193.0,1046.728
2022-04-18 07:00:00,1193.0,1207.0,1192.9,1205.7,2206.352
2022-04-18 11:00:00,1205.8,1207.8,1199.2,1201.8,1474.169
2022-04-18 15:00:00,1201.8,1205.0,1197.1,1201.7,1517.971
2022-04-18 19:00:00,1202.0,1212.7,1199.8,1209.6,1656.126
2022-04-18 23:00:00,1209.7,1211.0,1196.0,1196.0,1228.173
2022-04-19 03:00:00,1196.0,1200.3,1192.4,1200.1,765.251
2022-04-19 07:00:00,1200.0,1201.0,1195.4,1198.5,396.216
2022-04-19 11:00:00,1198.7,1199.9,1194.2,1197.0,628.093
2022-04-19 15:00:00,1197.0,1201.9,1194.5,1197.3,1027.93
2022-04-19 19:00:00,1197.2,1199.7,1194.0,1195.0,372.214
2022-04-19 23:00:00,1195.0,1198.4,1194.3,1196.1,211.488
2022-04-20 03:00:00,1196.1,1203.6,1196.0,1199.4,444.66
2022-04-20 07:00:00,1199.5,1200.1,1194.6,1196.3,335.528
2022-04-20 11:00:00,1196.4,1200.5,1193.5,1195.0,882.718
2022-04-20 15:00:00,1195.1,1205.0,1192.5,1203.0,1032.909
2022-04-20 19:00:00,1203.1,1208.0,1202.2,1204.0,341.716
2022-04-20 23:00:00,1204.1,1208.9,1202.9,1206.4,236.526
2022-04-21 03:00:00,1206.5,1208.1,1204.0,1206.1,221.584
2022-04-21 07:00:00,1206.0,1210.8,1204.2,1210.2,369.315
2022-04-21 11:00:00,1210.2,1217.7,1209.7,1211.0,1372.936
2022-04-21 15:00:00,1210.8,1215.7,1209.1,1213.9,742.64
2022-04-21 19:00:00,1213.9,1217.3,1210.3,1216.8,549.743
2022-04-21 23:00:00,1216.7,1218.9,1211.8,1217.0,883.007
2022-04-22 03:00:00,1217.1,1217.2,1209.3,1211.7,435.038
2022-04-22 07:00:00,1211.8,1211.8,1206.4,1208.2,366.754
2022-04-22 11:00:00,1208.2,1210.6,1205.7,1207.4,500.441
2022-04-22 15:00:00,1207.4,1210.5,1197.4,1198.0,860.501
2022-04-22 19:00:00,1198.0,1198.3,1189.4,1193.8,953.306
2022-04-22 23:00:00,1193.7,1200.8,1190.6,1199.8,371.34
2022-04-23 03:00:00,1199.8,1202.2,1196.6,1200.9,356.171
2022-04-23 07:00:00,1201.2,1207.7,1199.2,1199.2,551.394
2022-04-23 11:00:00,1199.2,1200.1,1196.8,1198.3,253.203
2022-04-23 15:00:00,1198.4,1201.5,1198.3,1200.0,190.845
2022-04-23 19:00:00,1200.2,1203.9,1199.9,1202.9,203.861
2022-04-23 23:00:00,1203.1,1206.7,1201.0,1204.4,253.483
2022-04-24 03:00:00,1204.5,1207.7,1203.2,1204.4,392.049
2022-04-24 07:00:00,1204.4,1206.7,1202.6,1206.7,185.006
2022-04-24 11:00:00,1206.7,1209.7,1205.3,1209.6,406.671
2022-04-24 15:00:00,1209.6,1213.0,1206.1,1209.6,889.334
2022-04-24 19:00:00,1209.6,1213.0,1204.0,1207.6,736.823
2022-04-24 23:00:00,1207.6,1214.3,1206.8,1213.5,263.569
2022-04-25 03:00:00,1213.7,1228.9,1213.2,1225.9,2535.507
2022-04-25 07:00:00,1226.1,1237.2,1225.2,1235.6,2215.533
2022-04-25 11:00:00,1235.6,1239.2,1223.1,1223.3,2490.836
2022-04-25 15:00:00,1223.3,1228.4,1220.0,1223.9,1193.95
2022-04-25 19:00:00,1223.7,1224.9,1209.3,1209.9,1222.898
2022-04-25 23:00:00,1210.1,1214.5,1208.1,1213.6,476.526
2022-04-26 03:00:00,1213.5,1222.2,1211.7,1219.4,574.686
2022-04-26 07:00:00,1219.5,1224.3,1215.5,1222.0,746.264
2022-04-26 11:00:00,1222.3,1222.7,1219.4,1222.2,356.857
2022-04-26 15:00:00,1222.1,1230.4,1221.1,1221.1,1255.085
2022-04-26 19:00:00,1221.0,1224.7,1210.3,1221.5,1581.769
2022-04-26 23:00:00,1221.2,1234.5,1218.7,1228.2,1555.048
2022-04-27 03:00:00,1228.3,1231.7,1222.7,1223.5,1062.581
2022-04-27 07:00:00,1223.7,1225.2,1215.5,1221.3,711.877
2022-04-27 11:00:00,1221.2,1229.5,1218.5,1229.3,1710.978
2022-04-27 15:00:00,1229.3,1234.3,1225.6,1233.4,1419.953
2022-04-27 19:00:00,1234.0,1236.6,1231.9,1236.2,709.949
2022-04-27 23:00:00,1235.9,1238.2,1230.0,1232.8,522.172
2022-04-28 03:00:00,1232.7,1239.0,1232.1,1239.0,556.03
2022-04-28 07:00:00,1238.9,1240.7,1233.5,1234.1,670.447
2022-04-28 11:00:00,1234.1,1234.1,1224.7,1230.8,895.454
2022-04-28 15:00:00,1230.8,1246.8,1230.5,1241.6,1548.232
2022-04-28 19:00:00,1241.1,1245.0,1233.7,1238.2,968.657
2022-04-28 23:00:00,1238.2,1240.7,1233.9,1234.6,407.814
2022-04-29 03:00:00,1234.7,1240.4,1233.4,1234.4,555.11
2022-04-29 07:00:00,1234.4,1237.1,1230.4,1232.6,649.315
2022-04-29 11:00:00,1232.5,1245.0,1230.8,1241.6,2936.534
2022-04-29 15:00:00,1241.7,1246.2,1239.2,1244.9,1516.79
2022-04-29 19:00:00,1244.9,1255.5,1241.2,1253.2,2190.613
2022-04-29 23:00:00,1253.2,1255.4,1248.6,1251.9,1125.294
2022-04-30 03:00:00,1251.9,1252.1,1245.0,1249.0,1024.782
2022-04-30 07:00:00,1249.0,1249.2,1242.3,1244.1,798.298
2022-04-30 11:00:00,1244.2,1247.5,1243.5,1244.6,531.285
2022-04-30 15:00:00,1244.7,1258.6,1243.0,1250.4,1603.251
2022-04-30 19:00:00,1250.5,1261.7,1250.4,1256.8,1094.147
2022-04-30 23:00:00,1256.9,1292.8,1255.5,1281.8,2269.677
2022-05-01 03:00:00,1281.7,1284.3,1270.3,1271.0,1567.192
2022-05-01 07:00:00,1271.0,1275.0,1262.3,1268.6,912.515
2022-05-01 11:00:00,1268.5,1271.9,1262.3,1271.7,817.407
2022-05-01 15:00:00,1271.5,1273.6,1260.7,1262.7,1586.971
2022-05-01 19:00:00,1262.6,1266.4,1258.2,1263.3,818.337
2022-05-01 23:00:00,1263.3,1266.0,1255.1,1258.4,524.835
2022-05-02 03:00:00,1258.4,1262.1,1254.6,1262.1,717.766
2022-05-02 07:00:00,1262.1,1265.8,1259.3,1265.7,442.794
2022-05-02 11:00:00,1265.7,1282.2,1264.9,1278.9,1270.029
2022-05-02 15:00:00,1278.8,1279.3,1272.4,1272.9,995.219
2022-05-02 19:00:00,1272.4,1279.9,1263.1,1266.0,1050.581
2022-05-02 23:00:00,1266.0,1266.0,1256.5,1258.4,622.054
2022-05-03 03:00:00,1258.4,1261.0,1254.8,1256.0,572.753
2022-05-03 07:00:00,1255.5,1260.0,1254.1,1258.1,594.355
2022-05-03 11:00:00,1258.1,1261.7,1254.6,1255.1,487.367
2022-05-03 15:00:00,1255.3,1259.9,1255.0,1258.7,440.629
2022-05-03 19:00:00,1258.7,1265.1,1255.6,1265.0,636.712
2022-05-03 23:00:00,1264.8,1265.3,1256.2,1258.2,361.326
2022-05-04 03:00:00,1258.0,1259.8,1254.5,1258.9,448.133
2022-05-04 07:00:00,1258.5,1265.3,1255.0,1264.9,682.443
2022-05-04 11:00:00,1264.9,1269.7,1253.8,1257.3,1521.524
2022-05-04 15:00:00,1257.3,1268.2,1257.2,1266.9,806.804
2022-05-04 19:00:00,1267.2,1268.9,1240.6,1244.1,2445.994
2022-05-04 23:00:00,1244.2,1245.8,1235.6,1235.7,690.262
2022-05-05 03:00:00,1235.7,1237.0,1228.8,1235.0,936.936
2022-05-05 07:00:00,1234.8,1239.2,1234.0,1236.7,521.369
2022-05-05 11:00:00,1236.7,1242.4,1235.3,1240.2,653.884
2022-05-05 15:00:00,1240.3,1246.5,1230.6,1239.9,2385.396
2022-05-05 19:00:00,1239.9,1244.3,1222.4,1227.7,1567.456
2022-05-05 23:00:00,1228.1,1229.8,1222.5,1229.1,642.774
2022-05-06 03:00:00,1229.1,1232.5,1222.3,1226.5,894.557
2022-05-06 07:00:00,1226.1,1230.0,1223.0,1229.9,510.482
2022-05-06 11:00:00,1229.9,1233.2,1224.7,1230.2,1032.201
2022-05-06 15:00:00,1230.1,1236.8,1223.0,1230.4,2106.445
2022-05-06 19:00:00,1230.3,1233.7,1227.1,1228.8,514.468
2022-05-06 23:00:00,1228.2,1229.5,1223.3,1227.1,412.883
2022-05-07 03:00:00,1227.2,1232.9,1224.8,1232.1,422.245
2022-05-07 07:00:00,1232.1,1238.2,1229.2,1231.8,1114.725
2022-05-07 11:00:00,1231.8,1233.4,1227.9,1232.0,800.938
2022-05-07 15:00:00,1231.6,1233.8,1226.6,1227.1,486.829
2022-05-07 19:00:00,1227.0,1230.3,1225.6,1228.9,312.279
2022-05-07 23:00:00,1228.9,1242.6,1219.0,1240.9,2069.113
2022-05-08 03:00:00,1240.8,1245.6,1231.0,1240.3,1328.774
2022-05-08 07:00:00,1240.0,1243.8,1238.2,1239.4,531.908
2022-05-08 11:00:00,1239.3,1242.5,1236.6,1239.8,606.099
2022-05-08 15:00:00,1239.9,1248.2,1238.2,1244.0,857.635
2022-05-08 19:00:00,1244.0,1245.7,1233.2,1236.1,960.724
2022-05-08 23:00:00,1236.0,1238.8,1229.5,1235.2,613.068
2022-05-09 03:00:00,1235.2,1249.2,1230.7,1244.0,1061.019
2022-05-09 07:00:00,1244.1,1255.5,1242.5,1254.5,1093.619
2022-05-09 11:00:00,1254.3,1275.0,1252.8,1270.4,2989.076
2022-05-09 15:00:00,1270.3,1271.8,1256.8,1261.0,2598.631
2022-05-09 19:00:00,1260.9,1277.0,1258.4,1269.5,5235.732
2022-05-09 23:00:00,1269.4,1273.0,1255.4,1268.0,2451.414
2022-05-10 03:00:00,1268.0,1279.5,1248.0,1253.0,4226.296
2022-05-10 07:00:00,1253.0,1256.1,1230.7,1238.3,3035.255
2022-05-10 11:00:00,1238.8,1239.1,1221.9,1222.3,1688.056
2022-05-10 15:00:00,1222.5,1239.8,1219.8,1231.0,1875.232
2022-05-10 19:00:00,1231.0,1242.8,1225.3,1239.5,1279.01
2022-05-10 23:00:00,1239.6,1257.3,1237.1,1240.4,1793.254
2022-05-11 03:00:00,1240.1,1244.5,1228.4,1243.5,1322.084
2022-05-11 07:00:00,1243.4,1270.0,1241.8,1261.7,3076.756
2022-05-11 11:00:00,1261.6,1274.5,1240.6,1272.1,3536.179
2022-05-11 15:00:00,1271.8,1392.3,1264.1,1335.4,12334.999
2022-05-11 19:00:00,1335.2,1378.4,1329.5,1370.9,6437.469
2022-05-11 23:00:00,1370.9,1387.0,1349.0,1362.0,7106.84
2022-05-12 03:00:00,1362.3,1434.3,1345.0,1433.4,9931.659
2022-05-12 07:00:00,1433.2,1514.5,1412.0,1454.4,17592.705
2022-05-12 11:00:00,1453.8,1465.2,1410.0,1436.0,5069.679
2022-05-12 15:00:00,1436.5,1452.5,1414.2,1439.6,2877.124
2022-05-12 19:00:00,1439.7,1444.4,1416.3,1427.7,1358.691
2022-05-12 23:00:00,1428.9,1468.7,1426.4,1445.1,1554.288
2022-05-13 03:00:00,1445.7,1449.4,1387.1,1391.7,2457.704
2022-05-13 07:00:00,1391.7,1402.4,1367.8,1401.5,2409.479
2022-05-13 11:00:00,1401.5,1401.9,1366.5,1368.4,1724.256
2022-05-13 15:00:00,1367.7,1382.7,1358.0,1375.1,1899.829
2022-05-13 19:00:00,1374.7,1389.4,1368.4,1386.1,1248.698
2022-05-13 23:00:00,1386.4,1390.7,1368.0,1384.6,942.971
2022-05-14 03:00:00,1385.1,1388.7,1358.3,1364.1,1002.307
2022-05-14 07:00:00,1364.7,1381.8,1364.6,1378.9,747.248
2022-05-14 11:00:00,1378.7,1408.5,1369.3,1401.0,1417.562
2022-05-14 15:00:00,1401.4,1416.3,1396.4,1411.1,1613.011
2022-05-14 19:00:00,1410.7,1411.1,1390.6,1396.6,1115.726
2022-05-14 23:00:00,1396.5,1397.4,1380.0,1385.2,538.927
2022-05-15 03:00:00,1385.8,1408.0,1380.8,1403.3,863.686
2022-05-15 07:00:00,1403.3,1404.3,1384.6,1389.6,449.396
2022-05-15 11:00:00,1389.5,1391.1,1372.8,1375.2,620.499
2022-05-15 15:00:00,1374.4,1388.3,1370.0,1381.3,984.357
2022-05-15 19:00:00,1380.8,1383.7,1365.3,1368.8,438.545
2022-05-15 23:00:00,1368.7,1381.9,1366.9,1372.5,617.479
2022-05-16 03:00:00,1372.5,1384.8,1370.3,1375.0,800.974
2022-05-16 07:00:00,1374.8,1394.1,1373.3,1386.1,1019.623
2022-05-16 11:00:00,1386.5,1399.8,1380.3,1390.1,944.466
2022-05-16 15:00:00,1390.2,1396.0,1380.8,1391.0,925.804
2022-05-16 19:00:00,1390.9,1392.3,1378.1,1384.2,412.715
2022-05-16 23:00:00,1383.8,1396.5,1379.4,1393.7,527.993
2022-05-17 03:00:00,1393.2,1393.5,1375.7,1377.1,510.48
2022-05-17 07:00:00,1377.4,1382.0,1370.4,1381.9,668.33
2022-05-17 11:00:00,1381.9,1382.1,1372.1,1373.9,430.169
2022-05-17 15:00:00,1373.7,1381.4,1361.5,1377.6,939.544
2022-05-17 19:00:00,1377.6,1386.8,1375.9,1380.7,789.724
2022-05-17 23:00:00,1380.5,1384.0,1362.6,1368.3,542.222
2022-05-18 03:00:00,1368.3,1377.7,1364.1,1375.8,945.677
2022-05-18 07:00:00,1375.8,1384.5,1372.4,1379.3,369.883
2022-05-18 11:00:00,1379.5,1384.7,1378.3,1381.7,358.038
2022-05-18 15:00:00,1381.2,1406.3,1380.7,1402.4,2145.405
2022-05-18 19:00:00,1402.3,1404.6,1394.7,1395.9,821.074
2022-05-18 23:00:00,1395.0,1420.2,1395.0,1416.4,1206.402
2022-05-19 03:00:00,1416.1,1434.2,1407.9,1411.8,3176.766
2022-05-19 07:00:00,1411.7,1415.3,1404.7,1410.7,1250.165
2022-05-19 11:00:00,1410.8,1428.4,1410.1,1412.0,2814.981
2022-05-19 15:00:00,1412.1,1423.0,1406.3,1416.0,2728.068
2022-05-19 19:00:00,1416.5,1421.0,1410.8,1419.7,806.331
2022-05-19 23:00:00,1419.9,1427.9,1415.2,1417.6,752.096
2022-05-20 03:00:00,1416.8,1421.9,1408.3,1409.8,839.355
2022-05-20 07:00:00,1409.9,1413.0,1400.1,1411.5,898.295
2022-05-20 11:00:00,1411.9,1412.7,1396.0,1397.3,1033.147
2022-05-20 15:00:00,1396.6,1416.3,1396.1,1408.6,1671.817
2022-05-20 19:00:00,1408.8,1418.4,1404.6,1406.4,3399.778
2022-05-20 23:00:00,1406.2,1412.0,1402.0,1408.6,1076.862
2022-05-21 03:00:00,1409.0,1416.9,1402.6,1402.8,934.809
2022-05-21 07:00:00,1402.6,1409.0,1401.1,1402.4,649.901
2022-05-21 11:00:00,1402.4,1406.1,1399.1,1401.8,368.002
2022-05-21 15:00:00,1401.9,1405.2,1395.7,1399.2,578.578
2022-05-21 19:00:00,1399.2,1400.2,1393.0,1396.2,794.125
2022-05-21 23:00:00,1396.2,1401.6,1395.1,1399.1,193.492
2022-05-22 03:00:00,1399.0,1400.3,1393.3,1393.9,280.981
2022-05-22 07:00:00,1394.0,1398.7,1394.0,1395.7,201.159
2022-05-22 11:00:00,1395.9,1397.6,1389.2,1392.4,649.913
2022-05-22 15:00:00,1392.3,1399.2,1389.6,1396.5,454.41
2022-05-22 19:00:00,1396.3,1403.0,1396.2,1400.9,270.09
2022-05-22 23:00:00,1401.1,1401.3,1392.6,1393.8,299.659
2022-05-23 03:00:00,1394.2,1399.9,1390.0,1396.0,336.297
2022-05-23 07:00:00,1396.0,1396.7,1380.4,1382.1,671.766
2022-05-23 11:00:00,1382.1,1385.6,1373.0,1373.4,776.387
2022-05-23 15:00:00,1373.4,1381.4,1370.0,1372.3,441.965
2022-05-23 19:00:00,1372.2,1377.0,1366.1,1373.8,826.528
2022-05-23 23:00:00,1373.7,1390.3,1368.6,1387.0,693.705
2022-05-24 03:00:00,1386.9,1389.6,1378.1,1379.0,189.332
2022-05-24 07:00:00,1379.0,1389.9,1377.8,1385.2,285.275
2022-05-24 11:00:00,1385.1,1399.2,1384.0,1393.3,802.121
2022-05-24 15:00:00,1393.4,1412.0,1392.2,1396.9,1601.531
2022-05-24 19:00:00,1397.1,1407.5,1394.8,1399.9,536.626
2022-05-24 23:00:00,1399.8,1401.8,1390.0,1397.3,394.532
2022-05-25 03:00:00,1397.1,1402.3,1391.0,1398.3,398.55
2022-05-25 07:00:00,1398.5,1406.3,1398.4,1403.9,423.734
2022-05-25 11:00:00,1404.0,1419.1,1404.0,1413.3,695.846
2022-05-25 15:00:00,1413.8,1419.2,1405.0,1409.4,874.341
2022-05-25 19:00:00,1409.7,1419.1,1408.6,1415.3,538.573
2022-05-25 23:00:00,1414.9,1418.8,1411.0,1415.5,194.641
2022-05-26 03:00:00,1415.2,1426.9,1411.9,1423.9,524.424
2022-05-26 07:00:00,1423.9,1451.3,1423.6,1445.0,2449.489
2022-05-26 11:00:00,1445.1,1495.9,1444.9,1483.8,6856.675
2022-05-26 15:00:00,1483.8,1511.5,1462.1,1469.6,7288.572
2022-05-26 19:00:00,1469.5,1498.4,1454.6,1495.3,3121.995
2022-05-26 23:00:00,1495.5,1512.0,1488.7,1509.8,3463.016
2022-05-27 03:00:00,1509.7,1543.9,1500.4,1513.9,7100.395
2022-05-27 07:00:00,1513.5,1549.9,1509.9,1523.4,6828.632
2022-05-27 11:00:00,1523.6,1528.7,1502.8,1511.1,2918.941
2022-05-27 15:00:00,1511.5,1516.0,1489.8,1508.9,3764.789
2022-05-27 19:00:00,1508.4,1528.7,1506.4,1522.1,2522.727
2022-05-27 23:00:00,1522.1,1535.6,1513.3,1525.8,1337.745
2022-05-28 03:00:00,1525.7,1539.1,1511.7,1514.0,1529.631
2022-05-28 07:00:00,1513.8,1520.1,1503.3,1516.9,995.865
2022-05-28 11:00:00,1516.8,1524.2,1503.1,1508.4,1047.55
2022-05-28 15:00:00,1508.9,1511.6,1492.9,1497.6,1585.37
2022-05-28 19:00:00,1497.7,1508.7,1493.5,1496.6,907.951
2022-05-28 23:00:00,1496.9,1506.1,1492.0,1499.2,386.99
2022-05-29 03:00:00,1499.4,1519.6,1496.3,1514.4,849.594
2022-05-29 07:00:00,1514.7,1519.3,1509.0,1510.9,415.035
2022-05-29 11:00:00,1510.6,1515.2,1502.2,1502.7,562.243
2022-05-29 15:00:00,1502.8,1507.5,1496.0,1503.4,793.896
2022-05-29 19:00:00,1503.3,1506.0,1497.8,1504.4,603.495
2022-05-29 23:00:00,1505.1,1505.2,1496.0,1502.2,430.581
2022-05-30 03:00:00,1502.2,1505.9,1483.0,1492.1,1790.415
2022-05-30 07:00:00,1491.5,1497.7,1482.1,1486.4,968.89
2022-05-30 11:00:00,1485.8,1497.7,1483.8,1493.1,686.323
2022-05-30 15:00:00,1493.5,1502.6,1482.5,1487.5,1074.487
2022-05-30 19:00:00,1487.2,1490.9,1477.6,1485.3,695.658
2022-05-30 23:00:00,1485.0,1501.8,1478.0,1480.5,1103.844
2022-05-31 03:00:00,1480.4,1482.7,1472.1,1480.6,781.048
2022-05-31 07:00:00,1480.6,1484.9,1467.9,1481.0,655.414
2022-05-31 11:00:00,1481.0,1486.8,1476.5,1483.8,560.38
2022-05-31 15:00:00,1483.5,1503.3,1483.1,1497.3,909.512
2022-05-31 19:00:00,1497.1,1516.0,1495.0,1511.4,1533.084
2022-05-31 23:00:00,1510.5,1510.5,1497.0,1505.2,377.041
2022-06-01 03:00:00,1504.8,1516.5,1500.4,1510.9,1185.898
2022-06-01 07:00:00,1511.2,1513.3,1490.0,1505.5,1510.916
2022-06-01 11:00:00,1505.0,1509.3,1498.4,1505.2,842.978
2022-06-01 15:00:00,1505.0,1513.7,1494.3,1513.1,1182.57
2022-06-01 19:00:00,1512.8,1533.7,1507.4,1523.3,2243.402
2022-06-01 23:00:00,1524.0,1532.8,1510.0,1518.7,1289.414
2022-06-02 03:00:00,1518.6,1522.7,1508.7,1521.9,996.208
2022-06-02 07:00:00,1521.5,1528.8,1514.4,1520.4,1365.87
2022-06-02 11:00:00,1520.4,1524.9,1514.2,1515.6,1651.774
2022-06-02 15:00:00,1515.7,1541.4,1515.0,1529.1,3638.201
2022-06-02 19:00:00,1529.2,1532.9,1522.7,1528.5,1245.667
2022-06-02 23:00:00,1528.5,1529.4,1520.9,1523.3,386.593
2022-06-03 03:00:00,1523.9,1530.7,1523.4,1530.7,534.912
2022-06-03 07:00:00,1530.6,1542.8,1530.0,1538.5,1593.17
2022-06-03 11:00:00,1538.6,1559.9,1536.5,1554.7,2497.818
2022-06-03 15:00:00,1554.7,1557.9,1542.0,1546.7,2868.332
2022-06-03 19:00:00,1546.6,1555.0,1545.1,1550.5,1143.376
2022-06-03 23:00:00,1550.2,1551.7,1537.6,1543.4,799.01
2022-06-04 03:00:00,1543.2,1560.0,1541.0,1558.3,1913.836
2022-06-04 07:00:00,1558.4,1558.9,1540.8,1545.3,1444.17
2022-06-04 11:00:00,1545.5,1550.5,1539.2,1550.3,597.006
2022-06-04 15:00:00,1550.3,1554.4,1543.6,1544.7,1310.41
2022-06-04 19:00:00,1544.9,1553.1,1540.9,1542.0,1222.904
2022-06-04 23:00:00,1542.0,1542.6,1525.0,1529.5,608.937
2022-06-05 03:00:00,1529.5,1544.5,1525.6,1537.5,1037.142
2022-06-05 07:00:00,1537.4,1538.5,1530.6,1531.6,571.802
2022-06-05 11:00:00,1531.6,1536.6,1530.0,1533.0,743.7
2022-06-05 15:00:00,1533.2,1539.0,1530.0,1530.0,555.432
2022-06-05 19:00:00,1530.0,1536.9,1523.2,1527.0,688.821
2022-06-05 23:00:00,1527.0,1535.4,1523.4,1533.5,784.906
2022-06-06 03:00:00,1533.5,1544.0,1524.0,1538.1,1437.786
2022-06-06 07:00:00,1538.4,1542.4,1522.5,1522.5,1303.842
2022-06-06 11:00:00,1522.8,1528.3,1518.0,1525.5,1553.99
2022-06-06 15:00:00,1525.6,1550.9,1520.9,1548.7,1681.748
2022-06-06 19:00:00,1548.7,1567.0,1548.3,1564.9,3366.031
2022-06-06 23:00:00,1565.0,1580.3,1558.0,1560.9,1813.073
2022-06-07 03:00:00,1560.9,1594.9,1549.4,1551.3,3047.184
2022-06-07 07:00:00,1551.1,1557.1,1546.6,1547.1,1313.652
2022-06-07 11:00:00,1547.3,1563.0,1543.5,1559.4,1531.247
2022-06-07 15:00:00,1559.2,1566.6,1543.0,1550.1,1611.924
2022-06-07 19:00:00,1550.2,1559.6,1543.3,1555.2,799.083
2022-06-07 23:00:00,1555.3,1600.0,1552.7,1585.0,2502.119
2022-06-08 03:00:00,1585.0,1587.9,1550.0,1554.6,1509.473
2022-06-08 07:00:00,1554.5,1564.5,1551.1,1562.3,930.173
2022-06-08 11:00:00,1562.3,1565.2,1551.7,1553.2,574.712
2022-06-08 15:00:00,1553.2,1559.0,1546.1,1546.7,855.266
2022-06-08 19:00:00,1546.6,1556.4,1545.4,1552.3,462.755
2022-06-08 23:00:00,1551.4,1555.8,1549.2,1554.8,285.54
2022-06-09 03:00:00,1555.1,1562.0,1551.8,1552.7,741.87
2022-06-09 07:00:00,1552.7,1555.6,1550.4,1550.4,217.767
2022-06-09 11:00:00,1550.5,1551.6,1540.0,1544.9,1187.211
2022-06-09 15:00:00,1544.6,1549.8,1541.5,1545.7,428.258
2022-06-09 19:00:00,1546.0,1547.9,1536.1,1547.7,542.543
2022-06-09 23:00:00,1547.3,1547.6,1543.4,1545.5,176.373
2022-06-10 03:00:00,1545.5,1561.1,1536.9,1539.7,1222.067
2022-06-10 07:00:00,1539.5,1544.6,1533.2,1544.1,766.546
2022-06-10 11:00:00,1544.2,1560.0,1541.4,1556.0,1099.542
2022-06-10 15:00:00,1555.9,1580.0,1552.3,1563.6,2317.364
2022-06-10 19:00:00,1563.9,1587.5,1563.8,1582.5,1763.495
2022-06-10 23:00:00,1582.8,1596.3,1578.4,1592.4,1193.745
2022-06-11 03:00:00,1592.5,1594.2,1585.2,1590.5,666.135
2022-06-11 07:00:00,1590.5,1595.7,1586.3,1589.7,810.41
2022-06-11 11:00:00,1589.7,1685.0,1588.8,1645.1,5199.316
2022-06-11 15:00:00,1645.8,1708.0,1635.5,1691.8,6655.278
2022-06-11 19:00:00,1691.9,1693.0,1661.8,1673.7,4515.966
2022-06-11 23:00:00,1674.2,1690.8,1667.6,1683.0,1434.729
2022-06-12 03:00:00,1682.7,1739.9,1673.7,1706.7,6060.184
2022-06-12 07:00:00,1706.7,1735.5,1695.0,1701.6,5056.285
2022-06-12 11:00:00,1701.5,1708.1,1689.5,1692.5,2548.417
2022-06-12 15:00:00,1692.9,1713.0,1657.0,1672.8,4343.837
2022-06-12 19:00:00,1672.9,1688.3,1669.8,1678.5,1236.252
2022-06-12 23:00:00,1678.9,1694.1,1670.2,1688.0,1133.369
2022-06-13 03:00:00,1687.9,1748.4,1673.8,1709.4,5426.923
2022-06-13 07:00:00,1709.9,1762.6,1697.4,1744.9,4389.253
2022-06-13 11:00:00,1744.1,1828.5,1740.3,1750.5,8118.857
2022-06-13 15:00:00,1750.6,1751.2,1676.4,1681.3,5729.314
2022-06-13 19:00:00,1681.1,1705.3,1671.6,1673.3,2067.117
2022-06-13 23:00:00,1673.2,1689.8,1638.1,1640.9,2571.908
2022-06-14 03:00:00,1641.7,1708.4,1617.9,1646.8,4143.048
2022-06-14 07:00:00,1647.4,1666.8,1597.0,1612.9,2740.744
2022-06-14 11:00:00,1612.9,1654.5,1612.9,1632.7,1976.26
2022-06-14 15:00:00,1632.7,1644.8,1593.2,1597.5,2440.966
2022-06-14 19:00:00,1598.3,1642.8,1591.2,1618.6,2978.798
2022-06-14 23:00:00,1618.6,1635.5,1602.8,1606.3,844.15
2022-06-15 03:00:00,1606.1,1615.8,1588.0,1607.7,1223.851
2022-06-15 07:00:00,1607.5,1658.6,1603.9,1646.2,2438.073
2022-06-15 11:00:00,1645.8,1694.6,1619.2,1632.3,4517.119
2022-06-15 15:00:00,1632.7,1657.4,1623.4,1647.7,3088.202
2022-06-15 19:00:00,1647.7,1660.1,1575.8,1589.7,3412.071
2022-06-15 23:00:00,1589.5,1596.3,1550.0,1561.6,1389.252
2022-06-16 03:00:00,1561.2,1590.5,1552.7,1575.5,1042.734
2022-06-16 07:00:00,1575.6,1599.7,1571.4,1596.6,901.882
2022-06-16 11:00:00,1597.1,1630.6,1592.4,1616.4,1937.237
2022-06-16 15:00:00,1617.3,1638.5,1595.3,1608.2,1840.365
2022-06-16 19:00:00,1608.4,1629.6,1598.1,1622.9,1105.95
2022-06-16 23:00:00,1622.9,1627.9,1588.6,1614.0,1689.882
2022-06-17 03:00:00,1614.2,1627.8,1592.5,1603.8,1428.018
2022-06-17 07:00:00,1603.5,1614.5,1591.5,1611.1,847.282
2022-06-17 11:00:00,1611.1,1618.6,1608.2,1616.0,661.539
2022-06-17 15:00:00,1615.5,1623.7,1598.4,1601.1,1830.657
2022-06-17 19:00:00,1602.3,1612.0,1594.3,1597.9,512.45
2022-06-17 23:00:00,1598.0,1598.0,1582.0,1586.6,440.363
2022-06-18 03:00:00,1586.5,1610.8,1585.1,1601.9,858.003
2022-06-18 07:00:00,1601.8,1617.6,1588.5,1605.5,2574.726
2022-06-18 11:00:00,1605.5,1613.2,1590.6,1594.9,1656.758
2022-06-18 15:00:00,1594.8,1604.0,1590.7,1594.2,1541.428
2022-06-18 19:00:00,1594.2,1628.2,1586.0,1624.1,2524.714
2022-06-18 23:00:00,1623.3,1640.8,1582.7,1583.1,3007.669
2022-06-19 03:00:00,1582.9,1599.4,1572.2,1584.6,1489.293
2022-06-19 07:00:00,1585.5,1590.3,1565.9,1578.5,1149.77
2022-06-19 11:00:00,1578.4,1595.6,1557.1,1561.6,2447.337
2022-06-19 15:00:00,1561.2,1567.2,1546.5,1550.3,1003.043
2022-06-19 19:00:00,1549.6,1558.5,1520.8,1540.8,1172.041
2022-06-19 23:00:00,1540.6,1547.3,1513.2,1541.5,963.328
2022-06-20 03:00:00,1540.8,1567.6,1538.7,1556.7,1027.78
2022-06-20 07:00:00,1556.7,1568.6,1556.0,1566.6,561.522
2022-06-20 11:00:00,1566.9,1568.5,1521.7,1526.2,1865.194
2022-06-20 15:00:00,1525.9,1549.8,1524.1,1545.0,981.069
2022-06-20 19:00:00,1545.0,1549.7,1521.9,1522.1,752.246
2022-06-20 23:00:00,1521.8,1556.3,1510.0,1533.6,1282.661
2022-06-21 03:00:00,1533.6,1547.9,1528.4,1536.6,1063.467
2022-06-21 07:00:00,1536.4,1545.7,1518.4,1543.6,1052.365
2022-06-21 11:00:00,1544.1,1547.7,1529.8,1540.2,831.637
2022-06-21 15:00:00,1540.4,1543.1,1520.7,1531.8,771.358
2022-06-21 19:00:00,1531.5,1549.9,1530.1,1547.9,848.098
2022-06-21 23:00:00,1547.9,1555.6,1527.0,1534.5,747.848
2022-06-22 03:00:00,1533.9,1557.5,1531.5,1555.6,734.738
2022-06-22 07:00:00,1555.5,1559.1,1547.4,1558.6,683.449
2022-06-22 11:00:00,1558.4,1563.5,1553.6,1557.4,640.784
2022-06-22 15:00:00,1557.0,1562.8,1540.5,1547.5,840.803
2022-06-22 19:00:00,1547.7,1559.5,1543.3,1549.2,654.679
2022-06-22 23:00:00,1550.1,1565.3,1547.8,1564.7,578.805
2022-06-23 03:00:00,1564.7,1565.0,1543.6,1546.8,1095.897
2022-06-23 07:00:00,1546.8,1547.5,1532.7,1543.2,954.573
2022-06-23 11:00:00,1542.5,1547.2,1533.2,1538.5,936.177
2022-06-23 15:00:00,1538.4,1538.7,1518.3,1533.3,1353.575
2022-06-23 19:00:00,1532.8,1537.0,1527.4,1533.5,515.848
2022-06-23 23:00:00,1534.1,1536.2,1516.9,1528.6,536.431
2022-06-24 03:00:00,1528.9,1529.0,1495.6,1505.6,1298.695
2022-06-24 07:00:00,1505.2,1510.1,1488.6,1495.5,1196.786
2022-06-24 11:00:00,1495.9,1496.5,1463.6,1466.6,1765.747
2022-06-24 15:00:00,1466.7,1468.0,1450.0,1453.4,2028.388
2022-06-24 19:00:00,1453.4,1464.1,1446.1,1449.0,850.909
2022-06-24 23:00:00,1448.8,1458.0,1435.7,1443.3,1021.086
2022-06-25 03:00:00,1445.1,1463.0,1441.1,1451.2,1175.549
2022-06-25 07:00:00,1450.7,1457.0,1443.1,1452.0,669.234
2022-06-25 11:00:00,1451.9,1467.3,1446.9,1465.5,916.855
2022-06-25 15:00:00,1465.6,1479.9,1463.4,1478.8,1529.852
2022-06-25 19:00:00,1478.9,1480.7,1460.0,1468.0,766.295
2022-06-25 23:00:00,1468.0,1468.9,1436.0,1449.7,914.72
2022-06-26 03:00:00,1449.5,1457.3,1445.7,1455.9,518.967
2022-06-26 07:00:00,1455.8,1455.8,1436.4,1441.3,782.574
2022-06-26 11:00:00,1441.6,1447.8,1425.0,1432.5,923.683
2022-06-26 15:00:00,1432.1,1458.9,1428.7,1449.6,2153.239
2022-06-26 19:00:00,1449.7,1459.9,1446.5,1449.4,597.17
2022-06-26 23:00:00,1449.4,1465.9,1434.6,1465.4,1421.269
2022-06-27 03:00:00,1465.3,1466.3,1444.1,1446.2,717.319
2022-06-27 07:00:00,1446.5,1456.4,1445.2,1451.4,452.971
2022-06-27 11:00:00,1451.4,1454.8,1445.4,1453.5,459.888
2022-06-27 15:00:00,1453.6,1465.3,1451.5,1456.5,1791.543
2022-06-27 19:00:00,1456.5,1466.0,1452.0,1463.8,904.21
2022-06-27 23:00:00,1464.2,1464.2,1448.1,1457.5,568.468
2022-06-28 03:00:00,1457.6,1481.4,1452.2,1471.5,1461.592
2022-06-28 07:00:00,1471.7,1474.0,1450.4,1452.6,641.919
2022-06-28 11:00:00,1452.4,1456.8,1442.8,1447.5,923.606
2022-06-28 15:00:00,1447.0,1466.1,1436.7,1464.8,1255.094
2022-06-28 19:00:00,1464.9,1478.2,1462.2,1468.6,727.881
2022-06-28 23:00:00,1468.1,1494.8,1462.3,1491.4,1219.904
2022-06-29 03:00:00,1490.9,1496.0,1478.5,1489.0,924.824
2022-06-29 07:00:00,1489.4,1508.0,1484.1,1493.1,1582.663
2022-06-29 11:00:00,1492.9,1509.3,1487.6,1504.8,1133.581
2022-06-29 15:00:00,1504.6,1523.4,1497.4,1507.8,2635.65
2022-06-29 19:00:00,1507.7,1531.2,1507.5,1509.2,1384.068
2022-06-29 23:00:00,1509.1,1530.4,1509.0,1521.7,555.997
2022-06-30 03:00:00,1521.6,1545.1,1519.3,1531.7,1010.512
2022-06-30 07:00:00,1532.0,1543.4,1526.9,1533.4,2109.224
2022-06-30 11:00:00,1533.9,1558.5,1530.1,1550.9,3473.523
2022-06-30 15:00:00,1551.0,1557.5,1529.0,1531.7,3839.336
2022-06-30 19:00:00,1531.7,1535.7,1518.9,1523.0,1250.423
2022-06-30 23:00:00,1523.1,1537.1,1506.2,1536.1,1734.726
2022-07-01 03:00:00,1536.3,1555.4,1528.9,1541.5,1658.935
2022-07-01 07:00:00,1541.6,1543.0,1515.5,1519.6,900.331
2022-07-01 11:00:00,1519.6,1523.3,1512.0,1516.7,1378.399
2022-07-01 15:00:00,1517.4,1535.0,1516.5,1521.3,1062.351
2022-07-01 19:00:00,1521.3,1522.3,1507.5,1510.6,503.374
2022-07-01 23:00:00,1510.3,1518.2,1501.0,1514.0,714.044
2022-07-02 03:00:00,1513.9,1529.8,1508.5,1527.6,783.176
2022-07-02 07:00:00,1528.1,1528.3,1516.0,1520.4,399.474
2022-07-02 11:00:00,1520.1,1531.0,1517.3,1517.7,480.422
2022-07-02 15:00:00,1517.9,1520.4,1510.6,1514.0,470.179
2022-07-02 19:00:00,1514.2,1516.6,1495.7,1499.7,883.414
2022-07-02 23:00:00,1499.7,1501.8,1494.3,1496.2,437.041
2022-07-03 03:00:00,1496.3,1509.2,1495.1,1504.9,381.0
2022-07-03 07:00:00,1504.6,1506.4,1486.0,1496.4,977.552
2022-07-03 11:00:00,1496.1,1503.5,1495.9,1498.8,693.443
2022-07-03 15:00:00,1498.8,1518.3,1493.8,1506.2,1263.977
2022-07-03 19:00:00,1506.2,1511.6,1502.7,1505.5,381.864
2022-07-03 23:00:00,1504.9,1508.8,1486.9,1493.5,902.964
2022-07-04 03:00:00,1493.7,1509.8,1483.7,1508.5,875.175
2022-07-04 07:00:00,1508.9,1513.1,1501.2,1509.2,534.335
2022-07-04 11:00:00,1509.4,1512.8,1492.6,1497.5,837.308
2022-07-04 15:00:00,1497.0,1499.8,1485.1,1489.7,1149.143
2022-07-04 19:00:00,1490.2,1491.7,1480.0,1480.1,778.322
2022-07-04 23:00:00,1480.2,1481.1,1462.8,1475.1,1228.494
2022-07-05 03:00:00,1475.1,1488.6,1471.2,1478.8,795.034
2022-07-05 07:00:00,1478.9,1482.9,1465.5,1468.3,757.151
2022-07-05 11:00:00,1468.8,1478.3,1467.6,1473.0,828.989
2022-07-05 15:00:00,1473.1,1497.5,1471.9,1492.4,1682.02
2022-07-05 19:00:00,1492.4,1503.9,1491.5,1496.8,747.121
2022-07-05 23:00:00,1497.2,1499.9,1487.0,1496.1,590.713
2022-07-06 03:00:00,1496.4,1501.6,1480.6,1481.6,603.283
2022-07-06 07:00:00,1481.2,1487.8,1477.5,1484.6,337.053
2022-07-06 11:00:00,1484.6,1486.3,1474.6,1485.0,418.63
2022-07-06 15:00:00,1485.4,1488.7,1478.8,1488.2,518.902
2022-07-06 19:00:00,1488.3,1491.1,1475.4,1480.7,566.864
2022-07-06 23:00:00,1480.5,1481.6,1457.2,1469.0,925.243
2022-07-07 03:00:00,1469.0,1473.7,1463.2,1471.6,682.196
2022-07-07 07:00:00,1471.8,1476.3,1466.3,1467.6,497.306
2022-07-07 11:00:00,1467.7,1470.1,1462.8,1465.0,847.059
2022-07-07 15:00:00,1465.0,1465.5,1449.1,1455.5,1637.253
2022-07-07 19:00:00,1455.5,1489.5,1452.5,1489.0,1210.051
2022-07-07 23:00:00,1489.1,1497.6,1482.1,1487.0,959.376
2022-07-08 03:00:00,1487.2,1505.0,1476.1,1495.8,991.692
2022-07-08 07:00:00,1496.2,1500.1,1491.2,1496.8,551.326
2022-07-08 11:00:00,1496.8,1508.8,1493.5,1505.3,1305.588
2022-07-08 15:00:00,1504.3,1518.6,1497.5,1512.9,1727.329
2022-07-08 19:00:00,1512.3,1516.1,1496.3,1500.6,591.823
2022-07-08 23:00:00,1500.7,1515.2,1494.8,1507.1,366.743
2022-07-09 03:00:00,1507.1,1507.3,1493.6,1500.6,503.656
2022-07-09 07:00:00,1501.3,1502.9,1487.8,1491.0,504.34
2022-07-09 11:00:00,1491.0,1499.2,1489.1,1493.5,636.714
2022-07-09 15:00:00,1493.4,1500.6,1492.1,1494.1,213.573
2022-07-09 19:00:00,1494.1,1507.2,1493.9,1494.8,428.053
2022-07-09 23:00:00,1495.3,1501.6,1494.0,1494.3,159.64
2022-07-10 03:00:00,1494.4,1511.4,1489.4,1510.3,556.719
2022-07-10 07:00:00,1510.2,1511.0,1502.7,1509.8,315.208
2022-07-10 11:00:00,1509.9,1517.9,1506.8,1515.7,677.371
2022-07-10 15:00:00,1515.0,1521.7,1507.0,1515.2,1311.395
2022-07-10 19:00:00,1514.9,1517.9,1501.0,1502.3,556.738
2022-07-10 23:00:00,1502.1,1512.5,1499.4,1504.2,298.507
2022-07-11 03:00:00,1504.1,1511.6,1500.0,1502.5,738.912
2022-07-11 07:00:00,1502.5,1512.7,1502.5,1506.6,590.924
2022-07-11 11:00:00,1506.7,1513.0,1504.0,1507.9,313.48
2022-07-11 15:00:00,1507.9,1511.7,1502.8,1505.8,706.648
2022-07-11 19:00:00,1505.9,1513.8,1505.0,1512.7,342.111
2022-07-11 23:00:00,1512.6,1536.7,1510.1,1528.4,2328.321
2022-07-12 03:00:00,1528.5,1534.4,1518.9,1531.7,1568.273
2022-07-12 07:00:00,1531.5,1537.9,1528.5,1535.4,1441.363
2022-07-12 11:00:00,1535.7,1548.7,1535.6,1540.0,1775.75
2022-07-12 15:00:00,1540.3,1545.2,1532.5,1535.8,1258.209
2022-07-12 19:00:00,1535.8,1546.0,1528.9,1539.3,1394.06
2022-07-12 23:00:00,1539.5,1545.3,1535.3,1543.6,826.54
2022-07-13 03:00:00,1543.4,1546.4,1530.7,1537.5,729.003
2022-07-13 07:00:00,1537.6,1540.8,1528.4,1531.4,849.392
2022-07-13 11:00:00,1531.5,1538.5,1523.6,1528.0,1301.499
2022-07-13 15:00:00,1528.0,1555.0,1521.1,1532.6,4203.708
2022-07-13 19:00:00,1532.6,1534.7,1522.0,1525.3,938.398
2022-07-13 23:00:00,1525.1,1531.2,1514.1,1519.2,708.627
2022-07-14 03:00:00,1518.5,1529.3,1517.2,1522.2,378.765
2022-07-14 07:00:00,1522.4,1523.0,1517.5,1522.2,320.426
2022-07-14 11:00:00,1523.1,1530.8,1516.0,1523.5,797.092
2022-07-14 15:00:00,1523.0,1525.9,1500.7,1505.6,817.818
2022-07-14 19:00:00,1505.5,1506.0,1470.1,1471.9,2249.441
2022-07-14 23:00:00,1471.6,1478.0,1461.6,1465.8,1036.233
2022-07-15 03:00:00,1465.8,1471.0,1447.4,1459.5,1364.567
2022-07-15 07:00:00,1459.6,1467.7,1454.5,1465.5,757.127
2022-07-15 11:00:00,1465.6,1472.0,1456.7,1464.9,1062.398
2022-07-15 15:00:00,1465.3,1471.0,1457.1,1461.4,957.624
2022-07-15 19:00:00,1461.4,1470.8,1442.7,1445.7,933.608
2022-07-15 23:00:00,1445.7,1454.9,1430.1,1453.6,816.28
2022-07-16 03:00:00,1453.9,1463.1,1450.3,1456.3,712.242
2022-07-16 07:00:00,1456.3,1469.9,1450.3,1468.0,734.891
2022-07-16 11:00:00,1468.0,1470.0,1462.3,1466.5,670.27
2022-07-16 15:00:00,1465.6,1467.4,1426.2,1427.7,1379.093
2022-07-16 19:00:00,1427.6,1428.7,1358.9,1391.0,5394.655
2022-07-16 23:00:00,1391.0,1396.1,1373.7,1375.7,1110.879
2022-07-17 03:00:00,1375.4,1393.2,1364.2,1382.9,1669.649
2022-07-17 07:00:00,1382.9,1384.1,1370.9,1382.6,1044.955
2022-07-17 11:00:00,1382.7,1392.1,1377.4,1385.4,889.887
2022-07-17 15:00:00,1385.7,1394.4,1375.9,1377.9,1031.985
2022-07-17 19:00:00,1377.8,1385.3,1363.9,1372.1,1260.744
2022-07-17 23:00:00,1371.3,1374.9,1357.2,1366.6,835.025
2022-07-18 03:00:00,1366.7,1367.4,1336.3,1343.6,2469.033
2022-07-18 07:00:00,1343.1,1366.0,1321.1,1351.6,4146.743
2022-07-18 11:00:00,1351.6,1356.7,1331.2,1339.2,1922.512
2022-07-18 15:00:00,1339.3,1343.9,1335.7,1339.5,2041.459
2022-07-18 19:00:00,1339.7,1339.9,1324.4,1325.0,2261.711
2022-07-18 23:00:00,1324.8,1325.2,1293.9,1300.4,3629.605
2022-07-19 03:00:00,1300.1,1316.3,1297.6,1310.0,3262.325
2022-07-19 07:00:00,1310.2,1314.3,1298.0,1305.5,1261.656
2022-07-19 11:00:00,1305.5,1308.2,1292.0,1294.0,1436.659
2022-07-19 15:00:00,1294.2,1354.8,1287.2,1347.2,5425.878
2022-07-19 19:00:00,1347.4,1354.8,1333.5,1349.5,2632.323
2022-07-19 23:00:00,1349.8,1361.5,1336.0,1358.1,1136.535
2022-07-20 03:00:00,1358.5,1364.0,1344.6,1347.8,1429.301
2022-07-20 07:00:00,1347.7,1358.3,1337.7,1357.9,954.736
2022-07-20 11:00:00,1358.1,1368.1,1340.2,1343.1,1551.94
2022-07-20 15:00:00,1343.5,1371.1,1337.3,1367.0,1627.21
2022-07-20 19:00:00,1367.1,1384.2,1364.9,1383.1,2065.207
2022-07-20 23:00:00,1382.8,1393.3,1375.2,1384.0,2469.563
2022-07-21 03:00:00,1384.1,1394.7,1374.8,1392.0,1961.007
2022-07-21 07:00:00,1392.0,1405.3,1386.6,1390.2,2627.969
2022-07-21 11:00:00,1390.2,1390.9,1368.4,1370.9,1813.982
2022-07-21 15:00:00,1370.9,1372.1,1357.4,1360.0,2012.556
2022-07-21 19:00:00,1360.1,1361.3,1341.8,1343.4,1725.208
2022-07-21 23:00:00,1343.4,1344.4,1329.1,1341.5,1551.096
2022-07-22 03:00:00,1341.5,1344.8,1335.5,1336.8,1401.459
2022-07-22 07:00:00,1336.8,1338.7,1322.3,1325.8,1232.6
2022-07-22 11:00:00,1325.7,1331.7,1313.0,1327.8,2482.899
2022-07-22 15:00:00,1328.3,1360.0,1327.1,1356.3,2748.643
2022-07-22 19:00:00,1356.6,1362.1,1338.1,1351.8,1712.366
2022-07-22 23:00:00,1351.7,1357.1,1345.3,1350.4,845.405
2022-07-23 03:00:00,1350.4,1355.5,1331.4,1335.0,1510.06
2022-07-23 07:00:00,1335.4,1335.4,1321.1,1324.4,1365.406
2022-07-23 11:00:00,1324.5,1343.1,1323.7,1340.4,1835.863
2022-07-23 15:00:00,1340.4,1345.8,1330.0,1332.6,949.044
2022-07-23 19:00:00,1332.7,1352.7,1329.7,1345.0,964.198
2022-07-23 23:00:00,1345.1,1345.5,1324.2,1325.4,774.295
2022-07-24 03:00:00,1325.5,1326.5,1312.7,1321.9,1186.557
2022-07-24 07:00:00,1322.0,1322.9,1301.7,1308.2,1532.158
2022-07-24 11:00:00,1308.3,1312.7,1294.8,1298.8,1203.208
2022-07-24 15:00:00,1298.9,1314.4,1297.8,1303.9,1567.278
2022-07-24 19:00:00,1304.0,1317.6,1303.9,1307.4,1544.628
2022-07-24 23:00:00,1307.6,1308.0,1288.1,1306.2,1299.281
2022-07-25 03:00:00,1306.3,1333.0,1300.2,1328.8,3044.211
2022-07-25 07:00:00,1329.1,1330.8,1318.1,1325.9,1758.871
2022-07-25 11:00:00,1325.6,1330.0,1311.1,1317.3,1378.432
2022-07-25 15:00:00,1317.3,1328.4,1316.5,1320.2,1590.621
2022-07-25 19:00:00,1319.7,1360.3,1317.3,1342.4,3689.495
2022-07-25 23:00:00,1342.8,1353.0,1331.4,1351.1,3039.184
2022-07-26 03:00:00,1350.9,1358.5,1342.1,1348.4,2933.097
2022-07-26 07:00:00,1348.4,1365.0,1346.3,1363.2,2613.726
2022-07-26 11:00:00,1363.2,1370.8,1353.9,1363.9,2427.642
2022-07-26 15:00:00,1363.7,1380.7,1358.2,1373.5,4296.274
2022-07-26 19:00:00,1373.5,1386.9,1370.1,1381.7,2740.224
2022-07-26 23:00:00,1381.7,1384.1,1337.4,1338.9,2805.856
2022-07-27 03:00:00,1339.0,1350.0,1336.3,1347.9,1592.205
2022-07-27 07:00:00,1347.9,1348.7,1328.9,1334.7,1583.808
2022-07-27 11:00:00,1334.7,1337.9,1330.9,1334.4,1238.886
2022-07-27 15:00:00,1334.2,1337.5,1318.0,1326.9,1753.394
2022-07-27 19:00:00,1326.9,1336.1,1303.9,1324.4,4092.769
2022-07-27 23:00:00,1325.1,1325.1,1293.9,1297.6,1891.685
2022-07-28 03:00:00,1297.8,1309.2,1295.8,1306.3,1656.741
2022-07-28 07:00:00,1306.3,1315.3,1305.0,1313.6,1404.54
2022-07-28 11:00:00,1313.9,1316.7,1303.4,1305.2,1368.344
2022-07-28 15:00:00,1305.1,1313.5,1269.6,1285.5,4061.728
2022-07-28 19:00:00,1285.6,1294.0,1282.2,1286.7,2213.333
2022-07-28 23:00:00,1286.3,1290.5,1266.0,1287.2,2238.278
2022-07-29 03:00:00,1287.2,1297.6,1279.2,1280.5,1228.64
2022-07-29 07:00:00,1280.7,1298.9,1274.5,1292.2,2508.887
2022-07-29 11:00:00,1292.1,1299.3,1280.8,1297.9,1990.656
2022-07-29 15:00:00,1297.9,1305.5,1281.5,1284.5,2222.204
2022-07-29 19:00:00,1284.3,1301.7,1277.0,1280.5,1958.212
2022-07-29 23:00:00,1280.6,1288.8,1266.1,1277.1,1414.857
2022-07-30 03:00:00,1277.2,1290.7,1272.7,1283.0,975.887
2022-07-30 07:00:00,1282.5,1290.6,1278.3,1282.9,1014.143
2022-07-30 11:00:00,1282.7,1296.3,1272.9,1289.9,2043.351
2022-07-30 15:00:00,1289.6,1303.5,1281.9,1283.8,2678.309
2022-07-30 19:00:00,1284.1,1296.9,1282.2,1283.2,859.907
2022-07-30 23:00:00,1283.4,1284.5,1272.2,1275.2,1075.159
2022-07-31 03:00:00,1275.0,1279.8,1269.4,1276.4,765.091
2022-07-31 07:00:00,1276.2,1278.2,1267.9,1273.0,889.838
2022-07-31 11:00:00,1272.9,1277.6,1262.1,1265.7,1118.902
2022-07-31 15:00:00,1265.6,1273.9,1264.3,1267.0,1129.651
2022-07-31 19:00:00,1267.0,1272.4,1251.0,1266.3,2765.428
2022-07-31 23:00:00,1266.4,1273.9,1260.0,1271.1,992.859
2022-08-01 03:00:00,1271.3,1272.6,1257.4,1261.8,811.508
2022-08-01 07:00:00,1261.8,1266.7,1258.8,1259.6,862.151
2022-08-01 11:00:00,1259.7,1276.5,1258.0,1272.6,1544.778
2022-08-01 15:00:00,1272.6,1281.6,1269.4,1273.3,1600.298
2022-08-01 19:00:00,1273.5,1291.5,1273.4,1289.0,1819.851
2022-08-01 23:00:00,1288.9,1299.2,1284.8,1295.6,1262.969
2022-08-02 03:00:00,1295.7,1321.2,1285.1,1317.8,3409.424
2022-08-02 07:00:00,1317.7,1321.6,1305.8,1306.0,2234.567
2022-08-02 11:00:00,1306.0,1318.7,1301.5,1306.1,1623.239
2022-08-02 15:00:00,1306.0,1313.6,1282.8,1284.5,2550.178
2022-08-02 19:00:00,1284.5,1288.3,1270.6,1282.8,2126.037
2022-08-02 23:00:00,1282.1,1291.2,1276.1,1290.9,770.923
2022-08-03 03:00:00,1290.6,1307.8,1287.9,1291.2,1499.65
2022-08-03 07:00:00,1291.1,1294.7,1282.0,1288.9,622.205
2022-08-03 11:00:00,1288.9,1296.5,1284.2,1286.4,765.247
2022-08-03 15:00:00,1286.3,1289.3,1280.1,1284.4,938.932
2022-08-03 19:00:00,1284.7,1287.3,1280.0,1286.2,738.513
2022-08-03 23:00:00,1286.5,1288.6,1279.7,1280.2,694.114
2022-08-04 03:00:00,1280.3,1281.8,1271.0,1271.8,1106.309
2022-08-04 07:00:00,1272.0,1282.0,1267.9,1280.8,1198.276
2022-08-04 11:00:00,1280.7,1285.7,1277.3,1284.0,856.705
2022-08-04 15:00:00,1284.0,1288.2,1275.2,1283.9,1374.391
2022-08-04 19:00:00,1284.0,1288.8,1269.7,1270.0,1191.029
2022-08-04 23:00:00,1270.0,1275.6,1266.7,1267.9,525.518
2022-08-05 03:00:00,1267.9,1270.8,1253.0,1266.0,2604.779
2022-08-05 07:00:00,1265.8,1267.2,1259.5,1261.4,889.06
2022-08-05 11:00:00,1261.5,1263.2,1242.7,1245.8,2302.041
2022-08-05 15:00:00,1245.8,1254.6,1240.1,1252.6,2996.138
2022-08-05 19:00:00,1253.0,1256.8,1243.1,1243.7,984.186
2022-08-05 23:00:00,1244.1,1246.4,1225.5,1230.9,2759.465
2022-08-06 03:00:00,1230.9,1234.9,1226.9,1227.8,1244.249
2022-08-06 07:00:00,1227.8,1233.6,1227.0,1232.6,564.214
2022-08-06 11:00:00,1232.7,1237.9,1230.5,1235.8,685.834
2022-08-06 15:00:00,1235.9,1238.4,1232.5,1235.3,834.536
2022-08-06 19:00:00,1235.3,1241.5,1231.8,1234.2,751.454
2022-08-06 23:00:00,1234.2,1240.7,1231.0,1235.9,537.549
2022-08-07 03:00:00,1236.0,1249.5,1235.7,1244.5,1620.154
2022-08-07 07:00:00,1244.5,1247.8,1241.7,1242.9,587.687
2022-08-07 11:00:00,1243.0,1246.0,1237.1,1237.8,1190.917
2022-08-07 15:00:00,1237.8,1238.4,1228.8,1230.1,1561.314
2022-08-07 19:00:00,1230.1,1237.2,1229.0,1233.1,711.843
2022-08-07 23:00:00,1233.2,1239.0,1225.9,1235.7,750.895
2022-08-08 03:00:00,1235.7,1238.8,1229.9,1233.3,619.373
2022-08-08 07:00:00,1233.1,1245.1,1230.9,1244.0,1375.734
2022-08-08 11:00:00,1244.0,1247.2,1230.3,1232.2,1922.978
2022-08-08 15:00:00,1232.1,1237.8,1220.0,1236.8,2736.15
2022-08-08 19:00:00,1236.8,1242.6,1229.5,1230.0,1251.214
2022-08-08 23:00:00,1230.1,1236.1,1226.8,1228.4,744.541
2022-08-09 03:00:00,1228.4,1235.4,1225.2,1230.0,821.13
2022-08-09 07:00:00,1229.9,1232.6,1225.5,1228.8,643.673
2022-08-09 11:00:00,1228.9,1247.6,1228.8,1245.6,2953.068
2022-08-09 15:00:00,1245.6,1252.8,1239.4,1249.5,2873.943
2022-08-09 19:00:00,1249.6,1252.0,1242.7,1244.9,994.882
2022-08-09 23:00:00,1244.9,1246.0,1236.6,1240.0,858.721
2022-08-10 03:00:00,1240.1,1249.3,1235.9,1248.6,1925.772
2022-08-10 07:00:00,1248.7,1249.7,1240.6,1242.5,1181.246
2022-08-10 11:00:00,1242.7,1247.1,1238.1,1240.0,996.584
2022-08-10 15:00:00,1239.9,1241.3,1202.7,1208.3,7178.859
2022-08-10 19:00:00,1208.3,1213.2,1202.0,1205.6,1664.269
2022-08-10 23:00:00,1205.6,1211.5,1192.0,1203.2,2452.545
2022-08-11 03:00:00,1203.1,1215.2,1193.9,1206.9,2763.949
2022-08-11 07:00:00,1206.9,1216.7,1204.9,1214.0,1762.101
2022-08-11 11:00:00,1214.0,1216.3,1209.0,1210.5,1170.796
2022-08-11 15:00:00,1210.2,1215.1,1200.2,1210.5,3169.545
2022-08-11 19:00:00,1210.5,1210.8,1199.1,1200.0,1127.343
2022-08-11 23:00:00,1200.0,1201.9,1195.0,1196.3,987.731
2022-08-12 03:00:00,1196.3,1203.5,1187.4,1190.6,1526.51
2022-08-12 07:00:00,1190.7,1196.0,1189.3,1192.5,1022.55
2022-08-12 11:00:00,1193.2,1199.7,1188.6,1193.8,1282.293
2022-08-12 15:00:00,1193.8,1194.5,1188.6,1190.4,1243.609
2022-08-12 19:00:00,1190.4,1196.7,1185.0,1186.4,966.51
2022-08-12 23:00:00,1186.5,1188.7,1175.1,1179.5,2017.807
2022-08-13 03:00:00,1179.6,1188.7,1178.9,1182.2,1283.124
2022-08-13 07:00:00,1182.0,1184.3,1164.7,1171.1,2267.714
2022-08-13 11:00:00,1171.1,1171.2,1162.5,1166.2,1413.757
2022-08-13 15:00:00,1166.3,1173.0,1166.2,1170.5,1426.082
2022-08-13 19:00:00,1170.5,1173.7,1168.1,1173.3,792.0
2022-08-13 23:00:00,1173.4,1174.3,1168.0,1171.5,771.548
2022-08-14 03:00:00,1171.6,1175.5,1165.2,1171.0,842.253
2022-08-14 07:00:00,1171.0,1177.2,1163.6,1169.0,2394.386
2022-08-14 11:00:00,1169.1,1171.6,1163.3,1168.3,1346.091
2022-08-14 15:00:00,1168.4,1175.9,1168.1,1171.9,1554.368
2022-08-14 19:00:00,1171.9,1193.5,1171.3,1185.8,2960.463
2022-08-14 23:00:00,1185.8,1189.9,1180.5,1185.4,851.026
2022-08-15 03:00:00,1185.5,1191.4,1176.5,1187.6,2353.036
2022-08-15 07:00:00,1187.6,1206.0,1184.3,1196.1,3701.675
2022-08-15 11:00:00,1196.1,1204.8,1193.9,1202.3,2163.726
2022-08-15 15:00:00,1202.9,1205.0,1191.2,1192.6,1594.561
2022-08-15 19:00:00,1192.8,1200.6,1188.9,1196.4,998.342
2022-08-15 23:00:00,1196.4,1200.5,1191.8,1197.4,697.952
2022-08-16 03:00:00,1197.7,1208.8,1191.7,1200.1,2159.013
2022-08-16 07:00:00,1200.3,1209.3,1199.0,1200.7,1341.051
2022-08-16 11:00:00,1200.8,1202.4,1185.2,1187.4,1366.124
2022-08-16 15:00:00,1187.6,1196.2,1185.2,1189.8,1495.499
2022-08-16 19:00:00,1189.7,1200.5,1189.2,1196.1,1477.049
2022-08-16 23:00:00,1196.2,1198.3,1190.7,1192.8,749.635
2022-08-17 03:00:00,1192.8,1193.4,1183.4,1185.2,943.422
2022-08-17 07:00:00,1185.0,1188.5,1176.0,1185.8,2249.286
2022-08-17 11:00:00,1185.8,1193.9,1181.7,1190.3,1314.731
2022-08-17 15:00:00,1190.3,1209.1,1189.8,1203.3,3190.176
2022-08-17 19:00:00,1203.3,1205.3,1192.2,1194.3,1753.806
2022-08-17 23:00:00,1194.3,1204.7,1189.6,1198.8,1360.0
2022-08-18 03:00:00,1198.8,1207.8,1193.7,1199.0,1499.159
2022-08-18 07:00:00,1198.9,1202.5,1195.2,1197.7,1136.649
2022-08-18 11:00:00,1197.1,1201.6,1195.2,1196.0,1039.86
2022-08-18 15:00:00,1196.0,1197.0,1186.6,1189.1,1279.206
2022-08-18 19:00:00,1189.1,1196.1,1186.5,1191.1,1844.911
2022-08-18 23:00:00,1190.9,1211.0,1189.5,1207.2,1526.157
2022-08-19 03:00:00,1207.2,1217.2,1205.2,1209.4,4753.209
2022-08-19 07:00:00,1209.4,1223.0,1203.4,1210.5,5650.975
2022-08-19 11:00:00,1210.5,1216.0,1203.8,1206.7,3100.37
2022-08-19 15:00:00,1206.8,1216.3,1203.3,1207.2,2391.319
2022-08-19 19:00:00,1207.3,1209.4,1196.5,1198.7,1974.998
2022-08-19 23:00:00,1198.4,1227.4,1197.1,1222.0,4070.899
2022-08-20 03:00:00,1222.3,1222.7,1215.3,1219.8,1689.491
2022-08-20 07:00:00,1219.8,1221.5,1213.0,1216.6,1558.214
2022-08-20 11:00:00,1216.7,1224.3,1215.3,1222.2,995.324
2022-08-20 15:00:00,1222.2,1229.8,1221.6,1226.8,1562.01
2022-08-20 19:00:00,1226.9,1264.7,1226.2,1257.7,5295.7
2022-08-20 23:00:00,1257.4,1266.7,1248.1,1251.4,2991.028
2022-08-21 03:00:00,1251.4,1254.3,1241.8,1249.6,1728.015
2022-08-21 07:00:00,1249.9,1255.0,1241.0,1242.3,1674.588
2022-08-21 11:00:00,1242.6,1243.4,1230.1,1235.7,2114.853
2022-08-21 15:00:00,1235.8,1245.0,1230.9,1233.4,1667.79
2022-08-21 19:00:00,1233.3,1236.4,1227.3,1234.8,1068.527
2022-08-21 23:00:00,1234.7,1246.8,1228.7,1235.7,1206.057
2022-08-22 03:00:00,1235.8,1248.9,1235.1,1248.3,1090.208
2022-08-22 07:00:00,1248.5,1260.6,1243.6,1260.0,1996.753
2022-08-22 11:00:00,1260.1,1270.6,1256.0,1259.8,3418.261
2022-08-22 15:00:00,1259.9,1268.0,1251.3,1253.4,2474.414
2022-08-22 19:00:00,1253.6,1259.2,1249.4,1249.4,1057.779
2022-08-22 23:00:00,1249.3,1249.3,1229.3,1230.7,2137.129
2022-08-23 03:00:00,1231.0,1234.9,1223.5,1231.4,1940.073
2022-08-23 07:00:00,1231.4,1246.1,1228.1,1240.3,1577.516
2022-08-23 11:00:00,1240.8,1248.1,1234.4,1234.6,1435.268
2022-08-23 15:00:00,1234.5,1239.9,1225.6,1226.0,1833.476
2022-08-23 19:00:00,1226.0,1232.0,1216.7,1223.3,1162.971
2022-08-23 23:00:00,1223.6,1226.9,1213.3,1216.4,836.845
2022-08-24 03:00:00,1216.4,1233.9,1215.5,1232.3,1472.854
2022-08-24 07:00:00,1232.6,1233.7,1221.8,1230.7,927.092
2022-08-24 11:00:00,1230.5,1230.9,1221.3,1221.8,690.292
2022-08-24 15:00:00,1221.8,1226.3,1210.3,1212.1,1888.757
2022-08-24 19:00:00,1212.3,1222.8,1211.5,1218.5,870.172
2022-08-24 23:00:00,1218.6,1222.6,1213.3,1217.8,742.898
2022-08-25 03:00:00,1217.9,1218.6,1212.5,1215.7,1122.29
2022-08-25 07:00:00,1215.8,1216.4,1202.9,1204.2,1398.441
2022-08-25 11:00:00,1204.3,1209.3,1201.2,1204.5,1961.413
2022-08-25 15:00:00,1204.6,1209.5,1199.0,1204.4,1288.996
2022-08-25 19:00:00,1204.4,1206.8,1199.6,1202.6,1106.886
2022-08-25 23:00:00,1202.5,1208.7,1201.1,1204.9,680.99
2022-08-26 03:00:00,1205.1,1214.4,1205.0,1209.0,1091.804
2022-08-26 07:00:00,1209.2,1224.6,1208.6,1219.2,1892.993
2022-08-26 11:00:00,1219.2,1226.7,1210.7,1223.2,1766.23
2022-08-26 15:00:00,1222.8,1229.0,1211.0,1226.9,3397.825
2022-08-26 19:00:00,1226.7,1251.0,1225.8,1240.7,5223.295
2022-08-26 23:00:00,1240.7,1258.7,1237.4,1249.9,3816.433
2022-08-27 03:00:00,1250.1,1261.0,1248.4,1251.1,3118.869
2022-08-27 07:00:00,1250.6,1260.4,1246.5,1247.5,3534.358
2022-08-27 11:00:00,1247.5,1252.1,1242.7,1245.9,1891.204
2022-08-27 15:00:00,1245.8,1254.7,1244.5,1252.0,1753.559
2022-08-27 19:00:00,1252.0,1263.9,1248.9,1250.2,2216.271
2022-08-27 23:00:00,1250.7,1256.5,1242.9,1245.1,1060.894
2022-08-28 03:00:00,1245.1,1251.4,1237.3,1242.9,1429.024
2022-08-28 07:00:00,1243.0,1246.9,1238.1,1240.4,682.96
2022-08-28 11:00:00,1240.2,1249.6,1237.6,1246.4,1453.87
2022-08-28 15:00:00,1246.1,1254.9,1241.6,1241.9,1489.552
2022-08-28 19:00:00,1241.9,1247.4,1239.1,1243.6,916.013
2022-08-28 23:00:00,1243.8,1263.4,1240.5,1260.1,1351.562
2022-08-29 03:00:00,1260.2,1266.9,1257.4,1260.1,2025.049
2022-08-29 07:00:00,1260.0,1266.2,1258.3,1262.1,1153.056
2022-08-29 11:00:00,1262.2,1269.5,1261.9,1266.0,1759.401
2022-08-29 15:00:00,1265.9,1267.2,1234.3,1238.0,2939.804
2022-08-29 19:00:00,1238.5,1241.5,1227.3,1228.1,1537.269
2022-08-29 23:00:00,1227.6,1228.0,1218.1,1221.0,1425.523
2022-08-30 03:00:00,1221.1,1227.8,1221.0,1223.3,1042.248
2022-08-30 07:00:00,1223.3,1223.7,1207.6,1211.6,1867.43
2022-08-30 11:00:00,1211.6,1212.7,1205.5,1211.3,1409.47
2022-08-30 15:00:00,1211.3,1224.0,1208.5,1212.6,2662.991
2022-08-30 19:00:00,1212.6,1234.6,1206.3,1213.5,3258.479
2022-08-30 23:00:00,1213.6,1218.8,1205.9,1213.9,1517.805
2022-08-31 03:00:00,1213.8,1214.2,1192.0,1202.2,2327.526
2022-08-31 07:00:00,1202.0,1206.9,1194.2,1205.2,1620.499
2022-08-31 11:00:00,1205.7,1214.0,1199.0,1203.8,1341.831
2022-08-31 15:00:00,1203.6,1216.4,1200.5,1214.6,2022.342
2022-08-31 19:00:00,1214.8,1221.0,1208.3,1211.3,1119.793
2022-08-31 23:00:00,1211.6,1220.0,1209.0,1215.9,571.976
2022-09-01 03:00:00,1216.1,1224.3,1213.2,1220.3,948.752
2022-09-01 07:00:00,1220.0,1222.8,1216.0,1217.6,903.916
2022-09-01 11:00:00,1217.6,1219.5,1203.7,1206.1,1095.612
2022-09-01 15:00:00,1206.0,1226.7,1206.0,1215.6,2106.504
2022-09-01 19:00:00,1215.5,1217.3,1199.2,1201.8,1521.002
2022-09-01 23:00:00,1201.7,1203.8,1197.5,1201.1,683.782
2022-09-02 03:00:00,1201.1,1205.7,1193.6,1196.6,1945.043
2022-09-02 07:00:00,1196.7,1201.5,1195.4,1196.9,658.236
2022-09-02 11:00:00,1197.0,1200.0,1195.5,1196.6,660.435
2022-09-02 15:00:00,1196.5,1198.6,1180.6,1183.7,3078.332
2022-09-02 19:00:00,1184.0,1206.0,1183.1,1203.1,2382.47
2022-09-02 23:00:00,1203.6,1206.9,1195.2,1197.1,1094.66
2022-09-03 03:00:00,1197.0,1203.6,1196.9,1200.1,781.396
2022-09-03 07:00:00,1200.5,1206.9,1193.4,1202.0,1380.713
2022-09-03 11:00:00,1202.2,1203.9,1196.0,1198.5,995.95
2022-09-03 15:00:00,1198.7,1200.2,1193.3,1195.3,838.29
2022-09-03 19:00:00,1195.4,1197.8,1188.0,1190.6,1067.559
2022-09-03 23:00:00,1190.6,1192.9,1188.5,1192.7,472.994
2022-09-04 03:00:00,1192.8,1194.9,1188.0,1191.0,508.709
2022-09-04 07:00:00,1191.1,1191.2,1187.6,1189.0,443.7
2022-09-04 11:00:00,1188.5,1190.9,1186.3,1186.8,712.079
2022-09-04 15:00:00,1186.5,1191.2,1181.1,1184.4,1350.379
2022-09-04 19:00:00,1184.5,1189.3,1183.1,1187.3,646.161
2022-09-04 23:00:00,1187.2,1188.2,1182.3,1186.3,389.874
2022-09-05 03:00:00,1186.6,1186.6,1180.0,1183.3,1030.843
2022-09-05 07:00:00,1183.3,1187.6,1180.9,1185.6,1005.175
2022-09-05 11:00:00,1185.7,1188.7,1183.6,1184.1,736.088
2022-09-05 15:00:00,1184.0,1184.8,1170.8,1171.5,2279.423
2022-09-05 19:00:00,1171.5,1175.4,1169.0,1172.3,988.923
2022-09-05 23:00:00,1172.6,1172.8,1156.3,1157.2,2073.5
2022-09-06 03:00:00,1157.4,1158.0,1135.0,1145.8,4381.003
2022-09-06 07:00:00,1145.8,1146.3,1129.4,1140.5,3030.008
2022-09-06 11:00:00,1140.6,1149.2,1133.9,1138.5,2294.507
2022-09-06 15:00:00,1138.5,1145.8,1133.1,1134.2,2463.682
2022-09-06 19:00:00,1134.1,1157.6,1125.9,1142.8,5406.308
2022-09-06 23:00:00,1143.3,1154.9,1143.3,1153.7,1382.412
2022-09-07 03:00:00,1153.6,1177.9,1149.9,1174.2,3884.71
2022-09-07 07:00:00,1174.3,1177.3,1167.2,1167.8,1892.805
2022-09-07 11:00:00,1167.9,1170.6,1165.8,1166.5,1505.255
2022-09-07 15:00:00,1166.7,1172.0,1155.2,1156.0,3022.304
2022-09-07 19:00:00,1155.9,1159.2,1147.1,1147.5,1589.095
2022-09-07 23:00:00,1147.6,1148.1,1120.2,1129.8,3714.391
2022-09-08 03:00:00,1129.9,1137.1,1126.4,1128.7,1221.256
2022-09-08 07:00:00,1128.7,1138.9,1125.9,1134.6,1670.575
2022-09-08 11:00:00,1134.8,1137.1,1128.4,1130.8,1205.4
2022-09-08 15:00:00,1130.9,1135.7,1118.2,1127.2,3022.13
2022-09-08 19:00:00,1127.3,1133.0,1120.0,1120.3,1361.665
2022-09-08 23:00:00,1120.2,1127.2,1118.8,1124.2,891.989
2022-09-09 03:00:00,1124.2,1138.1,1121.2,1137.5,1034.699
2022-09-09 07:00:00,1137.5,1158.8,1137.5,1154.6,3757.369
2022-09-09 11:00:00,1154.5,1178.8,1153.9,1169.8,3005.799
2022-09-09 15:00:00,1169.9,1180.7,1160.6,1180.1,2093.497
2022-09-09 19:00:00,1180.3,1192.5,1180.1,1184.0,2733.994
2022-09-09 23:00:00,1184.5,1188.8,1181.9,1183.0,821.119
2022-09-10 03:00:00,1183.8,1186.0,1167.0,1174.5,1447.015
2022-09-10 07:00:00,1174.9,1188.9,1171.0,1185.1,1394.153
2022-09-10 11:00:00,1185.1,1186.1,1175.1,1176.1,973.342
2022-09-10 15:00:00,1176.3,1179.3,1174.8,1177.8,697.784
2022-09-10 19:00:00,1177.3,1188.0,1176.1,1184.3,743.634
2022-09-10 23:00:00,1184.3,1184.4,1171.2,1173.6,488.495
2022-09-11 03:00:00,1173.8,1177.6,1167.5,1176.2,1163.615
2022-09-11 07:00:00,1176.3,1180.3,1175.0,1178.4,562.485
2022-09-11 11:00:00,1178.5,1182.8,1174.2,1174.9,503.374
2022-09-11 15:00:00,1174.9,1178.5,1171.7,1177.3,560.091
2022-09-11 19:00:00,1177.2,1179.4,1174.0,1178.6,442.547
2022-09-11 23:00:00,1178.6,1197.3,1177.0,1190.2,1547.949
2022-09-12 03:00:00,1190.1,1206.3,1187.7,1202.0,2297.519
2022-09-12 07:00:00,1202.0,1212.0,1201.4,1209.7,2175.882
2022-09-12 11:00:00,1209.9,1218.0,1205.5,1213.8,1570.245
2022-09-12 15:00:00,1214.1,1229.3,1211.8,1228.5,1879.456
2022-09-12 19:00:00,1228.4,1236.6,1227.8,1235.0,3151.475
2022-09-12 23:00:00,1235.1,1240.3,1232.4,1237.5,751.188
2022-09-13 03:00:00,1237.6,1248.0,1228.5,1228.9,2363.723
2022-09-13 07:00:00,1229.1,1242.0,1227.2,1231.7,1095.017
2022-09-13 11:00:00,1231.7,1240.3,1230.4,1231.2,880.621
2022-09-13 15:00:00,1231.4,1252.0,1226.6,1229.1,5246.484
2022-09-13 19:00:00,1229.1,1229.1,1195.3,1195.4,3666.063
2022-09-13 23:00:00,1195.4,1216.1,1188.6,1211.2,2412.868
2022-09-14 03:00:00,1211.3,1216.4,1197.6,1201.9,1384.545
2022-09-14 07:00:00,1201.7,1205.1,1191.2,1194.0,1214.209
2022-09-14 11:00:00,1194.5,1206.9,1194.2,1200.6,1110.052
2022-09-14 15:00:00,1200.6,1204.1,1192.2,1194.7,1361.794
2022-09-14 19:00:00,1194.1,1200.1,1181.2,1181.3,1649.659
2022-09-14 23:00:00,1181.2,1188.1,1175.0,1175.3,1245.218
2022-09-15 03:00:00,1175.4,1200.4,1173.3,1192.0,3157.027
2022-09-15 07:00:00,1191.8,1207.4,1170.0,1173.4,3691.42
2022-09-15 11:00:00,1173.2,1204.8,1173.1,1195.9,2411.995
2022-09-15 15:00:00,1196.0,1239.0,1191.8,1229.3,6663.925
2022-09-15 19:00:00,1229.3,1232.2,1218.7,1226.0,2717.261
2022-09-15 23:00:00,1226.2,1240.8,1222.4,1235.1,1836.803
2022-09-16 03:00:00,1235.1,1247.8,1230.7,1237.2,2622.407
2022-09-16 07:00:00,1237.2,1246.1,1236.0,1238.0,1454.471
2022-09-16 11:00:00,1238.0,1251.7,1237.0,1238.5,2829.007
2022-09-16 15:00:00,1238.8,1255.0,1238.7,1242.4,2627.789
2022-09-16 19:00:00,1241.9,1256.8,1241.5,1252.8,1851.594
2022-09-16 23:00:00,1252.9,1255.2,1248.3,1254.2,572.587
2022-09-17 03:00:00,1253.7,1260.6,1247.2,1253.3,979.816
2022-09-17 07:00:00,1253.2,1260.6,1250.0,1255.8,1411.132
2022-09-17 11:00:00,1255.8,1263.0,1254.6,1260.1,1015.716
2022-09-17 15:00:00,1260.3,1266.0,1243.4,1248.9,2412.732
2022-09-17 19:00:00,1248.9,1250.4,1238.1,1239.7,2066.79
2022-09-17 23:00:00,1239.7,1248.3,1238.8,1240.2,563.306
2022-09-18 03:00:00,1240.5,1250.0,1239.6,1249.0,763.121
2022-09-18 07:00:00,1248.9,1249.3,1244.0,1244.2,486.993
2022-09-18 11:00:00,1244.5,1258.4,1243.5,1254.4,1263.682
2022-09-18 15:00:00,1254.4,1262.9,1253.2,1259.0,998.908
2022-09-18 19:00:00,1258.9,1279.0,1257.5,1277.2,2684.466
2022-09-18 23:00:00,1277.2,1319.4,1276.6,1306.4,4904.002
2022-09-19 03:00:00,1306.5,1310.6,1289.0,1298.7,3895.046
2022-09-19 07:00:00,1299.0,1300.0,1272.0,1273.4,3186.797
2022-09-19 11:00:00,1273.3,1284.1,1271.0,1282.0,1704.95
2022-09-19 15:00:00,1281.9,1287.9,1272.3,1279.1,2371.088
2022-09-19 19:00:00,1279.0,1287.8,1273.7,1286.2,1295.48
2022-09-19 23:00:00,1286.0,1293.7,1274.4,1279.9,1186.359
2022-09-20 03:00:00,1280.2,1288.4,1278.3,1285.6,938.368
2022-09-20 07:00:00,1285.5,1285.5,1278.3,1282.2,779.999
2022-09-20 11:00:00,1282.2,1285.7,1274.5,1275.8,1022.624
2022-09-20 15:00:00,1275.4,1279.7,1254.3,1255.6,2667.114
2022-09-20 19:00:00,1255.9,1268.4,1250.5,1261.8,1868.086
2022-09-20 23:00:00,1261.8,1278.5,1261.4,1271.6,749.745
2022-09-21 03:00:00,1271.7,1275.0,1264.1,1272.0,610.375
2022-09-21 07:00:00,1272.3,1280.0,1267.6,1274.5,1063.678
2022-09-21 11:00:00,1274.4,1277.2,1270.1,1271.8,811.602
2022-09-21 15:00:00,1271.7,1289.9,1271.3,1285.2,1904.226
2022-09-21 19:00:00,1285.2,1291.4,1270.0,1279.0,4076.955
2022-09-21 23:00:00,1278.9,1311.2,1277.0,1302.8,4122.085
2022-09-22 03:00:00,1302.6,1306.2,1292.0,1301.4,1658.86
2022-09-22 07:00:00,1301.4,1302.4,1297.1,1300.5,831.314
2022-09-22 11:00:00,1300.5,1312.0,1293.4,1294.6,1428.205
2022-09-22 15:00:00,1294.5,1304.1,1289.0,1303.5,1496.165
2022-09-22 19:00:00,1303.1,1306.3,1278.6,1280.6,1009.86
2022-09-22 23:00:00,1280.2,1284.7,1271.4,1283.6,1072.794
2022-09-23 03:00:00,1283.5,1284.3,1259.5,1260.6,1089.395
2022-09-23 07:00:00,1260.6,1263.2,1250.8,1260.7,1750.759
2022-09-23 11:00:00,1260.9,1279.2,1259.5,1273.3,2025.599
2022-09-23 15:00:00,1273.5,1276.0,1257.0,1260.4,1861.786
2022-09-23 19:00:00,1260.5,1272.2,1257.9,1267.9,817.991
2022-09-23 23:00:00,1267.6,1269.0,1244.2,1262.0,1068.813
2022-09-24 03:00:00,1262.4,1264.4,1250.2,1255.5,661.671
2022-09-24 07:00:00,1255.1,1256.5,1241.2,1245.1,915.218
2022-09-24 11:00:00,1245.1,1248.2,1241.5,1247.1,778.064
2022-09-24 15:00:00,1247.1,1250.5,1239.4,1248.3,978.155
2022-09-24 19:00:00,1248.4,1250.0,1241.8,1243.9,509.662
2022-09-24 23:00:00,1244.0,1256.1,1243.5,1254.5,503.869
2022-09-25 03:00:00,1254.8,1257.5,1250.4,1250.5,631.849
2022-09-25 07:00:00,1250.5,1254.5,1248.6,1250.9,919.386
2022-09-25 11:00:00,1251.5,1258.8,1249.9,1253.4,815.95
2022-09-25 15:00:00,1253.2,1262.1,1250.1,1256.9,753.174
2022-09-25 19:00:00,1257.1,1276.4,1256.7,1262.9,922.732
2022-09-25 23:00:00,1262.8,1273.0,1258.8,1262.6,833.733
2022-09-26 03:00:00,1262.7,1266.4,1255.0,1264.7,746.425
2022-09-26 07:00:00,1264.8,1274.7,1264.7,1273.6,1158.006
2022-09-26 11:00:00,1273.6,1280.0,1272.0,1272.9,1406.307
2022-09-26 15:00:00,1272.9,1276.3,1263.5,1265.2,849.8
2022-09-26 19:00:00,1265.5,1271.4,1262.2,1267.0,578.825
2022-09-26 23:00:00,1267.0,1271.0,1262.2,1264.5,243.113
2022-09-27 03:00:00,1265.1,1292.5,1262.3,1281.5,2006.427
2022-09-27 07:00:00,1281.5,1288.3,1275.4,1287.2,1185.924
2022-09-27 11:00:00,1287.1,1292.2,1284.5,1290.2,657.867
2022-09-27 15:00:00,1290.2,1294.8,1282.7,1286.1,725.693
2022-09-27 19:00:00,1285.9,1288.0,1264.4,1275.2,2128.274
2022-09-27 23:00:00,1275.4,1278.1,1265.7,1269.5,796.058
2022-09-28 03:00:00,1269.5,1286.5,1268.3,1279.5,1392.8
2022-09-28 07:00:00,1279.6,1290.9,1279.6,1284.2,1286.927
2022-09-28 11:00:00,1284.1,1292.0,1283.3,1286.7,2064.409
2022-09-28 15:00:00,1286.5,1295.0,1283.6,1292.9,1535.954
2022-09-28 19:00:00,1292.9,1304.0,1292.1,1295.5,1955.134
2022-09-28 23:00:00,1295.0,1295.0,1279.8,1281.1,684.249
2022-09-29 03:00:00,1281.2,1289.9,1277.4,1283.0,650.642
2022-09-29 07:00:00,1283.1,1292.2,1281.9,1289.6,665.923
2022-09-29 11:00:00,1289.7,1293.7,1283.5,1285.6,1261.334
2022-09-29 15:00:00,1285.5,1288.0,1276.1,1280.3,1496.726
2022-09-29 19:00:00,1280.0,1289.4,1275.0,1283.5,917.027
2022-09-29 23:00:00,1283.3,1284.2,1273.0,1279.6,778.298
2022-09-30 03:00:00,1279.5,1281.6,1272.5,1274.5,570.542
2022-09-30 07:00:00,1274.6,1276.6,1270.2,1274.4,963.666
2022-09-30 11:00:00,1274.4,1278.6,1269.8,1277.1,846.153
2022-09-30 15:00:00,1277.1,1293.2,1270.8,1280.8,2285.272
2022-09-30 19:00:00,1280.7,1285.3,1276.3,1277.6,1107.583
2022-09-30 23:00:00,1277.6,1282.5,1273.0,1275.6,660.222
2022-10-01 03:00:00,1275.6,1279.0,1275.6,1275.7,310.614
2022-10-01 07:00:00,1276.5,1278.3,1272.0,1272.7,304.317
2022-10-01 11:00:00,1272.8,1273.8,1270.4,1272.9,257.208
2022-10-01 15:00:00,1272.7,1275.9,1270.8,1274.8,414.855
2022-10-01 19:00:00,1275.1,1286.0,1274.4,1281.0,812.68
2022-10-01 23:00:00,1281.0,1285.0,1280.0,1284.3,294.558
2022-10-02 03:00:00,1284.3,1287.0,1280.2,1285.0,459.026
2022-10-02 07:00:00,1284.7,1286.6,1279.9,1281.2,429.725
2022-10-02 11:00:00,1281.1,1291.8,1279.9,1289.1,1087.41
2022-10-02 15:00:00,1289.4,1292.0,1286.0,1289.9,1124.925
2022-10-02 19:00:00,1290.0,1290.6,1283.9,1284.8,575.785
2022-10-02 23:00:00,1284.8,1296.9,1283.0,1294.5,572.13
2022-10-03 03:00:00,1294.6,1300.5,1287.9,1292.5,795.993
2022-10-03 07:00:00,1292.8,1299.2,1291.6,1295.0,534.062
2022-10-03 11:00:00,1295.2,1299.3,1290.2,1291.8,655.721
2022-10-03 15:00:00,1291.4,1292.7,1284.1,1284.8,640.054
2022-10-03 19:00:00,1284.8,1300.7,1284.2,1295.7,878.212
2022-10-03 23:00:00,1295.9,1298.5,1291.1,1295.8,350.997
2022-10-04 03:00:00,1295.6,1295.9,1290.7,1291.2,227.029
2022-10-04 07:00:00,1291.5,1300.8,1289.8,1297.4,772.872
2022-10-04 11:00:00,1297.3,1303.0,1292.8,1292.8,653.471
2022-10-04 15:00:00,1292.8,1300.0,1291.0,1295.8,679.147
2022-10-04 19:00:00,1295.8,1299.8,1290.0,1299.2,373.734
2022-10-04 23:00:00,1298.8,1305.5,1297.4,1301.5,1221.277
2022-10-05 03:00:00,1301.5,1304.2,1297.2,1300.7,807.393
2022-10-05 07:00:00,1300.7,1304.6,1295.2,1302.0,576.773
2022-10-05 11:00:00,1302.0,1307.2,1301.3,1305.5,953.218
2022-10-05 15:00:00,1305.4,1307.1,1297.3,1301.8,1028.43
2022-10-05 19:00:00,1302.2,1303.3,1296.0,1296.6,568.513
2022-10-05 23:00:00,1296.2,1297.4,1290.1,1296.4,543.747
2022-10-06 03:00:00,1296.5,1299.8,1286.7,1292.2,909.277
2022-10-06 07:00:00,1292.2,1294.1,1287.4,1289.2,1020.699
2022-10-06 11:00:00,1289.1,1292.2,1288.3,1290.4,424.254
2022-10-06 15:00:00,1290.6,1290.9,1282.0,1283.8,653.921
2022-10-06 19:00:00,1284.3,1290.3,1283.6,1285.8,319.9
2022-10-06 23:00:00,1285.5,1295.6,1284.2,1292.0,581.535
2022-10-07 03:00:00,1292.1,1297.9,1291.7,1294.0,501.257
2022-10-07 07:00:00,1293.8,1294.8,1288.6,1289.7,548.875
2022-10-07 11:00:00,1289.8,1295.6,1289.8,1294.5,436.389
2022-10-07 15:00:00,1294.5,1297.5,1279.1,1282.7,1468.747
2022-10-07 19:00:00,1282.6,1282.6,1272.5,1273.4,734.524
2022-10-07 23:00:00,1273.6,1280.1,1273.3,1274.8,327.591
2022-10-08 03:00:00,1274.9,1278.1,1273.5,1273.5,440.11
2022-10-08 07:00:00,1273.6,1275.6,1273.0,1273.9,252.177
2022-10-08 11:00:00,1273.9,1277.9,1273.2,1277.7,232.786
2022-10-08 15:00:00,1277.7,1280.0,1275.2,1277.3,239.139
2022-10-08 19:00:00,1277.7,1277.8,1275.0,1277.5,131.204
2022-10-08 23:00:00,1277.4,1283.8,1274.0,1282.8,461.654
2022-10-09 03:00:00,1282.8,1286.3,1282.5,1285.5,404.893
2022-10-09 07:00:00,1285.5,1286.4,1281.5,1282.3,358.809
2022-10-09 11:00:00,1282.3,1282.8,1280.0,1280.0,316.238
2022-10-09 15:00:00,1279.9,1281.2,1277.3,1277.9,285.455
2022-10-09 19:00:00,1278.1,1278.5,1272.9,1275.6,298.67
2022-10-09 23:00:00,1275.7,1277.4,1273.4,1273.7,217.581
2022-10-10 03:00:00,1273.8,1274.7,1266.1,1273.8,674.859
2022-10-10 07:00:00,1273.9,1279.2,1272.0,1279.1,238.196
2022-10-10 11:00:00,1279.1,1282.5,1276.6,1280.5,699.337
2022-10-10 15:00:00,1280.6,1282.4,1277.4,1277.8,556.559
2022-10-10 19:00:00,1277.9,1279.7,1275.6,1277.1,200.438
2022-10-10 23:00:00,1277.1,1294.0,1276.5,1293.3,729.423
2022-10-11 03:00:00,1293.4,1307.0,1293.3,1300.4,3031.752
2022-10-11 07:00:00,1300.4,1304.2,1297.8,1298.9,1655.436
2022-10-11 11:00:00,1299.0,1305.0,1298.7,1301.0,1054.836
2022-10-11 15:00:00,1300.9,1304.2,1294.0,1295.1,1802.013
2022-10-11 19:00:00,1295.1,1304.9,1292.2,1299.5,719.208
2022-10-11 23:00:00,1299.6,1306.9,1294.5,1303.1,900.174
2022-10-12 03:00:00,1302.9,1306.0,1298.8,1301.6,372.459
2022-10-12 07:00:00,1301.6,1301.7,1292.5,1295.0,979.37
2022-10-12 11:00:00,1295.0,1296.4,1291.4,1294.9,542.046
2022-10-12 15:00:00,1294.9,1299.0,1294.1,1295.4,487.391
2022-10-12 19:00:00,1295.3,1303.0,1295.0,1301.0,795.603
2022-10-12 23:00:00,1301.1,1306.3,1300.3,1303.1,504.801
2022-10-13 03:00:00,1303.2,1316.8,1300.2,1313.4,1531.984
2022-10-13 07:00:00,1313.5,1338.2,1313.1,1330.7,4896.341
2022-10-13 11:00:00,1330.7,1354.9,1327.8,1336.3,7491.824
2022-10-13 15:00:00,1336.5,1342.0,1316.1,1325.2,5522.022
2022-10-13 19:00:00,1325.3,1332.0,1321.0,1325.6,2045.29
2022-10-13 23:00:00,1325.7,1330.2,1320.0,1328.4,642.447
2022-10-14 03:00:00,1328.6,1330.9,1313.0,1319.8,1369.288
2022-10-14 07:00:00,1319.8,1323.9,1314.9,1315.1,726.445
2022-10-14 11:00:00,1315.1,1316.0,1310.0,1312.0,1047.028
2022-10-14 15:00:00,1311.9,1314.1,1308.2,1312.1,1301.147
2022-10-14 19:00:00,1312.1,1317.0,1309.3,1310.1,800.83
2022-10-14 23:00:00,1310.0,1318.9,1308.3,1312.5,442.49
2022-10-15 03:00:00,1312.6,1316.5,1309.6,1309.7,323.585
2022-10-15 07:00:00,1309.7,1315.3,1308.5,1310.8,759.294
2022-10-15 11:00:00,1310.7,1322.4,1310.1,1314.4,1169.345
2022-10-15 15:00:00,1314.4,1318.7,1312.4,1313.7,368.214
2022-10-15 19:00:00,1313.7,1318.6,1312.4,1315.4,241.663
2022-10-15 23:00:00,1315.5,1325.2,1314.3,1322.0,270.085
2022-10-16 03:00:00,1322.0,1322.3,1315.1,1316.3,239.181
2022-10-16 07:00:00,1316.2,1318.1,1313.2,1316.0,264.897
2022-10-16 11:00:00,1316.0,1319.2,1313.6,1317.3,323.404
2022-10-16 15:00:00,1317.0,1319.9,1315.0,1316.7,351.658
2022-10-16 19:00:00,1316.3,1322.3,1311.0,1312.7,638.849
2022-10-16 23:00:00,1312.3,1315.1,1308.1,1310.2,645.379
2022-10-17 03:00:00,1310.5,1315.5,1309.5,1311.9,358.687
2022-10-17 07:00:00,1311.8,1313.3,1309.0,1310.3,226.706
2022-10-17 11:00:00,1310.2,1318.0,1308.6,1315.6,295.776
2022-10-17 15:00:00,1315.6,1317.0,1307.6,1311.2,466.52
2022-10-17 19:00:00,1311.2,1314.9,1309.5,1312.4,315.523
2022-10-17 23:00:00,1312.4,1313.0,1306.1,1306.8,271.86
2022-10-18 03:00:00,1306.8,1310.7,1302.9,1307.5,568.275
2022-10-18 07:00:00,1307.5,1313.6,1306.5,1311.8,566.924
2022-10-18 11:00:00,1311.8,1321.3,1311.4,1317.0,836.722
2022-10-18 15:00:00,1317.1,1325.3,1315.0,1317.4,799.457
2022-10-18 19:00:00,1317.7,1323.2,1313.0,1313.0,426.317
2022-10-18 23:00:00,1313.2,1313.8,1308.3,1312.6,473.118
2022-10-19 03:00:00,1312.7,1317.5,1310.0,1314.8,368.932
2022-10-19 07:00:00,1314.9,1320.1,1314.1,1315.8,417.724
2022-10-19 11:00:00,1315.8,1319.5,1314.0,1317.1,670.234
2022-10-19 15:00:00,1317.3,1318.8,1310.6,1313.7,611.892
2022-10-19 19:00:00,1313.8,1315.6,1311.7,1314.6,206.14
2022-10-19 23:00:00,1314.7,1328.9,1312.2,1325.9,1252.51
2022-10-20 03:00:00,1325.8,1328.7,1320.0,1321.8,1412.179
2022-10-20 07:00:00,1321.9,1324.1,1314.7,1316.9,1122.322
2022-10-20 11:00:00,1317.2,1318.8,1314.2,1316.7,442.187
2022-10-20 15:00:00,1316.6,1321.1,1315.0,1319.8,345.144
2022-10-20 19:00:00,1319.8,1337.3,1319.4,1331.1,1498.72
2022-10-20 23:00:00,1331.4,1336.8,1328.2,1330.9,788.55
2022-10-21 03:00:00,1331.1,1338.0,1328.0,1329.5,755.083
2022-10-21 07:00:00,1329.7,1335.0,1329.1,1332.2,730.978
2022-10-21 11:00:00,1332.3,1343.0,1332.3,1337.8,3202.412
2022-10-21 15:00:00,1337.8,1342.0,1330.4,1332.0,2237.922
2022-10-21 19:00:00,1332.0,1333.5,1325.4,1325.5,820.969
2022-10-21 23:00:00,1325.3,1327.4,1323.4,1324.3,351.438
2022-10-22 03:00:00,1324.3,1327.9,1322.6,1327.1,390.61
2022-10-22 07:00:00,1327.1,1331.3,1324.2,1324.9,500.258
2022-10-22 11:00:00,1325.1,1325.6,1318.8,1319.7,550.128
2022-10-22 15:00:00,1319.8,1321.9,1314.7,1316.2,871.637
2022-10-22 19:00:00,1316.3,1319.5,1314.5,1316.9,397.303
2022-10-22 23:00:00,1316.9,1317.8,1313.2,1314.7,329.237
2022-10-23 03:00:00,1314.7,1319.1,1311.5,1314.8,461.518
2022-10-23 07:00:00,1314.8,1318.5,1314.5,1316.3,237.607
2022-10-23 11:00:00,1316.3,1325.4,1315.0,1323.5,517.009
2022-10-23 15:00:00,1323.6,1324.6,1316.0,1317.2,444.7
2022-10-23 19:00:00,1317.2,1322.6,1315.5,1321.0,460.08
2022-10-23 23:00:00,1321.0,1322.0,1296.2,1298.9,1798.303
2022-10-24 03:00:00,1299.1,1307.0,1294.8,1306.6,1040.817
2022-10-24 07:00:00,1306.6,1308.7,1300.7,1307.3,884.735
2022-10-24 11:00:00,1307.5,1309.8,1301.4,1301.6,447.33
2022-10-24 15:00:00,1301.3,1312.5,1301.2,1304.1,898.929
2022-10-24 19:00:00,1304.1,1308.3,1303.0,1305.1,294.485
2022-10-24 23:00:00,1305.0,1305.8,1298.8,1305.5,417.154
2022-10-25 03:00:00,1305.5,1308.1,1301.0,1304.2,400.822
2022-10-25 07:00:00,1304.3,1305.5,1301.3,1302.5,251.387
2022-10-25 11:00:00,1302.5,1306.9,1302.1,1303.5,258.014
2022-10-25 15:00:00,1303.6,1303.6,1281.7,1286.6,1719.427
2022-10-25 19:00:00,1286.5,1287.8,1250.0,1258.3,3510.919
2022-10-25 23:00:00,1258.6,1273.9,1258.5,1270.3,1070.009
2022-10-26 03:00:00,1270.0,1272.9,1261.5,1265.2,803.29
2022-10-26 07:00:00,1265.4,1268.4,1252.8,1256.2,998.292
2022-10-26 11:00:00,1256.2,1263.7,1248.7,1263.2,1638.713
2022-10-26 15:00:00,1263.1,1268.0,1252.7,1259.0,1868.34
2022-10-26 19:00:00,1258.9,1268.4,1256.0,1256.1,1477.065
2022-10-26 23:00:00,1256.2,1262.4,1249.2,1253.6,575.479
2022-10-27 03:00:00,1254.3,1260.5,1246.9,1254.0,942.392
2022-10-27 07:00:00,1254.2,1255.9,1242.3,1250.1,1443.246
2022-10-27 11:00:00,1250.1,1253.2,1246.2,1251.4,645.676
2022-10-27 15:00:00,1251.4,1253.3,1241.0,1251.6,1193.17
2022-10-27 19:00:00,1251.5,1253.8,1241.8,1243.9,434.429
2022-10-27 23:00:00,1243.5,1258.6,1243.1,1255.9,905.327
2022-10-28 03:00:00,1255.7,1261.9,1249.5,1259.7,863.378
2022-10-28 07:00:00,1259.8,1263.0,1253.5,1258.2,928.349
2022-10-28 11:00:00,1258.2,1259.8,1251.4,1255.3,634.395
2022-10-28 15:00:00,1255.5,1258.0,1240.3,1244.1,1151.999
2022-10-28 19:00:00,1244.0,1245.9,1234.3,1235.8,1212.494
2022-10-28 23:00:00,1235.7,1237.8,1231.9,1237.1,538.288
2022-10-29 03:00:00,1237.0,1241.1,1223.5,1224.2,1025.623
2022-10-29 07:00:00,1224.0,1227.4,1219.4,1222.2,1085.753
2022-10-29 11:00:00,1222.1,1222.5,1201.4,1209.2,3321.248
2022-10-29 15:00:00,1209.2,1212.9,1202.4,1206.6,1684.552
2022-10-29 19:00:00,1206.8,1207.5,1185.2,1203.8,2698.011
2022-10-29 23:00:00,1203.5,1209.9,1198.9,1202.8,663.211
2022-10-30 03:00:00,1202.8,1207.3,1197.9,1197.9,487.476
2022-10-30 07:00:00,1197.9,1203.0,1192.6,1194.1,776.453
2022-10-30 11:00:00,1194.1,1210.0,1191.0,1205.0,1203.859
2022-10-30 15:00:00,1204.9,1218.6,1203.3,1217.5,1102.809
2022-10-30 19:00:00,1217.6,1217.8,1208.5,1211.3,820.884
2022-10-30 23:00:00,1211.3,1215.8,1206.1,1207.0,632.732
2022-10-31 03:00:00,1207.0,1218.6,1202.6,1207.0,1084.967
2022-10-31 07:00:00,1207.4,1211.1,1203.0,1204.1,773.651
2022-10-31 11:00:00,1204.2,1209.5,1185.0,1189.2,1920.2
2022-10-31 15:00:00,1189.1,1204.0,1182.9,1198.4,2295.236
2022-10-31 19:00:00,1198.4,1203.5,1197.1,1200.2,770.945
2022-10-31 23:00:00,1199.8,1206.5,1198.4,1200.0,371.103
2022-11-01 03:00:00,1200.0,1203.2,1186.9,1192.6,564.896
2022-11-01 07:00:00,1192.4,1196.9,1189.5,1192.9,622.306
2022-11-01 11:00:00,1193.2,1196.2,1187.0,1193.0,763.31
2022-11-01 15:00:00,1192.8,1202.8,1191.5,1199.8,732.577
2022-11-01 19:00:00,1200.2,1204.4,1194.4,1198.4,439.694
2022-11-01 23:00:00,1198.5,1200.7,1196.2,1198.2,268.392
2022-11-02 03:00:00,1198.8,1200.9,1193.6,1195.1,589.248
2022-11-02 07:00:00,1195.0,1214.5,1192.1,1206.1,1291.146
2022-11-02 11:00:00,1206.2,1228.0,1202.1,1214.1,2236.004
2022-11-02 15:00:00,1214.2,1216.7,1207.0,1211.2,1163.793
2022-11-02 19:00:00,1211.2,1217.4,1190.0,1213.9,2434.37
2022-11-02 23:00:00,1214.1,1230.5,1212.0,1216.5,1737.635
2022-11-03 03:00:00,1216.5,1218.9,1197.9,1201.6,820.294
2022-11-03 07:00:00,1201.4,1202.2,1190.6,1196.2,1598.821
2022-11-03 11:00:00,1196.2,1201.9,1189.1,1197.2,1702.259
2022-11-03 15:00:00,1197.1,1205.1,1194.6,1198.9,1309.113
2022-11-03 19:00:00,1198.9,1200.7,1195.3,1198.0,410.357
2022-11-03 23:00:00,1198.1,1208.1,1196.4,1206.1,781.48
2022-11-04 03:00:00,1206.3,1209.6,1191.5,1191.5,939.303
2022-11-04 07:00:00,1191.5,1195.5,1184.1,1184.1,1162.399
2022-11-04 11:00:00,1184.1,1188.0,1177.4,1185.3,1743.171
2022-11-04 15:00:00,1185.1,1188.2,1161.1,1174.6,2990.992
2022-11-04 19:00:00,1174.8,1175.5,1168.2,1170.4,1046.416
2022-11-04 23:00:00,1170.5,1174.1,1169.7,1171.3,1326.95
2022-11-05 03:00:00,1171.3,1187.2,1168.0,1184.5,2185.831
2022-11-05 07:00:00,1184.5,1184.7,1173.2,1173.9,895.278
2022-11-05 11:00:00,1174.0,1182.2,1174.0,1178.7,686.075
2022-11-05 15:00:00,1178.9,1188.5,1176.8,1177.6,1027.495
2022-11-05 19:00:00,1178.0,1185.3,1175.7,1182.2,608.769
2022-11-05 23:00:00,1182.2,1191.2,1180.1,1186.7,756.417
2022-11-06 03:00:00,1186.8,1194.6,1186.2,1187.4,1210.655
2022-11-06 07:00:00,1187.4,1191.1,1183.3,1184.8,660.081
2022-11-06 11:00:00,1184.6,1191.7,1181.3,1188.9,895.351
2022-11-06 15:00:00,1188.9,1191.5,1182.2,1187.5,967.176
2022-11-06 19:00:00,1187.6,1199.3,1185.4,1195.0,1128.331
2022-11-06 23:00:00,1195.1,1218.9,1194.2,1218.4,2003.883
2022-11-07 03:00:00,1218.4,1219.5,1202.6,1203.0,2203.389
2022-11-07 07:00:00,1203.1,1221.7,1198.4,1220.4,1696.447
2022-11-07 11:00:00,1220.4,1221.7,1202.1,1203.3,2489.748
2022-11-07 15:00:00,1203.2,1207.0,1192.4,1193.2,1263.252
2022-11-07 19:00:00,1193.1,1198.4,1185.5,1189.1,1548.075
2022-11-07 23:00:00,1188.9,1211.6,1186.3,1201.4,1404.412
2022-11-08 03:00:00,1201.2,1229.6,1197.6,1227.1,3028.843
2022-11-08 07:00:00,1227.6,1245.0,1212.0,1214.7,5789.581
2022-11-08 11:00:00,1215.0,1220.4,1208.9,1219.2,1804.428
2022-11-08 15:00:00,1219.2,1229.1,1212.7,1213.1,2334.894
2022-11-08 19:00:00,1213.0,1275.2,1168.1,1251.5,14435.311
2022-11-08 23:00:00,1252.1,1267.8,1241.8,1246.8,5423.997
2022-11-09 03:00:00,1246.9,1273.6,1243.4,1261.8,3187.648
2022-11-09 07:00:00,1261.8,1289.0,1258.9,1284.5,3767.304
2022-11-09 11:00:00,1284.7,1350.0,1284.5,1302.6,13181.77
2022-11-09 15:00:00,1302.4,1321.3,1276.6,1317.3,7397.422
2022-11-09 19:00:00,1317.8,1341.1,1294.3,1295.3,8853.341
2022-11-09 23:00:00,1295.0,1341.8,1293.4,1309.1,6010.743
2022-11-10 03:00:00,1310.3,1329.8,1267.2,1271.3,5154.343
2022-11-10 07:00:00,1271.5,1283.3,1264.7,1272.0,2793.572
2022-11-10 11:00:00,1272.9,1289.4,1262.4,1263.1,3205.401
2022-11-10 15:00:00,1263.1,1267.6,1217.4,1218.8,4479.775
2022-11-10 19:00:00,1218.8,1251.0,1218.8,1233.8,3061.233
2022-11-10 23:00:00,1233.6,1248.1,1230.1,1234.7,1695.544
2022-11-11 03:00:00,1234.8,1255.4,1226.1,1250.5,2143.406
2022-11-11 07:00:00,1250.6,1257.5,1236.0,1241.8,944.005
2022-11-11 11:00:00,1241.8,1243.9,1235.0,1239.3,958.122
2022-11-11 15:00:00,1239.5,1255.2,1230.6,1237.0,2633.229
2022-11-11 19:00:00,1236.8,1247.2,1225.0,1225.6,1244.821
2022-11-11 23:00:00,1225.4,1231.7,1218.9,1224.0,710.228
2022-11-12 03:00:00,1223.9,1243.3,1222.7,1242.9,599.856
2022-11-12 07:00:00,1242.6,1263.0,1226.3,1235.7,3461.074
2022-11-12 11:00:00,1235.8,1248.6,1233.2,1242.2,1556.142
2022-11-12 15:00:00,1242.0,1245.3,1234.3,1239.1,819.095
2022-11-12 19:00:00,1239.0,1245.6,1236.5,1243.1,582.757
2022-11-12 23:00:00,1243.3,1250.6,1237.7,1245.5,569.076
2022-11-13 03:00:00,1245.4,1248.8,1236.0,1236.6,862.417
2022-11-13 07:00:00,1236.5,1252.8,1235.0,1249.3,801.827
2022-11-13 11:00:00,1249.3,1264.0,1248.4,1254.7,1440.397
2022-11-13 15:00:00,1254.7,1256.9,1246.2,1251.4,797.543
2022-11-13 19:00:00,1251.2,1261.2,1250.1,1255.1,666.736
2022-11-13 23:00:00,1255.1,1264.8,1248.8,1249.0,908.631
2022-11-14 03:00:00,1249.2,1271.0,1245.5,1267.2,1548.42
2022-11-14 07:00:00,1267.5,1271.3,1250.8,1254.5,1496.774
2022-11-14 11:00:00,1254.5,1255.0,1242.2,1249.6,874.278
2022-11-14 15:00:00,1249.8,1253.0,1240.2,1249.3,1181.81
2022-11-14 19:00:00,1248.6,1258.9,1248.6,1250.4,503.301
2022-11-14 23:00:00,1250.1,1252.0,1242.1,1242.8,542.398
2022-11-15 03:00:00,1242.8,1251.4,1236.6,1250.0,952.064
2022-11-15 07:00:00,1250.2,1250.9,1240.2,1242.7,460.722
2022-11-15 11:00:00,1242.6,1248.0,1240.1,1244.1,836.34
2022-11-15 15:00:00,1243.9,1246.7,1238.0,1246.1,1201.367
2022-11-15 19:00:00,1246.1,1253.0,1243.6,1250.5,740.76
2022-11-15 23:00:00,1250.5,1260.0,1249.7,1252.4,667.964
2022-11-16 03:00:00,1252.4,1256.4,1244.5,1246.3,462.909
2022-11-16 07:00:00,1246.0,1250.6,1242.7,1248.5,430.043
2022-11-16 11:00:00,1248.4,1264.9,1246.2,1264.7,730.832
2022-11-16 15:00:00,1264.9,1273.2,1256.6,1270.8,1907.287
2022-11-16 19:00:00,1270.9,1277.7,1261.7,1268.0,1112.057
2022-11-16 23:00:00,1268.5,1270.8,1263.5,1267.4,506.057
2022-11-17 03:00:00,1267.4,1271.3,1263.2,1267.2,656.63
2022-11-17 07:00:00,1267.3,1275.6,1264.2,1272.1,851.158
2022-11-17 11:00:00,1272.0,1284.9,1271.1,1276.5,1044.419
2022-11-17 15:00:00,1276.3,1286.7,1272.2,1283.2,916.769
2022-11-17 19:00:00,1283.2,1284.4,1273.4,1278.6,497.989
2022-11-17 23:00:00,1278.6,1286.3,1277.0,1283.8,485.169
2022-11-18 03:00:00,1283.5,1290.0,1274.2,1278.2,1186.642
2022-11-18 07:00:00,1278.5,1279.3,1272.9,1275.7,342.291
2022-11-18 11:00:00,1275.7,1279.5,1270.9,1271.4,414.3
2022-11-18 15:00:00,1272.0,1275.3,1265.7,1275.3,592.114
2022-11-18 19:00:00,1275.5,1276.6,1270.8,1272.4,296.137
2022-11-18 23:00:00,1272.3,1273.8,1269.1,1272.3,264.97
2022-11-19 03:00:00,1272.9,1277.0,1271.2,1273.5,155.981
2022-11-19 07:00:00,1273.5,1281.4,1272.8,1276.6,407.72
2022-11-19 11:00:00,1276.4,1278.1,1273.9,1276.1,703.916
2022-11-19 15:00:00,1276.1,1279.0,1273.1,1273.4,320.588
2022-11-19 19:00:00,1273.5,1274.4,1270.1,1271.7,308.509
2022-11-19 23:00:00,1271.5,1271.8,1266.6,1270.0,216.905
2022-11-20 03:00:00,1270.2,1270.2,1262.6,1264.6,651.051
2022-11-20 07:00:00,1264.5,1268.9,1262.0,1265.8,1013.042
2022-11-20 11:00:00,1265.8,1300.2,1265.6,1297.8,2027.02
2022-11-20 15:00:00,1297.8,1304.0,1292.3,1294.7,1746.771
2022-11-20 19:00:00,1295.1,1301.9,1293.1,1295.0,674.21
2022-11-20 23:00:00,1295.0,1316.0,1294.0,1311.8,1288.864
2022-11-21 03:00:00,1312.4,1326.7,1311.5,1318.8,2160.249
2022-11-21 07:00:00,1319.0,1322.9,1311.9,1316.7,1610.371
2022-11-21 11:00:00,1316.7,1329.5,1313.2,1318.9,1484.106
2022-11-21 15:00:00,1318.9,1324.3,1308.1,1314.8,1260.7
2022-11-21 19:00:00,1314.8,1338.6,1312.9,1324.1,1969.04
2022-11-21 23:00:00,1324.1,1325.0,1301.7,1307.4,1300.72
2022-11-22 03:00:00,1307.5,1316.2,1301.7,1311.3,831.669
2022-11-22 07:00:00,1310.4,1322.4,1307.1,1317.6,870.05
2022-11-22 11:00:00,1317.7,1328.1,1317.4,1323.0,645.587
2022-11-22 15:00:00,1323.2,1324.6,1298.0,1303.2,1584.991
2022-11-22 19:00:00,1303.2,1309.2,1300.9,1305.8,630.959
2022-11-22 23:00:00,1306.1,1306.1,1293.6,1296.1,502.108
2022-11-23 03:00:00,1296.1,1308.0,1288.4,1290.0,1435.656
2022-11-23 07:00:00,1289.9,1293.8,1288.0,1290.8,527.685
2022-11-23 11:00:00,1290.5,1290.5,1272.1,1273.8,1539.842
2022-11-23 15:00:00,1273.9,1282.8,1271.5,1274.8,974.106
2022-11-23 19:00:00,1274.7,1280.6,1267.4,1269.6,861.268
2022-11-23 23:00:00,1269.6,1272.6,1260.0,1264.2,543.054
2022-11-24 03:00:00,1264.2,1270.2,1255.9,1258.6,1116.931
2022-11-24 07:00:00,1258.5,1261.1,1251.8,1253.1,624.709
2022-11-24 11:00:00,1253.1,1260.5,1252.6,1260.5,708.13
2022-11-24 15:00:00,1260.2,1260.2,1251.1,1253.5,678.873
2022-11-24 19:00:00,1253.3,1256.6,1246.2,1247.1,527.237
2022-11-24 23:00:00,1247.1,1253.2,1243.8,1246.4,467.346
2022-11-25 03:00:00,1246.5,1261.3,1246.5,1254.8,546.883
2022-11-25 07:00:00,1254.8,1260.0,1249.0,1250.8,493.045
2022-11-25 11:00:00,1250.6,1257.1,1243.0,1247.2,523.253
2022-11-25 15:00:00,1246.9,1250.0,1241.0,1246.7,436.68
2022-11-25 19:00:00,1247.2,1252.1,1240.7,1241.4,407.935
2022-11-25 23:00:00,1241.5,1242.8,1238.8,1241.8,310.983
2022-11-26 03:00:00,1241.6,1242.8,1224.6,1230.5,917.664
2022-11-26 07:00:00,1230.5,1232.1,1222.1,1222.2,822.081
2022-11-26 11:00:00,1222.5,1224.8,1218.9,1220.5,897.479
2022-11-26 15:00:00,1219.8,1227.6,1213.6,1223.1,911.857
2022-11-26 19:00:00,1223.2,1230.2,1220.8,1229.4,660.587
2022-11-26 23:00:00,1229.5,1232.3,1224.6,1227.0,410.145
2022-11-27 03:00:00,1226.7,1229.0,1220.8,1222.0,377.352
2022-11-27 07:00:00,1222.1,1223.9,1214.7,1219.3,908.993
2022-11-27 11:00:00,1219.5,1223.2,1215.9,1217.3,658.554
2022-11-27 15:00:00,1217.2,1223.1,1215.2,1215.7,578.349
2022-11-27 19:00:00,1215.7,1222.8,1214.8,1220.7,610.059
2022-11-27 23:00:00,1220.6,1234.0,1217.3,1230.6,621.821
2022-11-28 03:00:00,1230.5,1255.2,1227.0,1244.6,2830.637
2022-11-28 07:00:00,1244.7,1251.1,1243.7,1246.6,810.639
2022-11-28 11:00:00,1246.7,1251.7,1244.5,1249.5,602.209
2022-11-28 15:00:00,1249.2,1257.5,1243.5,1250.6,1337.694
2022-11-28 19:00:00,1250.6,1256.0,1241.4,1245.8,897.663
2022-11-28 23:00:00,1246.7,1247.8,1240.5,1246.2,421.175
2022-11-29 03:00:00,1246.6,1252.9,1234.0,1236.1,888.651
2022-11-29 07:00:00,1236.1,1237.4,1225.6,1229.0,839.514
2022-11-29 11:00:00,1228.9,1229.0,1221.3,1225.2,732.314
2022-11-29 15:00:00,1225.1,1231.0,1222.7,1228.2,670.302
2022-11-29 19:00:00,1227.5,1234.0,1226.2,1228.4,493.746
2022-11-29 23:00:00,1228.5,1228.7,1223.1,1227.6,340.799
2022-11-30 03:00:00,1227.7,1229.1,1206.9,1226.1,1881.568
2022-11-30 07:00:00,1226.3,1226.9,1218.0,1218.5,639.661
2022-11-30 11:00:00,1218.5,1226.6,1215.2,1222.1,457.442
2022-11-30 15:00:00,1221.7,1225.6,1220.3,1223.9,508.817
2022-11-30 19:00:00,1224.1,1227.9,1218.7,1224.5,949.595
2022-11-30 23:00:00,1224.6,1225.9,1215.6,1221.5,557.99
2022-12-01 03:00:00,1221.6,1232.7,1220.7,1230.4,556.393
2022-12-01 07:00:00,1230.3,1235.5,1228.0,1231.7,702.857
2022-12-01 11:00:00,1231.4,1234.7,1225.2,1228.8,732.631
2022-12-01 15:00:00,1228.9,1241.4,1226.7,1233.1,907.502
2022-12-01 19:00:00,1233.4,1235.6,1228.7,1230.1,269.098
2022-12-01 23:00:00,1230.1,1232.2,1226.1,1230.2,199.302
2022-12-02 03:00:00,1230.3,1238.4,1226.0,1235.8,483.339
2022-12-02 07:00:00,1235.7,1241.1,1232.8,1234.0,597.238
2022-12-02 11:00:00,1234.1,1235.5,1226.0,1228.0,681.515
2022-12-02 15:00:00,1227.9,1234.7,1227.2,1230.3,612.01
2022-12-02 19:00:00,1230.4,1232.0,1226.4,1226.8,226.32
2022-12-02 23:00:00,1226.8,1226.9,1223.6,1224.1,254.895
2022-12-03 03:00:00,1224.1,1228.5,1220.3,1226.6,371.55
2022-12-03 07:00:00,1226.8,1231.9,1224.0,1231.9,306.528
2022-12-03 11:00:00,1231.9,1237.6,1231.0,1233.0,459.824
2022-12-03 15:00:00,1232.9,1233.4,1227.8,1230.5,274.513
2022-12-03 19:00:00,1230.5,1236.2,1229.6,1233.4,324.97
2022-12-03 23:00:00,1233.4,1250.0,1233.4,1248.9,1373.677
2022-12-04 03:00:00,1249.0,1249.7,1238.7,1240.9,829.266
2022-12-04 07:00:00,1240.6,1244.4,1234.8,1242.3,515.455
2022-12-04 11:00:00,1242.4,1245.6,1239.0,1242.9,426.711
2022-12-04 15:00:00,1242.9,1245.9,1239.3,1244.2,335.672
2022-12-04 19:00:00,1244.2,1244.3,1234.9,1235.6,290.36
2022-12-04 23:00:00,1235.2,1239.4,1233.3,1237.0,405.121
2022-12-05 03:00:00,1237.2,1238.1,1228.5,1232.0,560.801
2022-12-05 07:00:00,1231.9,1235.9,1230.0,1231.6,731.206
2022-12-05 11:00:00,1231.5,1232.8,1224.9,1231.9,938.898
2022-12-05 15:00:00,1232.0,1241.8,1231.0,1240.1,836.523
2022-12-05 19:00:00,1239.8,1248.1,1239.7,1245.7,577.631
2022-12-05 23:00:00,1245.7,1246.3,1237.3,1239.7,628.47
2022-12-06 03:00:00,1240.0,1243.4,1235.8,1243.2,480.148
2022-12-06 07:00:00,1243.0,1248.0,1242.1,1245.3,653.034
2022-12-06 11:00:00,1245.3,1253.0,1243.9,1246.1,1150.351
2022-12-06 15:00:00,1246.1,1251.9,1244.6,1245.9,1056.461
2022-12-06 19:00:00,1245.8,1252.3,1245.0,1249.9,356.194
2022-12-06 23:00:00,1249.8,1249.9,1240.0,1241.4,331.717
2022-12-07 03:00:00,1241.5,1247.6,1240.1,1245.9,387.357
2022-12-07 07:00:00,1245.9,1266.0,1244.0,1263.7,1875.333
2022-12-07 11:00:00,1263.6,1266.5,1260.8,1263.9,1783.301
2022-12-07 15:00:00,1263.9,1265.5,1256.7,1260.3,1343.452
2022-12-07 19:00:00,1260.3,1262.4,1258.3,1260.9,397.085
2022-12-07 23:00:00,1260.7,1265.0,1259.4,1261.0,451.052
2022-12-08 03:00:00,1260.9,1265.7,1257.0,1259.3,627.251
2022-12-08 07:00:00,1259.1,1264.0,1253.8,1256.1,650.002
2022-12-08 11:00:00,1256.0,1260.1,1253.3,1254.5,548.852
2022-12-08 15:00:00,1254.4,1256.5,1250.4,1251.3,406.501
2022-12-08 19:00:00,1251.4,1256.7,1247.9,1250.4,483.372
2022-12-08 23:00:00,1250.4,1252.1,1246.7,1249.3,398.769
2022-12-09 03:00:00,1249.5,1254.5,1247.5,1249.1,617.381
2022-12-09 07:00:00,1249.1,1251.0,1247.3,1247.6,269.908
2022-12-09 11:00:00,1247.5,1251.5,1244.1,1246.5,491.266
2022-12-09 15:00:00,1246.6,1255.3,1245.6,1252.0,651.78
2022-12-09 19:00:00,1252.0,1259.3,1251.0,1257.2,274.791
2022-12-09 23:00:00,1257.2,1261.8,1256.2,1260.1,306.163
2022-12-10 03:00:00,1260.1,1262.4,1256.5,1259.5,402.203
2022-12-10 07:00:00,1259.6,1261.6,1258.0,1260.8,266.287
2022-12-10 11:00:00,1260.7,1266.0,1257.8,1258.8,614.319
2022-12-10 15:00:00,1259.1,1263.1,1252.0,1253.2,1241.727
2022-12-10 19:00:00,1253.4,1259.0,1251.2,1256.6,597.549
2022-12-10 23:00:00,1256.5,1258.7,1253.8,1256.4,171.233
2022-12-11 03:00:00,1256.4,1258.0,1252.5,1252.5,198.32
2022-12-11 07:00:00,1252.6,1255.0,1251.0,1253.0,250.122
2022-12-11 11:00:00,1252.9,1255.7,1252.3,1253.8,203.204
2022-12-11 15:00:00,1253.8,1256.3,1252.2,1254.0,283.83
2022-12-11 19:00:00,1253.9,1255.2,1250.9,1253.7,216.784
2022-12-11 23:00:00,1253.8,1270.3,1253.7,1267.7,1173.446
2022-12-12 03:00:00,1267.7,1278.2,1259.1,1274.7,1396.376
2022-12-12 07:00:00,1274.6,1278.3,1272.5,1275.0,1114.115
2022-12-12 11:00:00,1275.2,1278.1,1269.3,1271.3,805.508
2022-12-12 15:00:00,1271.2,1283.2,1270.6,1280.8,1355.198
2022-12-12 19:00:00,1280.9,1283.0,1277.4,1280.9,449.234
2022-12-12 23:00:00,1281.0,1283.2,1272.0,1274.8,607.762
2022-12-13 03:00:00,1274.7,1285.9,1272.8,1285.3,1101.208
2022-12-13 07:00:00,1285.2,1302.8,1282.2,1292.9,3244.463
2022-12-13 11:00:00,1292.9,1299.3,1287.6,1293.4,1548.919
2022-12-13 15:00:00,1293.5,1297.5,1275.5,1284.0,2067.099
2022-12-13 19:00:00,1284.1,1295.5,1282.5,1293.0,579.734
2022-12-13 23:00:00,1293.1,1294.5,1286.8,1288.9,390.516
2022-12-14 03:00:00,1288.9,1291.1,1284.0,1287.1,499.309
2022-12-14 07:00:00,1287.1,1292.3,1285.4,1290.8,559.217
2022-12-14 11:00:00,1290.7,1293.9,1287.5,1291.3,788.898
2022-12-14 15:00:00,1291.0,1300.3,1289.0,1298.3,773.998
2022-12-14 19:00:00,1298.4,1316.0,1298.0,1306.4,1693.039
2022-12-14 23:00:00,1306.5,1310.7,1303.6,1310.2,588.499
2022-12-15 03:00:00,1310.1,1320.0,1308.6,1315.0,1053.001
2022-12-15 07:00:00,1314.9,1318.9,1313.4,1317.4,788.884
2022-12-15 11:00:00,1317.2,1318.9,1313.7,1316.1,572.97
2022-12-15 15:00:00,1316.1,1318.7,1307.8,1308.5,1158.634
2022-12-15 19:00:00,1308.4,1315.9,1302.9,1311.4,638.306
2022-12-15 23:00:00,1311.3,1320.0,1310.6,1313.7,560.255
2022-12-16 03:00:00,1313.5,1315.9,1308.3,1310.4,407.212
2022-12-16 07:00:00,1310.3,1313.5,1306.9,1309.0,438.733
2022-12-16 11:00:00,1309.0,1340.5,1308.3,1336.6,5067.414
2022-12-16 15:00:00,1336.6,1345.8,1335.9,1345.8,3048.6
2022-12-16 19:00:00,1345.7,1352.9,1341.3,1342.6,3983.825
2022-12-16 23:00:00,1342.5,1390.0,1337.3,1378.9,6422.823
2022-12-17 03:00:00,1379.0,1397.9,1370.9,1377.9,5243.247
2022-12-17 07:00:00,1377.9,1382.9,1366.4,1368.7,3137.925
2022-12-17 11:00:00,1368.5,1373.8,1361.5,1368.9,2171.8
2022-12-17 15:00:00,1369.0,1371.5,1364.7,1369.0,1608.049
2022-12-17 19:00:00,1369.3,1379.0,1365.3,1373.8,2247.984
2022-12-17 23:00:00,1373.9,1375.3,1358.4,1361.0,1601.557
2022-12-18 03:00:00,1361.0,1371.0,1354.0,1355.1,1507.079
2022-12-18 07:00:00,1355.2,1359.9,1345.9,1359.0,1580.192
2022-12-18 11:00:00,1358.8,1369.9,1356.8,1360.3,1025.405
2022-12-18 15:00:00,1360.2,1368.1,1359.0,1368.1,708.032
2022-12-18 19:00:00,1368.2,1369.0,1355.2,1360.6,751.237
2022-12-18 23:00:00,1360.5,1363.1,1352.6,1359.9,469.365
2022-12-19 03:00:00,1359.8,1369.5,1351.5,1365.0,913.829
2022-12-19 07:00:00,1365.0,1371.0,1362.7,1369.4,966.864
2022-12-19 11:00:00,1369.3,1370.0,1362.0,1366.6,728.328
2022-12-19 15:00:00,1366.4,1369.5,1359.7,1366.3,886.221
2022-12-19 19:00:00,1366.4,1384.4,1366.4,1376.5,1447.33
2022-12-19 23:00:00,1376.5,1383.9,1365.6,1371.1,1076.286
2022-12-20 03:00:00,1371.0,1373.4,1356.1,1365.7,1128.336
2022-12-20 07:00:00,1365.9,1365.9,1353.8,1358.2,1039.195
2022-12-20 11:00:00,1358.2,1360.9,1352.8,1354.9,501.347
2022-12-20 15:00:00,1355.0,1363.0,1352.2,1357.9,1161.331
2022-12-20 19:00:00,1357.9,1360.9,1354.9,1357.4,595.993
2022-12-20 23:00:00,1357.3,1358.8,1348.8,1354.7,935.126
2022-12-21 03:00:00,1354.7,1364.6,1353.6,1363.7,606.626
2022-12-21 07:00:00,1363.6,1367.9,1360.0,1361.5,584.541
2022-12-21 11:00:00,1361.5,1365.5,1356.7,1358.8,645.808
2022-12-21 15:00:00,1358.9,1362.1,1357.9,1360.0,382.576
2022-12-21 19:00:00,1360.4,1365.4,1359.9,1361.9,444.45
2022-12-21 23:00:00,1361.9,1362.8,1357.2,1358.7,243.42
2022-12-22 03:00:00,1358.7,1363.0,1353.8,1360.9,647.306
2022-12-22 07:00:00,1360.9,1363.1,1357.3,1360.0,786.631
2022-12-22 11:00:00,1359.7,1361.1,1353.4,1356.1,625.034
2022-12-22 15:00:00,1356.0,1374.8,1352.7,1371.9,1354.087
2022-12-22 19:00:00,1371.9,1373.3,1363.6,1363.7,808.907
2022-12-22 23:00:00,1363.5,1364.1,1340.0,1353.1,1487.338
2022-12-23 03:00:00,1353.1,1354.0,1342.7,1347.9,795.465
2022-12-23 07:00:00,1347.4,1352.1,1346.5,1350.9,371.944
2022-12-23 11:00:00,1351.1,1355.0,1348.3,1351.4,328.754
2022-12-23 15:00:00,1351.4,1357.1,1349.2,1354.4,418.599
2022-12-23 19:00:00,1354.5,1356.2,1352.6,1353.4,162.223
2022-12-23 23:00:00,1353.4,1353.4,1347.4,1348.3,151.439
2022-12-24 03:00:00,1348.3,1355.9,1347.7,1354.0,235.645
2022-12-24 07:00:00,1354.0,1358.3,1353.1,1355.6,317.983
2022-12-24 11:00:00,1355.7,1359.8,1354.9,1357.6,230.497
2022-12-24 15:00:00,1357.4,1358.5,1355.7,1356.3,187.52
2022-12-24 19:00:00,1356.3,1357.5,1352.1,1353.4,166.828
2022-12-24 23:00:00,1353.3,1357.8,1352.9,1354.7,118.846
2022-12-25 03:00:00,1354.7,1356.3,1352.5,1354.6,139.047
2022-12-25 07:00:00,1354.5,1358.4,1354.0,1356.1,150.636
2022-12-25 11:00:00,1356.2,1359.6,1355.4,1357.8,227.106
2022-12-25 15:00:00,1357.9,1370.8,1357.4,1364.2,909.469
2022-12-25 19:00:00,1364.1,1368.8,1363.0,1364.9,425.811
2022-12-25 23:00:00,1364.8,1367.1,1356.6,1358.7,359.983
2022-12-26 03:00:00,1358.7,1363.0,1356.1,1359.0,520.593
2022-12-26 07:00:00,1359.1,1360.5,1355.4,1357.2,260.343
2022-12-26 11:00:00,1357.3,1359.0,1354.0,1356.2,181.855
2022-12-26 15:00:00,1356.1,1359.9,1354.8,1356.8,315.099
2022-12-26 19:00:00,1356.7,1358.6,1353.3,1354.5,184.857
2022-12-26 23:00:00,1354.4,1355.9,1349.0,1350.6,614.62
2022-12-27 03:00:00,1350.4,1355.8,1346.3,1354.0,841.65
2022-12-27 07:00:00,1354.0,1355.5,1350.0,1352.0,253.14
2022-12-27 11:00:00,1351.7,1356.5,1348.0,1350.4,536.37
2022-12-27 15:00:00,1350.4,1357.4,1349.0,1354.5,702.964
2022-12-27 19:00:00,1354.5,1357.0,1346.0,1346.8,653.332
2022-12-27 23:00:00,1347.0,1349.3,1345.0,1347.0,589.254
2022-12-28 03:00:00,1347.0,1359.6,1344.8,1357.9,598.83
2022-12-28 07:00:00,1358.1,1372.0,1357.6,1366.8,1759.29
2022-12-28 11:00:00,1366.9,1370.0,1365.7,1367.4,1076.346
2022-12-28 15:00:00,1367.5,1371.4,1361.2,1367.4,1472.358
2022-12-28 19:00:00,1367.5,1368.9,1362.4,1365.9,492.439
2022-12-28 23:00:00,1365.7,1368.3,1362.6,1364.4,541.054
2022-12-29 03:00:00,1364.4,1372.0,1363.0,1365.2,586.538
2022-12-29 07:00:00,1365.0,1367.1,1363.3,1364.5,242.835
2022-12-29 11:00:00,1364.7,1367.0,1362.1,1364.9,476.296
2022-12-29 15:00:00,1364.9,1367.0,1362.7,1363.7,285.864
2022-12-29 19:00:00,1363.3,1369.7,1363.2,1368.0,278.913
2022-12-29 23:00:00,1368.2,1379.0,1364.5,1368.3,1149.309
2022-12-30 03:00:00,1368.4,1375.1,1363.9,1369.9,440.193
2022-12-30 07:00:00,1369.9,1375.9,1368.6,1373.5,373.814
2022-12-30 11:00:00,1373.6,1374.7,1371.1,1372.9,605.688
2022-12-30 15:00:00,1372.9,1373.9,1365.0,1369.8,615.642
2022-12-30 19:00:00,1369.8,1369.9,1366.0,1366.0,166.062
2022-12-30 23:00:00,1366.1,1369.6,1365.6,1366.5,169.882
2022-12-31 03:00:00,1366.5,1369.4,1365.9,1368.9,154.791
2022-12-31 07:00:00,1368.9,1369.3,1365.6,1366.0,236.585
2022-12-31 11:00:00,1365.9,1366.2,1360.5,1363.3,670.133
2022-12-31 15:00:00,1363.3,1364.2,1355.6,1357.5,780.427
2022-12-31 19:00:00,1357.7,1362.3,1356.6,1357.5,294.295
2022-12-31 23:00:00,1357.6,1362.8,1355.9,1362.6,242.686
2023-01-01 03:00:00,1362.5,1366.5,1361.7,1365.9,282.705
2023-01-01 07:00:00,1366.0,1368.5,1365.3,1366.1,236.111
2023-01-01 11:00:00,1366.1,1367.4,1364.2,1364.9,162.237
2023-01-01 15:00:00,1365.0,1367.1,1364.4,1364.8,214.097
2023-01-01 19:00:00,1364.8,1366.0,1360.4,1362.1,209.983
2023-01-01 23:00:00,1362.0,1365.3,1360.3,1365.0,190.556
2023-01-02 03:00:00,1365.0,1377.4,1363.7,1371.3,902.287
2023-01-02 07:00:00,1371.3,1372.3,1354.2,1357.9,887.131
2023-01-02 11:00:00,1357.8,1357.8,1348.4,1352.8,1156.627
2023-01-02 15:00:00,1352.8,1352.9,1347.2,1348.2,502.808
2023-01-02 19:00:00,1348.3,1349.7,1346.6,1348.1,331.711
2023-01-02 23:00:00,1348.2,1353.0,1344.4,1349.8,425.526
2023-01-03 03:00:00,1349.7,1354.4,1348.7,1351.1,321.776
2023-01-03 07:00:00,1351.2,1353.1,1347.7,1349.2,416.189
2023-01-03 11:00:00,1349.1,1353.6,1348.7,1352.9,321.522
2023-01-03 15:00:00,1353.0,1357.1,1349.7,1351.4,644.758
2023-01-03 19:00:00,1351.7,1355.0,1349.5,1352.1,258.552
2023-01-03 23:00:00,1352.0,1352.4,1347.4,1348.7,167.07
2023-01-04 03:00:00,1348.6,1349.1,1317.9,1323.1,1897.56
2023-01-04 07:00:00,1323.0,1327.1,1321.1,1322.8,796.525
2023-01-04 11:00:00,1322.9,1325.8,1320.3,1323.0,559.697
2023-01-04 15:00:00,1323.0,1326.1,1317.7,1318.7,832.745
2023-01-04 19:00:00,1319.0,1323.0,1312.3,1320.8,989.56
2023-01-04 23:00:00,1320.9,1326.4,1316.3,1316.7,468.279
2023-01-05 03:00:00,1317.0,1322.0,1315.2,1319.9,399.607
2023-01-05 07:00:00,1320.0,1322.5,1316.5,1319.9,594.929
2023-01-05 11:00:00,1320.0,1328.1,1317.9,1321.2,578.291
2023-01-05 15:00:00,1321.2,1329.9,1320.9,1328.5,863.497
2023-01-05 19:00:00,1328.5,1330.7,1323.3,1324.5,406.587
2023-01-05 23:00:00,1324.5,1330.9,1323.2,1326.8,226.667
2023-01-06 03:00:00,1326.8,1327.8,1321.6,1326.8,343.954
2023-01-06 07:00:00,1326.7,1332.9,1326.0,1330.0,381.59
2023-01-06 11:00:00,1330.2,1333.4,1328.1,1329.4,361.441
2023-01-06 15:00:00,1329.6,1333.7,1318.4,1318.7,705.689
2023-01-06 19:00:00,1319.0,1320.6,1312.0,1314.5,795.332
2023-01-06 23:00:00,1314.1,1321.4,1313.9,1315.9,357.714
2023-01-07 03:00:00,1315.9,1318.2,1313.4,1316.2,349.552
2023-01-07 07:00:00,1316.6,1319.6,1316.2,1317.1,205.21
2023-01-07 11:00:00,1316.9,1320.0,1316.6,1319.3,205.347
2023-01-07 15:00:00,1319.4,1321.1,1318.1,1318.3,237.146
2023-01-07 19:00:00,1318.3,1321.1,1316.1,1317.1,194.893
2023-01-07 23:00:00,1317.0,1320.7,1316.5,1318.7,198.876
2023-01-08 03:00:00,1318.5,1325.5,1317.4,1320.3,516.577
2023-01-08 07:00:00,1320.3,1322.2,1318.6,1320.8,253.916
2023-01-08 11:00:00,1320.8,1321.5,1315.9,1318.6,139.669
2023-01-08 15:00:00,1318.7,1318.8,1306.3,1307.9,443.21
2023-01-08 19:00:00,1307.8,1316.1,1305.6,1310.4,357.354
2023-01-08 23:00:00,1310.5,1310.9,1293.2,1295.8,1373.87
2023-01-09 03:00:00,1295.8,1299.1,1271.9,1274.4,2273.955
2023-01-09 07:00:00,1274.3,1279.0,1269.8,1275.7,1670.438
2023-01-09 11:00:00,1275.6,1279.3,1265.4,1272.0,1444.558
2023-01-09 15:00:00,1271.9,1275.2,1256.2,1260.4,1918.871
2023-01-09 19:00:00,1260.3,1272.8,1256.3,1271.4,2070.232
2023-01-09 23:00:00,1271.4,1279.9,1270.2,1274.6,1093.114
2023-01-10 03:00:00,1274.5,1282.8,1265.4,1273.2,785.61
2023-01-10 07:00:00,1273.2,1276.7,1271.3,1275.1,586.939
2023-01-10 11:00:00,1275.1,1275.7,1268.1,1273.2,720.13
2023-01-10 15:00:00,1273.2,1277.8,1270.1,1274.5,743.069
2023-01-10 19:00:00,1274.4,1283.1,1274.3,1276.0,1038.285
2023-01-10 23:00:00,1275.7,1280.2,1273.9,1279.2,446.15
2023-01-11 03:00:00,1279.2,1286.5,1277.7,1285.2,790.032
2023-01-11 07:00:00,1285.3,1286.0,1277.3,1278.1,806.201
2023-01-11 11:00:00,1278.1,1280.9,1275.0,1277.0,507.017
2023-01-11 15:00:00,1277.0,1283.5,1276.5,1281.3,713.43
2023-01-11 19:00:00,1281.4,1282.9,1274.3,1276.0,1010.4
2023-01-11 23:00:00,1276.1,1279.9,1260.8,1271.5,1547.718
2023-01-12 03:00:00,1271.5,1285.7,1266.6,1278.9,1368.793
2023-01-12 07:00:00,1278.9,1281.2,1275.0,1278.9,647.828
2023-01-12 11:00:00,1278.7,1290.7,1278.6,1287.3,876.168
2023-01-12 15:00:00,1287.3,1299.7,1277.6,1289.4,2106.572
2023-01-12 19:00:00,1289.4,1311.8,1288.3,1310.6,1771.653
2023-01-12 23:00:00,1310.6,1316.5,1303.7,1310.7,919.776
2023-01-13 03:00:00,1310.6,1317.8,1310.1,1311.6,934.829
2023-01-13 07:00:00,1311.5,1315.4,1305.7,1314.1,566.4
2023-01-13 11:00:00,1314.2,1324.6,1312.6,1321.9,1231.76
2023-01-13 15:00:00,1321.9,1338.8,1321.0,1335.5,1072.387
2023-01-13 19:00:00,1335.7,1346.3,1332.6,1342.0,855.476
2023-01-13 23:00:00,1341.9,1348.2,1330.0,1348.0,1264.796
2023-01-14 03:00:00,1348.1,1366.5,1327.6,1335.1,4308.438
2023-01-14 07:00:00,1335.2,1337.7,1316.6,1320.8,1548.342
2023-01-14 11:00:00,1320.8,1337.7,1312.9,1337.3,2608.219
2023-01-14 15:00:00,1337.3,1351.0,1334.0,1342.8,2208.242
2023-01-14 19:00:00,1342.8,1345.4,1336.6,1343.4,780.216
2023-01-14 23:00:00,1343.4,1350.2,1337.0,1338.5,677.016
2023-01-15 03:00:00,1338.6,1350.4,1337.5,1345.7,900.89
2023-01-15 07:00:00,1345.8,1352.0,1344.1,1346.5,397.817
2023-01-15 11:00:00,1346.6,1353.7,1344.5,1345.3,985.853
2023-01-15 15:00:00,1345.3,1347.0,1337.3,1337.3,803.765
2023-01-15 19:00:00,1337.3,1345.0,1335.0,1340.6,1108.506
2023-01-15 23:00:00,1340.5,1343.4,1336.2,1339.3,348.613
2023-01-16 03:00:00,1339.3,1349.1,1335.5,1335.5,1204.221
2023-01-16 07:00:00,1335.4,1342.7,1334.1,1342.0,588.989
2023-01-16 11:00:00,1342.0,1349.6,1341.7,1346.9,1120.519
2023-01-16 15:00:00,1347.0,1359.5,1344.8,1356.0,1211.417
2023-01-16 19:00:00,1355.9,1359.6,1346.0,1348.3,974.121
2023-01-16 23:00:00,1348.3,1351.8,1344.0,1351.6,630.925
2023-01-17 03:00:00,1351.7,1358.0,1350.1,1354.9,882.752
2023-01-17 07:00:00,1354.9,1356.6,1350.2,1350.6,410.013
2023-01-17 11:00:00,1350.7,1353.7,1349.6,1350.9,355.087
2023-01-17 15:00:00,1350.9,1354.9,1345.3,1349.9,1747.538
2023-01-17 19:00:00,1349.9,1352.4,1347.3,1348.6,527.225
2023-01-17 23:00:00,1348.5,1356.0,1348.2,1355.5,537.534
2023-01-18 03:00:00,1355.0,1356.4,1345.4,1348.5,469.312
2023-01-18 07:00:00,1348.2,1352.0,1345.7,1351.3,262.649
2023-01-18 11:00:00,1351.0,1357.3,1350.4,1351.6,474.71
2023-01-18 15:00:00,1351.2,1370.7,1347.0,1366.2,1376.706
2023-01-18 19:00:00,1366.2,1378.9,1359.9,1364.8,3221.685
2023-01-18 23:00:00,1365.1,1382.5,1364.3,1380.8,952.386
2023-01-19 03:00:00,1380.8,1381.8,1372.7,1373.7,1164.461
2023-01-19 07:00:00,1373.6,1374.9,1371.0,1373.5,513.201
2023-01-19 11:00:00,1373.5,1378.9,1369.8,1376.1,635.338
2023-01-19 15:00:00,1376.1,1380.3,1370.0,1374.4,1114.303
2023-01-19 19:00:00,1374.5,1378.3,1371.0,1372.2,437.034
2023-01-19 23:00:00,1372.2,1372.9,1366.9,1370.4,482.756
2023-01-20 03:00:00,1370.5,1375.3,1368.4,1370.1,374.532
2023-01-20 07:00:00,1370.2,1375.2,1368.9,1371.0,284.27
2023-01-20 11:00:00,1371.0,1372.5,1368.0,1371.7,193.76
2023-01-20 15:00:00,1371.7,1374.8,1368.2,1370.9,354.614
2023-01-20 19:00:00,1370.7,1372.5,1358.7,1361.4,1065.818
2023-01-20 23:00:00,1361.4,1388.6,1359.0,1382.2,2337.346
2023-01-21 03:00:00,1382.3,1388.3,1375.0,1384.3,915.654
2023-01-21 07:00:00,1384.2,1387.1,1379.3,1384.6,490.94
2023-01-21 11:00:00,1384.6,1410.4,1384.3,1406.1,1948.559
2023-01-21 15:00:00,1406.2,1415.7,1403.1,1412.4,780.015
2023-01-21 19:00:00,1412.4,1420.0,1408.8,1413.9,838.005
2023-01-21 23:00:00,1414.0,1416.2,1406.5,1415.1,479.907
2023-01-22 03:00:00,1415.2,1420.0,1411.5,1414.3,654.77
2023-01-22 07:00:00,1414.4,1418.3,1412.5,1416.8,532.857
2023-01-22 11:00:00,1416.7,1418.5,1408.3,1408.5,515.528
2023-01-22 15:00:00,1408.6,1410.8,1398.2,1399.4,763.552
2023-01-22 19:00:00,1399.5,1401.6,1384.3,1394.2,740.797
2023-01-22 23:00:00,1394.2,1405.6,1393.3,1403.1,522.408
2023-01-23 03:00:00,1403.0,1403.1,1388.4,1394.9,520.067
2023-01-23 07:00:00,1394.9,1397.3,1393.3,1395.0,186.641
2023-01-23 11:00:00,1395.0,1400.9,1389.4,1397.8,411.042
2023-01-23 15:00:00,1397.9,1412.7,1397.5,1408.5,886.195
2023-01-23 19:00:00,1408.4,1417.1,1400.8,1403.4,896.114
2023-01-23 23:00:00,1403.3,1408.1,1402.1,1408.0,308.372
2023-01-24 03:00:00,1407.6,1411.7,1395.0,1395.8,394.526
2023-01-24 07:00:00,1396.0,1403.0,1395.7,1398.8,360.345
2023-01-24 11:00:00,1398.8,1402.0,1396.8,1401.0,314.592
2023-01-24 15:00:00,1401.0,1408.4,1400.9,1404.7,501.525
2023-01-24 19:00:00,1404.9,1414.9,1404.0,1412.6,510.495
2023-01-24 23:00:00,1412.6,1468.8,1412.4,1448.4,2711.572
2023-01-25 03:00:00,1448.4,1463.9,1447.6,1455.7,1438.295
2023-01-25 07:00:00,1455.7,1456.4,1445.2,1449.6,1089.907
2023-01-25 11:00:00,1449.7,1454.4,1446.8,1452.4,613.714
2023-01-25 15:00:00,1452.5,1457.4,1440.6,1451.7,1230.979
2023-01-25 19:00:00,1451.8,1456.3,1443.6,1444.8,1170.605
2023-01-25 23:00:00,1445.0,1455.1,1426.9,1427.0,2385.081
2023-01-26 03:00:00,1427.1,1434.2,1423.2,1430.4,669.209
2023-01-26 07:00:00,1430.1,1431.4,1420.4,1426.8,647.734
2023-01-26 11:00:00,1426.9,1432.0,1424.9,1431.7,400.585
2023-01-26 15:00:00,1431.7,1436.4,1422.2,1434.0,910.989
2023-01-26 19:00:00,1434.1,1439.9,1427.3,1429.2,429.23
2023-01-26 23:00:00,1429.1,1431.6,1424.6,1426.4,243.559
2023-01-27 03:00:00,1426.4,1440.0,1425.0,1439.1,477.471
2023-01-27 07:00:00,1439.1,1451.9,1431.3,1439.3,1250.509
2023-01-27 11:00:00,1439.5,1440.5,1435.1,1438.6,301.787
2023-01-27 15:00:00,1438.7,1444.8,1434.7,1438.1,505.568
2023-01-27 19:00:00,1438.4,1440.0,1425.6,1428.2,512.902
2023-01-27 23:00:00,1428.4,1434.6,1422.7,1422.8,406.753
2023-01-28 03:00:00,1422.8,1428.2,1418.2,1425.2,330.01
2023-01-28 07:00:00,1425.1,1426.3,1414.0,1422.1,660.49
2023-01-28 11:00:00,1422.3,1429.4,1420.9,1426.0,255.686
2023-01-28 15:00:00,1425.9,1443.8,1425.9,1435.6,726.32
2023-01-28 19:00:00,1435.5,1442.0,1434.4,1438.3,322.063
2023-01-28 23:00:00,1438.1,1449.2,1437.4,1439.6,282.728
2023-01-29 03:00:00,1440.0,1442.9,1423.3,1432.6,605.416
2023-01-29 07:00:00,1432.5,1436.0,1431.2,1432.9,212.647
2023-01-29 11:00:00,1433.0,1435.0,1427.8,1429.7,373.238
2023-01-29 15:00:00,1429.8,1437.5,1425.2,1432.4,761.656
2023-01-29 19:00:00,1432.7,1437.5,1420.4,1427.4,546.104
2023-01-29 23:00:00,1427.4,1429.8,1424.7,1425.5,294.148
2023-01-30 03:00:00,1425.5,1430.6,1421.9,1430.6,263.323
2023-01-30 07:00:00,1430.5,1439.6,1430.0,1437.5,231.694
2023-01-30 11:00:00,1437.4,1452.7,1436.2,1443.5,1519.955
2023-01-30 15:00:00,1443.6,1446.8,1440.3,1445.3,489.147
2023-01-30 19:00:00,1445.3,1458.7,1440.9,1447.7,915.85
2023-01-30 23:00:00,1447.6,1450.9,1438.1,1440.0,643.45
2023-01-31 03:00:00,1440.1,1440.2,1431.0,1433.1,616.865
2023-01-31 07:00:00,1432.7,1436.4,1430.6,1431.8,375.329
2023-01-31 11:00:00,1431.8,1437.0,1429.6,1434.1,309.178
2023-01-31 15:00:00,1434.0,1438.7,1429.4,1431.2,454.406
2023-01-31 19:00:00,1431.3,1432.7,1423.9,1424.5,394.88
2023-01-31 23:00:00,1424.5,1434.5,1424.0,1434.2,495.284
2023-02-01 03:00:00,1434.1,1435.5,1425.2,1435.3,439.345
2023-02-01 07:00:00,1435.2,1447.6,1434.2,1444.1,587.067
2023-02-01 11:00:00,1444.1,1447.5,1438.8,1442.3,707.448
2023-02-01 15:00:00,1442.3,1448.8,1439.3,1447.1,433.269
2023-02-01 19:00:00,1447.2,1453.6,1427.7,1431.5,1962.06
2023-02-01 23:00:00,1431.4,1431.4,1421.0,1426.5,1484.089
2023-02-02 03:00:00,1426.7,1427.3,1408.5,1409.5,1240.116
2023-02-02 07:00:00,1409.4,1411.7,1404.0,1410.7,878.926
2023-02-02 11:00:00,1410.6,1410.9,1405.6,1406.2,659.339
2023-02-02 15:00:00,1406.4,1410.5,1400.1,1405.0,1248.27
2023-02-02 19:00:00,1404.9,1406.9,1390.3,1404.0,1066.11
2023-02-02 23:00:00,1404.0,1417.0,1401.1,1412.0,611.767
2023-02-03 03:00:00,1411.9,1417.9,1407.3,1413.7,540.976
2023-02-03 07:00:00,1413.8,1415.3,1408.4,1412.4,402.147
2023-02-03 11:00:00,1412.4,1413.8,1401.8,1403.3,449.515
2023-02-03 15:00:00,1403.4,1403.7,1391.7,1397.1,1096.987
2023-02-03 19:00:00,1397.1,1398.2,1384.2,1387.9,902.521
2023-02-03 23:00:00,1387.8,1390.4,1382.1,1386.9,604.32
2023-02-04 03:00:00,1386.9,1390.9,1379.7,1389.3,651.17
2023-02-04 07:00:00,1389.4,1391.5,1386.3,1386.5,162.456
2023-02-04 11:00:00,1386.6,1389.9,1384.0,1385.2,201.641
2023-02-04 15:00:00,1385.0,1385.4,1374.4,1376.2,1048.397
2023-02-04 19:00:00,1376.2,1378.8,1369.5,1376.0,982.754
2023-02-04 23:00:00,1376.0,1383.1,1371.0,1379.4,626.892
2023-02-05 03:00:00,1379.4,1385.8,1376.6,1385.1,841.863
2023-02-05 07:00:00,1385.1,1385.7,1377.8,1380.8,232.962
2023-02-05 11:00:00,1380.7,1384.2,1375.6,1383.4,209.495
2023-02-05 15:00:00,1383.5,1394.4,1381.9,1390.4,972.049
2023-02-05 19:00:00,1390.4,1395.3,1388.7,1392.6,420.335
2023-02-05 23:00:00,1393.1,1397.7,1386.0,1388.0,260.451
2023-02-06 03:00:00,1388.1,1392.4,1384.2,1389.9,324.502
2023-02-06 07:00:00,1389.9,1391.9,1382.2,1382.2,301.74
2023-02-06 11:00:00,1382.3,1387.0,1382.1,1384.3,356.945
2023-02-06 15:00:00,1384.3,1387.5,1381.1,1381.7,341.072
2023-02-06 19:00:00,1381.6,1384.6,1379.6,1382.3,429.562
2023-02-06 23:00:00,1382.1,1397.9,1379.6,1395.3,586.917
2023-02-07 03:00:00,1394.9,1396.7,1385.3,1386.2,379.101
2023-02-07 07:00:00,1386.5,1388.2,1383.8,1386.5,302.828
2023-02-07 11:00:00,1386.5,1388.6,1380.3,1382.4,304.72
2023-02-07 15:00:00,1382.5,1388.7,1381.8,1386.9,284.241
2023-02-07 19:00:00,1387.0,1390.2,1376.0,1379.5,1823.916
2023-02-07 23:00:00,1379.4,1381.2,1372.5,1373.8,642.221
2023-02-08 03:00:00,1373.7,1375.0,1364.5,1370.3,969.741
2023-02-08 07:00:00,1370.3,1375.1,1369.4,1370.8,288.57
2023-02-08 11:00:00,1370.9,1375.8,1368.6,1368.7,388.622
2023-02-08 15:00:00,1368.6,1371.2,1361.0,1369.0,1602.981
2023-02-08 19:00:00,1369.1,1380.3,1366.2,1373.2,1338.544
2023-02-08 23:00:00,1373.3,1377.5,1371.3,1374.6,500.267
2023-02-09 03:00:00,1374.7,1390.5,1371.2,1381.0,1449.946
2023-02-09 07:00:00,1381.1,1383.6,1374.5,1376.6,727.369
2023-02-09 11:00:00,1376.7,1377.8,1372.9,1374.6,361.999
2023-02-09 15:00:00,1374.7,1376.4,1366.7,1370.8,565.871
2023-02-09 19:00:00,1370.5,1391.4,1368.9,1382.1,987.664
2023-02-09 23:00:00,1382.2,1412.8,1381.9,1399.4,2581.146
2023-02-10 03:00:00,1399.4,1402.9,1397.4,1398.8,1069.699
2023-02-10 07:00:00,1398.5,1406.1,1393.4,1395.4,1434.204
2023-02-10 11:00:00,1395.4,1398.6,1391.8,1396.9,688.14
2023-02-10 15:00:00,1396.6,1407.5,1394.4,1399.6,1074.655
2023-02-10 19:00:00,1399.6,1402.3,1392.6,1395.2,729.905
2023-02-10 23:00:00,1395.1,1408.1,1394.4,1405.9,910.185
2023-02-11 03:00:00,1406.2,1408.3,1398.6,1399.5,491.413
2023-02-11 07:00:00,1399.4,1405.3,1399.0,1401.5,211.899
2023-02-11 11:00:00,1401.5,1405.1,1399.4,1402.1,281.405
2023-02-11 15:00:00,1402.3,1404.8,1398.5,1400.4,444.98
2023-02-11 19:00:00,1400.4,1407.2,1399.7,1399.7,333.245
2023-02-11 23:00:00,1399.8,1401.6,1392.5,1396.7,476.772
2023-02-12 03:00:00,1396.7,1400.2,1396.6,1399.6,305.489
2023-02-12 07:00:00,1400.0,1403.0,1397.4,1400.6,344.184
2023-02-12 11:00:00,1400.5,1401.2,1396.2,1398.7,265.878
2023-02-12 15:00:00,1398.8,1404.1,1397.6,1398.7,307.347
2023-02-12 19:00:00,1398.3,1398.9,1389.4,1394.0,393.159
2023-02-12 23:00:00,1394.0,1413.0,1392.5,1407.1,1060.158
2023-02-13 03:00:00,1407.0,1420.4,1403.9,1410.5,1377.149
2023-02-13 07:00:00,1410.5,1413.3,1404.6,1412.0,585.784
2023-02-13 11:00:00,1411.7,1444.1,1411.7,1435.6,3137.002
2023-02-13 15:00:00,1435.4,1445.1,1433.0,1443.8,1145.067
2023-02-13 19:00:00,1444.0,1449.4,1434.4,1435.0,1755.115
2023-02-13 23:00:00,1435.0,1439.0,1428.0,1428.7,503.743
2023-02-14 03:00:00,1428.6,1435.7,1428.6,1432.8,443.897
2023-02-14 07:00:00,1432.7,1434.2,1428.2,1429.3,321.672
2023-02-14 11:00:00,1429.3,1434.4,1423.8,1431.5,591.014
2023-02-14 15:00:00,1431.4,1433.4,1412.4,1413.0,2743.439
2023-02-14 19:00:00,1413.1,1417.4,1410.1,1410.5,774.879
2023-02-14 23:00:00,1410.5,1418.2,1408.7,1413.8,403.215
2023-02-15 03:00:00,1413.8,1418.5,1410.0,1411.5,541.426
2023-02-15 07:00:00,1411.6,1413.2,1409.2,1411.3,546.259
2023-02-15 11:00:00,1411.5,1414.2,1408.6,1412.2,436.316
2023-02-15 15:00:00,1412.3,1428.8,1412.1,1428.1,916.309
2023-02-15 19:00:00,1428.3,1436.2,1422.8,1423.3,866.495
2023-02-15 23:00:00,1423.4,1450.8,1423.0,1444.5,1833.321
2023-02-16 03:00:00,1444.7,1460.7,1442.3,1457.6,1165.528
2023-02-16 07:00:00,1457.5,1459.6,1447.5,1457.0,685.932
2023-02-16 11:00:00,1457.3,1458.2,1450.0,1457.0,530.204
2023-02-16 15:00:00,1457.1,1464.4,1448.0,1457.0,828.393
2023-02-16 19:00:00,1456.9,1460.8,1451.0,1456.3,898.865
2023-02-16 23:00:00,1456.3,1467.2,1442.3,1442.5,1241.081
2023-02-17 03:00:00,1442.6,1448.0,1434.2,1434.4,874.839
2023-02-17 07:00:00,1434.5,1437.7,1426.8,1429.2,750.076
2023-02-17 11:00:00,1429.0,1431.7,1423.8,1427.4,838.963
2023-02-17 15:00:00,1427.4,1443.8,1427.1,1440.2,780.331
2023-02-17 19:00:00,1440.1,1443.5,1433.4,1434.3,507.214
2023-02-17 23:00:00,1434.4,1453.8,1434.2,1445.2,839.25
2023-02-18 03:00:00,1445.3,1449.6,1438.2,1441.2,298.743
2023-02-18 07:00:00,1441.2,1443.9,1440.0,1442.2,223.901
2023-02-18 11:00:00,1442.2,1446.2,1442.0,1444.5,179.843
2023-02-18 15:00:00,1444.5,1447.9,1441.3,1446.5,229.53
2023-02-18 19:00:00,1446.1,1452.2,1443.7,1449.8,419.057
2023-02-18 23:00:00,1449.5,1455.8,1447.6,1448.5,373.765
2023-02-19 03:00:00,1448.6,1453.3,1446.8,1451.2,304.073
2023-02-19 07:00:00,1451.1,1451.1,1441.1,1442.5,273.514
2023-02-19 11:00:00,1442.5,1445.0,1439.9,1441.4,250.849
2023-02-19 15:00:00,1441.5,1444.0,1434.4,1442.0,575.408
2023-02-19 19:00:00,1441.9,1450.5,1436.4,1445.8,1003.04
2023-02-19 23:00:00,1445.8,1448.2,1430.5,1434.2,394.294
2023-02-20 03:00:00,1434.1,1438.6,1425.2,1432.3,656.87
2023-02-20 07:00:00,1432.3,1434.9,1427.5,1427.8,331.56
2023-02-20 11:00:00,1428.0,1443.2,1427.4,1439.5,491.3
2023-02-20 15:00:00,1439.5,1449.8,1438.4,1446.1,406.494
2023-02-20 19:00:00,1446.0,1451.9,1444.9,1446.1,492.489
2023-02-20 23:00:00,1446.0,1447.5,1442.2,1445.6,257.693
2023-02-21 03:00:00,1445.7,1451.5,1441.2,1451.3,534.083
2023-02-21 07:00:00,1451.6,1456.6,1451.4,1453.1,330.814
2023-02-21 11:00:00,1453.3,1464.5,1452.4,1460.9,1084.995
2023-02-21 15:00:00,1460.9,1467.8,1456.4,1459.7,737.424
2023-02-21 19:00:00,1459.8,1463.0,1450.7,1460.2,529.661
2023-02-21 23:00:00,1460.0,1463.6,1453.3,1460.6,473.486
2023-02-22 03:00:00,1460.7,1463.8,1453.6,1455.3,712.57
2023-02-22 07:00:00,1455.2,1459.5,1451.1,1453.7,319.612
2023-02-22 11:00:00,1453.6,1461.8,1453.4,1459.1,450.9
2023-02-22 15:00:00,1459.0,1461.2,1450.8,1456.7,625.285
2023-02-22 19:00:00,1456.7,1459.8,1450.5,1453.0,1215.234
2023-02-22 23:00:00,1453.2,1460.0,1451.1,1453.7,436.197
2023-02-23 03:00:00,1453.6,1458.2,1452.2,1454.9,315.223
2023-02-23 07:00:00,1454.7,1455.5,1448.5,1450.0,206.043
2023-02-23 11:00:00,1450.1,1454.0,1438.0,1442.1,719.399
2023-02-23 15:00:00,1442.1,1444.4,1436.5,1439.8,694.699
2023-02-23 19:00:00,1439.8,1446.2,1434.4,1443.7,582.399
2023-02-23 23:00:00,1443.7,1446.0,1440.3,1443.6,279.428
2023-02-24 03:00:00,1444.0,1446.0,1441.1,1445.7,255.05
2023-02-24 07:00:00,1445.7,1446.2,1434.3,1436.0,282.001
2023-02-24 11:00:00,1436.1,1444.4,1433.6,1441.9,276.79
2023-02-24 15:00:00,1442.0,1453.5,1441.7,1448.1,845.913
2023-02-24 19:00:00,1448.3,1455.2,1439.8,1440.2,886.607
2023-02-24 23:00:00,1440.8,1448.4,1437.2,1444.0,472.587
2023-02-25 03:00:00,1444.0,1446.4,1440.0,1443.4,272.876
2023-02-25 07:00:00,1443.3,1446.6,1439.9,1442.0,182.149
2023-02-25 11:00:00,1441.9,1442.3,1435.0,1436.6,279.437
2023-02-25 15:00:00,1436.6,1443.2,1436.5,1441.9,289.788
2023-02-25 19:00:00,1442.0,1457.6,1440.9,1453.6,928.572
2023-02-25 23:00:00,1453.7,1467.0,1452.9,1453.3,1620.133
2023-02-26 03:00:00,1453.3,1455.0,1448.0,1449.1,366.953
2023-02-26 07:00:00,1449.1,1450.1,1446.2,1446.2,234.867
2023-02-26 11:00:00,1446.3,1450.3,1445.8,1448.5,207.522
2023-02-26 15:00:00,1448.5,1450.2,1445.6,1447.5,230.355
2023-02-26 19:00:00,1447.7,1449.3,1440.4,1441.1,366.5
2023-02-26 23:00:00,1441.1,1444.5,1439.4,1442.3,631.345
2023-02-27 03:00:00,1442.4,1447.3,1440.8,1444.9,314.967
2023-02-27 07:00:00,1444.8,1446.2,1439.9,1443.7,239.296
2023-02-27 11:00:00,1443.7,1447.0,1442.4,1443.0,175.773
2023-02-27 15:00:00,1443.1,1450.6,1440.3,1444.4,477.198
2023-02-27 19:00:00,1444.5,1451.8,1436.6,1447.2,1184.857
2023-02-27 23:00:00,1447.3,1452.9,1443.8,1450.8,405.447
2023-02-28 03:00:00,1450.8,1452.6,1448.1,1448.4,228.415
2023-02-28 07:00:00,1448.5,1451.9,1446.7,1449.1,245.219
2023-02-28 11:00:00,1448.9,1452.1,1448.8,1450.7,210.529
2023-02-28 15:00:00,1450.8,1451.0,1445.3,1448.4,253.906
2023-02-28 19:00:00,1448.4,1450.1,1442.4,1445.3,550.945
2023-02-28 23:00:00,1445.4,1459.2,1443.5,1454.9,838.051
2023-03-01 03:00:00,1454.7,1458.2,1447.2,1447.6,355.953
2023-03-01 07:00:00,1447.2,1454.6,1445.0,1452.5,426.247
2023-03-01 11:00:00,1452.6,1456.8,1450.0,1451.3,510.924
2023-03-01 15:00:00,1451.4,1453.2,1446.5,1448.5,246.035
2023-03-01 19:00:00,1448.2,1451.9,1445.0,1446.1,392.434
2023-03-01 23:00:00,1446.2,1447.5,1438.9,1440.7,539.085
2023-03-02 03:00:00,1440.7,1451.1,1437.0,1449.6,395.641
2023-03-02 07:00:00,1449.6,1450.2,1442.4,1446.0,237.822
2023-03-02 11:00:00,1445.9,1452.0,1445.3,1449.7,273.16
2023-03-02 15:00:00,1449.8,1459.1,1445.9,1457.5,998.175
2023-03-02 19:00:00,1457.6,1460.4,1450.3,1450.7,528.33
2023-03-02 23:00:00,1450.7,1454.0,1449.6,1451.6,238.862
2023-03-03 03:00:00,1451.5,1465.0,1451.0,1451.4,1779.107
2023-03-03 07:00:00,1451.4,1452.4,1446.6,1449.8,541.864
2023-03-03 11:00:00,1449.8,1451.1,1448.0,1449.8,321.79
2023-03-03 15:00:00,1449.9,1450.5,1442.9,1448.4,717.192
2023-03-03 19:00:00,1448.4,1451.0,1445.8,1447.1,388.971
2023-03-03 23:00:00,1447.0,1450.8,1441.0,1443.2,570.332
2023-03-04 03:00:00,1443.1,1444.2,1438.6,1443.6,422.977
2023-03-04 07:00:00,1443.6,1447.0,1441.6,1445.6,237.342
2023-03-04 11:00:00,1445.6,1446.5,1443.5,1443.9,159.352
2023-03-04 15:00:00,1444.0,1450.0,1443.6,1449.6,236.423
2023-03-04 19:00:00,1449.8,1453.4,1446.2,1451.3,263.116
2023-03-04 23:00:00,1451.3,1461.6,1451.1,1452.9,1160.945
2023-03-05 03:00:00,1452.9,1455.5,1447.1,1450.4,561.611
2023-03-05 07:00:00,1450.4,1452.6,1448.8,1448.8,231.002
2023-03-05 11:00:00,1448.9,1451.2,1444.0,1449.0,535.883
2023-03-05 15:00:00,1449.0,1451.9,1449.0,1451.9,225.246
2023-03-05 19:00:00,1451.8,1455.6,1449.5,1453.2,362.419
2023-03-05 23:00:00,1453.2,1460.8,1450.1,1459.7,429.81
2023-03-06 03:00:00,1459.6,1466.8,1456.5,1461.5,828.183
2023-03-06 07:00:00,1461.6,1465.6,1459.8,1464.1,412.639
2023-03-06 11:00:00,1464.3,1469.2,1457.4,1465.0,655.855
2023-03-06 15:00:00,1465.1,1467.5,1458.5,1459.3,510.521
2023-03-06 19:00:00,1459.3,1459.9,1456.2,1457.0,247.055
2023-03-06 23:00:00,1457.1,1461.5,1456.5,1460.3,324.134
2023-03-07 03:00:00,1460.2,1463.6,1454.5,1456.1,405.831
2023-03-07 07:00:00,1456.1,1458.0,1454.5,1456.3,233.901
2023-03-07 11:00:00,1456.4,1466.1,1456.2,1463.8,424.512
2023-03-07 15:00:00,1463.8,1465.6,1454.3,1457.6,752.266
2023-03-07 19:00:00,1457.5,1463.1,1451.1,1452.1,570.259
2023-03-07 23:00:00,1452.2,1454.9,1447.5,1448.5,640.552
2023-03-08 03:00:00,1448.6,1449.1,1444.5,1446.4,350.299
2023-03-08 07:00:00,1446.3,1453.9,1443.6,1450.7,594.392
2023-03-08 11:00:00,1450.7,1451.4,1445.1,1447.8,327.859
2023-03-08 15:00:00,1447.8,1454.9,1445.6,1448.4,458.255
2023-03-08 19:00:00,1448.3,1453.8,1447.0,1449.7,321.212
2023-03-08 23:00:00,1449.8,1461.4,1446.0,1450.4,807.427
2023-03-09 03:00:00,1450.5,1452.3,1440.4,1444.3,811.966
2023-03-09 07:00:00,1444.2,1445.9,1440.7,1444.4,245.208
2023-03-09 11:00:00,1444.4,1446.7,1438.0,1440.5,399.091
2023-03-09 15:00:00,1440.4,1441.4,1435.2,1439.5,496.789
2023-03-09 19:00:00,1439.4,1439.5,1422.7,1433.3,1081.298
2023-03-09 23:00:00,1433.3,1450.4,1429.4,1440.0,2158.391
2023-03-10 03:00:00,1440.2,1441.7,1425.4,1427.8,1023.938
2023-03-10 07:00:00,1427.7,1439.7,1423.6,1433.7,723.005
2023-03-10 11:00:00,1433.6,1463.0,1431.5,1449.5,4080.436
2023-03-10 15:00:00,1449.5,1452.0,1429.9,1431.8,2028.355
2023-03-10 19:00:00,1431.7,1435.6,1426.7,1426.7,726.166
2023-03-10 23:00:00,1426.6,1433.1,1424.2,1429.6,737.459
2023-03-11 03:00:00,1429.6,1434.8,1423.0,1427.9,1090.149
2023-03-11 07:00:00,1427.8,1436.0,1420.4,1435.5,796.482
2023-03-11 11:00:00,1436.0,1446.0,1432.0,1441.9,1381.566
2023-03-11 15:00:00,1441.8,1447.5,1438.6,1445.6,788.639
2023-03-11 19:00:00,1445.7,1447.6,1437.0,1437.5,510.501
2023-03-11 23:00:00,1437.6,1439.4,1431.0,1433.6,465.892
2023-03-12 03:00:00,1433.5,1439.4,1430.0,1431.4,346.741
2023-03-12 07:00:00,1431.1,1436.8,1429.0,1436.3,271.142
2023-03-12 11:00:00,1436.4,1440.7,1434.4,1437.2,439.455
2023-03-12 15:00:00,1437.3,1443.5,1436.4,1441.4,503.998
2023-03-12 19:00:00,1441.5,1443.4,1417.5,1425.7,1920.298
2023-03-12 23:00:00,1426.1,1443.8,1422.1,1440.0,1795.949
2023-03-13 03:00:00,1440.2,1452.6,1437.7,1452.6,1295.389
2023-03-13 07:00:00,1452.6,1455.2,1435.8,1443.7,690.989
2023-03-13 11:00:00,1443.7,1450.0,1440.2,1448.6,679.024
2023-03-13 15:00:00,1448.5,1505.3,1445.7,1498.7,3527.329
2023-03-13 19:00:00,1498.5,1512.5,1495.8,1512.2,1234.189
2023-03-13 23:00:00,1512.0,1512.9,1497.5,1500.5,921.004
2023-03-14 03:00:00,1500.5,1519.8,1498.8,1518.0,1984.183
2023-03-14 07:00:00,1518.0,1532.4,1515.7,1522.9,1033.728
2023-03-14 11:00:00,1522.9,1542.0,1519.1,1542.0,1478.987
2023-03-14 15:00:00,1542.0,1570.0,1527.5,1531.9,3745.758
2023-03-14 19:00:00,1531.9,1539.9,1501.8,1521.4,1329.637
2023-03-14 23:00:00,1521.5,1523.2,1500.1,1517.3,1445.68
2023-03-15 03:00:00,1517.3,1525.9,1508.4,1514.6,1338.071
2023-03-15 07:00:00,1514.8,1521.9,1513.3,1520.5,337.171
2023-03-15 11:00:00,1520.4,1541.3,1516.0,1539.3,1298.953
2023-03-15 15:00:00,1539.3,1567.7,1537.9,1561.8,3785.735
2023-03-15 19:00:00,1561.8,1567.4,1549.2,1553.2,3478.399
2023-03-15 23:00:00,1553.1,1558.2,1544.2,1547.3,1148.693
2023-03-16 03:00:00,1547.4,1555.7,1542.4,1543.8,897.098
2023-03-16 07:00:00,1543.8,1554.6,1542.3,1550.0,1257.571
2023-03-16 11:00:00,1550.4,1567.0,1547.5,1561.0,1119.336
2023-03-16 15:00:00,1561.4,1573.8,1557.1,1558.6,2051.454
2023-03-16 19:00:00,1558.8,1559.7,1547.0,1548.9,804.311
2023-03-16 23:00:00,1549.0,1556.6,1548.2,1555.4,628.037
2023-03-17 03:00:00,1555.3,1582.4,1555.2,1574.8,1443.92
2023-03-17 07:00:00,1575.2,1587.9,1572.4,1587.4,1136.35
2023-03-17 11:00:00,1587.2,1603.3,1583.3,1597.5,1670.13
2023-03-17 15:00:00,1597.7,1611.5,1589.2,1605.8,2194.335
2023-03-17 19:00:00,1605.5,1612.7,1601.6,1608.8,2223.609
2023-03-17 23:00:00,1608.8,1635.7,1600.1,1602.5,2056.91
2023-03-18 03:00:00,1602.6,1608.8,1575.4,1578.3,2449.465
2023-03-18 07:00:00,1578.5,1596.7,1575.4,1581.8,917.189
2023-03-18 11:00:00,1581.7,1589.8,1579.2,1588.0,829.843
2023-03-18 15:00:00,1587.4,1609.1,1581.5,1606.6,1225.812
2023-03-18 19:00:00,1606.6,1613.1,1600.9,1609.1,1171.617
2023-03-18 23:00:00,1609.1,1612.8,1600.4,1610.1,668.029
2023-03-19 03:00:00,1610.1,1611.0,1597.8,1606.0,596.083
2023-03-19 07:00:00,1605.8,1606.9,1595.9,1597.0,502.42
2023-03-19 11:00:00,1597.1,1603.5,1596.1,1596.3,461.226
2023-03-19 15:00:00,1596.4,1612.6,1595.8,1609.8,892.902
2023-03-19 19:00:00,1609.5,1634.8,1608.5,1632.4,1745.392
2023-03-19 23:00:00,1632.4,1648.6,1623.9,1647.9,1538.13
2023-03-20 03:00:00,1647.9,1649.8,1623.4,1634.2,1104.937
2023-03-20 07:00:00,1633.9,1664.4,1633.8,1656.5,2182.946
2023-03-20 11:00:00,1656.5,1671.0,1652.1,1664.7,1534.572
2023-03-20 15:00:00,1664.7,1665.4,1644.0,1647.0,1273.56
2023-03-20 19:00:00,1646.9,1672.3,1643.2,1668.2,1951.132
2023-03-20 23:00:00,1668.1,1686.5,1667.6,1681.5,1453.48
2023-03-21 03:00:00,1681.6,1683.8,1667.6,1669.2,1228.02
2023-03-21 07:00:00,1669.2,1679.5,1666.6,1670.5,1128.758
2023-03-21 11:00:00,1670.5,1682.7,1667.8,1671.9,1668.52
2023-03-21 15:00:00,1672.7,1674.0,1616.2,1626.2,3576.86
2023-03-21 19:00:00,1626.2,1649.4,1624.7,1634.5,2005.286
2023-03-21 23:00:00,1634.5,1634.7,1619.4,1625.3,1135.754
2023-03-22 03:00:00,1625.3,1640.9,1623.3,1633.2,949.428
2023-03-22 07:00:00,1633.2,1638.3,1626.9,1633.1,817.511
2023-03-22 11:00:00,1633.5,1655.4,1629.9,1652.1,4289.851
2023-03-22 15:00:00,1652.2,1664.8,1644.0,1664.0,1943.229
2023-03-22 19:00:00,1664.0,1678.9,1635.2,1635.6,3627.24
2023-03-22 23:00:00,1635.8,1653.2,1635.7,1644.8,1334.411
2023-03-23 03:00:00,1644.8,1652.5,1643.2,1651.6,563.771
2023-03-23 07:00:00,1651.7,1655.6,1643.5,1645.2,547.006
2023-03-23 11:00:00,1644.9,1645.9,1633.4,1636.0,692.623
2023-03-23 15:00:00,1636.1,1641.0,1624.3,1639.3,1569.135
2023-03-23 19:00:00,1639.3,1640.7,1626.0,1639.5,1035.894
2023-03-23 23:00:00,1639.4,1642.0,1632.4,1638.6,615.448
2023-03-24 03:00:00,1638.5,1641.3,1635.3,1639.6,314.982
2023-03-24 07:00:00,1639.7,1645.0,1639.2,1644.0,683.442
2023-03-24 11:00:00,1644.1,1660.8,1642.9,1657.1,1379.888
2023-03-24 15:00:00,1656.8,1672.6,1648.8,1667.7,1885.531
2023-03-24 19:00:00,1667.7,1677.9,1657.9,1659.7,1581.15
2023-03-24 23:00:00,1659.7,1662.8,1638.4,1647.2,1064.149
2023-03-25 03:00:00,1646.9,1649.1,1643.7,1646.0,817.851
2023-03-25 07:00:00,1646.0,1647.6,1637.9,1643.2,708.839
2023-03-25 11:00:00,1643.2,1649.1,1641.3,1643.8,865.624
2023-03-25 15:00:00,1644.0,1648.7,1641.9,1645.6,438.267
2023-03-25 19:00:00,1645.6,1656.6,1642.8,1653.9,855.233
2023-03-25 23:00:00,1654.5,1656.7,1652.0,1652.0,906.459
2023-03-26 03:00:00,1652.0,1654.5,1648.7,1648.9,762.88
2023-03-26 07:00:00,1648.8,1651.2,1641.3,1641.3,545.059
2023-03-26 11:00:00,1641.3,1644.5,1630.7,1643.6,935.178
2023-03-26 15:00:00,1643.7,1654.0,1643.7,1653.1,836.19
2023-03-26 19:00:00,1652.9,1656.3,1649.7,1651.0,360.692
2023-03-26 23:00:00,1651.1,1657.4,1650.7,1653.2,592.894
2023-03-27 03:00:00,1653.3,1661.0,1651.4,1656.4,432.812
2023-03-27 07:00:00,1656.4,1662.5,1655.1,1660.7,441.482
2023-03-27 11:00:00,1660.7,1663.4,1648.8,1650.6,705.817
2023-03-27 15:00:00,1650.6,1653.1,1636.2,1646.4,1746.701
2023-03-27 19:00:00,1646.4,1664.7,1646.3,1663.5,1357.6
2023-03-27 23:00:00,1663.5,1668.0,1654.0,1656.2,783.064
2023-03-28 03:00:00,1656.1,1659.0,1650.1,1655.0,679.769
2023-03-28 07:00:00,1655.1,1655.3,1638.4,1641.4,901.178
2023-03-28 11:00:00,1641.4,1644.0,1626.0,1628.8,1051.497
2023-03-28 15:00:00,1628.8,1632.8,1620.0,1625.3,1061.317
2023-03-28 19:00:00,1625.2,1626.2,1610.2,1614.7,1132.076
2023-03-28 23:00:00,1614.8,1617.9,1608.0,1613.2,805.917
2023-03-29 03:00:00,1612.9,1614.9,1608.5,1610.0,695.878
2023-03-29 07:00:00,1610.0,1627.4,1604.1,1624.4,1081.652
2023-03-29 11:00:00,1624.3,1637.9,1621.0,1630.5,987.114
2023-03-29 15:00:00,1630.6,1649.9,1629.1,1646.2,880.606
2023-03-29 19:00:00,1646.2,1648.1,1637.5,1640.7,445.236
2023-03-29 23:00:00,1641.0,1654.5,1640.1,1651.1,659.736
2023-03-30 03:00:00,1651.1,1676.7,1648.5,1665.6,1647.852
2023-03-30 07:00:00,1665.8,1671.0,1661.1,1667.3,618.049
2023-03-30 11:00:00,1666.8,1669.9,1656.7,1660.1,606.817
2023-03-30 15:00:00,1660.2,1666.0,1652.4,1655.2,762.756
2023-03-30 19:00:00,1655.2,1658.8,1638.0,1641.3,1021.7
2023-03-30 23:00:00,1641.5,1644.9,1633.0,1637.9,430.497
2023-03-31 03:00:00,1637.9,1645.5,1634.5,1638.9,527.319
2023-03-31 07:00:00,1638.8,1639.1,1620.9,1621.4,623.829
2023-03-31 11:00:00,1621.4,1631.4,1618.8,1629.9,557.613
2023-03-31 15:00:00,1629.9,1635.8,1626.7,1635.3,810.879
2023-03-31 19:00:00,1635.3,1637.5,1625.0,1632.4,465.197
2023-03-31 23:00:00,1632.5,1639.0,1630.9,1636.1,377.643
2023-04-01 03:00:00,1636.0,1643.0,1633.5,1637.8,346.828
2023-04-01 07:00:00,1637.9,1646.4,1637.1,1643.0,372.782
2023-04-01 11:00:00,1643.0,1644.8,1636.0,1638.2,332.061
2023-04-01 15:00:00,1638.3,1644.1,1638.0,1642.4,363.004
2023-04-01 19:00:00,1642.3,1648.3,1640.7,1643.0,348.84
2023-04-01 23:00:00,1642.9,1645.7,1638.9,1640.7,333.77
2023-04-02 03:00:00,1640.4,1646.3,1639.6,1642.3,274.41
2023-04-02 07:00:00,1642.2,1643.3,1634.0,1635.5,204.064
2023-04-02 11:00:00,1635.6,1638.9,1634.8,1636.2,203.599
2023-04-02 15:00:00,1636.3,1643.4,1633.3,1640.5,390.509
2023-04-02 19:00:00,1640.6,1647.7,1634.3,1642.6,416.678
2023-04-02 23:00:00,1642.6,1645.6,1638.6,1644.7,378.92
2023-04-03 03:00:00,1644.8,1648.1,1635.0,1638.3,530.974
2023-04-03 07:00:00,1638.2,1638.5,1628.8,1634.9,364.554
2023-04-03 11:00:00,1634.9,1649.2,1633.5,1641.5,565.281
2023-04-03 15:00:00,1641.4,1645.8,1636.4,1641.3,518.522
2023-04-03 19:00:00,1642.2,1644.6,1609.2,1616.3,1518.203
2023-04-03 23:00:00,1616.3,1638.3,1611.6,1613.9,1118.772
2023-04-04 03:00:00,1613.9,1621.7,1609.4,1618.2,432.467
2023-04-04 07:00:00,1618.1,1624.8,1616.5,1624.2,241.792
2023-04-04 11:00:00,1624.6,1625.6,1605.2,1606.3,484.431
2023-04-04 15:00:00,1606.3,1607.6,1594.6,1596.6,953.765
2023-04-04 19:00:00,1596.9,1603.0,1594.7,1597.8,528.15
2023-04-04 23:00:00,1597.9,1602.0,1592.3,1598.1,608.574
2023-04-05 03:00:00,1598.1,1601.1,1586.0,1591.0,834.531
2023-04-05 07:00:00,1591.3,1594.3,1583.7,1586.8,484.504
2023-04-05 11:00:00,1586.8,1591.6,1584.2,1588.3,432.758
2023-04-05 15:00:00,1588.4,1595.9,1572.7,1577.9,1091.766
2023-04-05 19:00:00,1577.9,1585.3,1572.5,1583.6,448.172
2023-04-05 23:00:00,1583.4,1583.9,1574.7,1577.2,294.696
2023-04-06 03:00:00,1577.3,1583.3,1576.6,1582.3,346.479
2023-04-06 07:00:00,1582.3,1588.2,1580.9,1588.0,261.469
2023-04-06 11:00:00,1587.5,1596.3,1584.8,1594.1,532.669
2023-04-06 15:00:00,1594.1,1599.6,1588.9,1596.8,522.59
2023-04-06 19:00:00,1596.7,1598.7,1592.0,1594.1,209.242
2023-04-06 23:00:00,1594.2,1603.6,1593.4,1599.8,474.414
2023-04-07 03:00:00,1599.7,1601.6,1595.1,1600.0,245.462
2023-04-07 07:00:00,1599.9,1608.4,1597.5,1605.7,305.887
2023-04-07 11:00:00,1606.1,1609.9,1603.6,1608.2,390.151
2023-04-07 15:00:00,1607.8,1611.0,1600.1,1603.1,504.403
2023-04-07 19:00:00,1603.1,1606.5,1601.9,1603.5,223.539
2023-04-07 23:00:00,1603.4,1604.3,1596.5,1597.5,221.252
2023-04-08 03:00:00,1597.9,1603.9,1597.6,1600.5,261.503
2023-04-08 07:00:00,1600.4,1604.2,1598.9,1602.5,213.024
2023-04-08 11:00:00,1602.5,1604.0,1600.3,1601.6,125.09
2023-04-08 15:00:00,1601.6,1605.7,1600.2,1602.9,160.255
2023-04-08 19:00:00,1603.0,1612.0,1600.9,1609.4,248.873
2023-04-08 23:00:00,1609.4,1617.6,1607.3,1612.6,328.17
2023-04-09 03:00:00,1612.6,1615.3,1611.6,1614.5,222.363
2023-04-09 07:00:00,1614.6,1626.0,1613.3,1619.0,484.455
2023-04-09 11:00:00,1619.0,1621.0,1615.0,1617.7,332.112
2023-04-09 15:00:00,1617.7,1620.0,1615.1,1615.1,239.657
2023-04-09 19:00:00,1615.1,1618.7,1610.4,1616.6,372.061
2023-04-09 23:00:00,1616.3,1626.5,1614.7,1624.1,388.091
2023-04-10 03:00:00,1624.0,1631.3,1623.0,1624.0,357.819
2023-04-10 07:00:00,1623.9,1625.2,1621.1,1622.6,296.563
2023-04-10 11:00:00,1622.6,1627.4,1622.0,1626.2,451.209
2023-04-10 15:00:00,1626.2,1634.3,1624.5,1631.2,702.176
2023-04-10 19:00:00,1631.5,1654.0,1630.4,1651.4,1486.525
2023-04-10 23:00:00,1650.9,1667.7,1650.4,1658.6,1418.067
2023-04-11 03:00:00,1659.2,1682.8,1657.1,1670.8,1973.552
2023-04-11 07:00:00,1670.9,1674.2,1658.8,1663.2,928.719
2023-04-11 11:00:00,1663.3,1669.8,1662.3,1666.9,461.331
2023-04-11 15:00:00,1666.9,1678.2,1661.0,1674.1,1070.324
2023-04-11 19:00:00,1674.0,1695.4,1673.8,1684.4,1250.854
2023-04-11 23:00:00,1684.3,1697.2,1681.1,1693.9,773.123
2023-04-12 03:00:00,1693.9,1713.3,1690.4,1710.2,2271.559
2023-04-12 07:00:00,1710.0,1711.8,1700.2,1702.7,1375.338
2023-04-12 11:00:00,1702.8,1710.4,1702.1,1706.0,801.766
2023-04-12 15:00:00,1705.9,1710.9,1665.0,1678.1,3225.926
2023-04-12 19:00:00,1678.0,1683.8,1673.7,1675.3,710.481
2023-04-12 23:00:00,1675.8,1679.9,1662.7,1668.4,696.092
2023-04-13 03:00:00,1668.3,1689.0,1666.7,1679.6,930.967
2023-04-13 07:00:00,1679.6,1683.1,1675.0,1676.1,624.251
2023-04-13 11:00:00,1676.0,1676.2,1637.4,1641.5,2971.205
2023-04-13 15:00:00,1641.6,1653.2,1630.4,1645.9,1806.96
2023-04-13 19:00:00,1645.6,1646.3,1627.5,1631.4,1162.826
2023-04-13 23:00:00,1631.4,1633.8,1629.1,1631.9,648.33
2023-04-14 03:00:00,1632.0,1633.4,1587.5,1590.6,3725.224
2023-04-14 07:00:00,1590.6,1597.6,1580.4,1592.8,1878.25
2023-04-14 11:00:00,1592.7,1594.0,1586.7,1588.6,1162.381
2023-04-14 15:00:00,1588.8,1607.9,1586.6,1606.2,2045.654
2023-04-14 19:00:00,1606.4,1608.4,1584.7,1584.7,1367.136
2023-04-14 23:00:00,1584.7,1587.3,1577.6,1586.9,740.135
2023-04-15 03:00:00,1587.1,1597.5,1585.6,1590.8,784.846
2023-04-15 07:00:00,1590.7,1597.0,1582.8,1584.5,490.208
2023-04-15 11:00:00,1584.7,1585.6,1575.4,1577.4,647.347
2023-04-15 15:00:00,1577.4,1580.2,1573.1,1574.7,981.287
2023-04-15 19:00:00,1574.7,1581.8,1569.5,1576.7,899.721
2023-04-15 23:00:00,1576.7,1583.8,1574.5,1577.0,519.603
2023-04-16 03:00:00,1576.9,1584.6,1574.2,1580.6,499.995
2023-04-16 07:00:00,1580.5,1581.2,1573.1,1575.2,382.584
2023-04-16 11:00:00,1575.3,1581.4,1574.0,1578.2,419.526
2023-04-16 15:00:00,1578.1,1578.3,1569.0,1570.1,576.958
2023-04-16 19:00:00,1570.0,1573.2,1554.5,1557.3,1160.45
2023-04-16 23:00:00,1557.2,1562.0,1546.1,1551.4,900.017
2023-04-17 03:00:00,1551.4,1557.8,1546.6,1549.4,859.834
2023-04-17 07:00:00,1549.4,1552.9,1545.1,1547.7,566.555
2023-04-17 11:00:00,1547.7,1553.7,1538.0,1542.7,1183.058
2023-04-17 15:00:00,1542.3,1544.3,1534.6,1541.2,1032.253
2023-04-17 19:00:00,1541.2,1543.8,1537.1,1538.1,395.085
2023-04-17 23:00:00,1538.0,1544.0,1537.0,1539.4,386.888
2023-04-18 03:00:00,1540.1,1542.9,1534.8,1536.3,604.632
2023-04-18 07:00:00,1536.4,1540.4,1529.6,1540.2,684.07
2023-04-18 11:00:00,1540.3,1555.2,1537.5,1555.2,1677.101
2023-04-18 15:00:00,1555.3,1561.4,1554.6,1558.3,979.211
2023-04-18 19:00:00,1558.4,1570.0,1557.8,1569.9,618.453
2023-04-18 23:00:00,1569.9,1572.9,1560.9,1563.7,587.02
2023-04-19 03:00:00,1563.8,1566.3,1560.6,1565.0,330.08
2023-04-19 07:00:00,1565.0,1573.5,1564.9,1569.5,661.352
2023-04-19 11:00:00,1569.5,1602.0,1561.0,1598.8,4319.357
2023-04-19 15:00:00,1598.7,1600.5,1586.2,1594.1,1276.233
2023-04-19 19:00:00,1594.1,1604.0,1593.6,1597.3,1267.129
2023-04-19 23:00:00,1597.2,1614.3,1594.0,1603.7,1734.367
2023-04-20 03:00:00,1604.1,1605.3,1593.3,1594.6,1156.277
2023-04-20 07:00:00,1594.5,1597.2,1590.0,1595.6,627.846
2023-04-20 11:00:00,1595.4,1597.0,1587.3,1592.0,775.951
2023-04-20 15:00:00,1592.0,1593.2,1578.3,1590.7,950.667
2023-04-20 19:00:00,1591.0,1606.2,1589.6,1590.7,1589.372
2023-04-20 23:00:00,1590.7,1592.3,1583.8,1586.5,586.563
2023-04-21 03:00:00,1586.4,1587.5,1580.5,1584.3,553.315
2023-04-21 07:00:00,1584.4,1591.9,1578.0,1581.5,849.484
2023-04-21 11:00:00,1581.4,1591.4,1578.8,1589.7,649.627
2023-04-21 15:00:00,1590.0,1600.0,1588.7,1592.8,1281.853
2023-04-21 19:00:00,1592.9,1609.5,1592.9,1602.0,1473.539
2023-04-21 23:00:00,1602.0,1613.0,1594.7,1594.9,1641.786
2023-04-22 03:00:00,1594.9,1596.2,1590.4,1591.3,658.375
2023-04-22 07:00:00,1591.2,1594.5,1589.1,1593.0,592.022
2023-04-22 11:00:00,1593.1,1594.4,1586.9,1589.8,590.844
2023-04-22 15:00:00,1589.7,1590.5,1581.0,1584.4,726.077
2023-04-22 19:00:00,1584.5,1589.3,1583.4,1587.7,600.278
2023-04-22 23:00:00,1587.7,1598.1,1587.6,1596.0,629.751
2023-04-23 03:00:00,1596.0,1602.1,1590.0,1590.9,632.871
2023-04-23 07:00:00,1590.9,1592.0,1585.0,1588.6,367.237
2023-04-23 11:00:00,1588.7,1592.1,1585.6,1586.4,355.133
2023-04-23 15:00:00,1586.3,1594.7,1583.7,1591.8,842.76
2023-04-23 19:00:00,1591.8,1607.4,1591.8,1604.3,1255.702
2023-04-23 23:00:00,1604.3,1607.1,1594.2,1595.3,806.985
2023-04-24 03:00:00,1595.3,1599.9,1590.6,1598.6,614.091
2023-04-24 07:00:00,1598.6,1605.0,1597.0,1598.8,509.729
2023-04-24 11:00:00,1598.6,1602.8,1590.8,1594.5,532.854
2023-04-24 15:00:00,1594.4,1595.1,1587.2,1594.4,790.529
2023-04-24 19:00:00,1594.5,1605.3,1594.5,1602.1,1083.354
2023-04-24 23:00:00,1602.2,1606.4,1598.8,1602.8,492.872
2023-04-25 03:00:00,1602.9,1606.9,1599.1,1604.9,614.79
2023-04-25 07:00:00,1604.7,1612.7,1602.5,1609.7,587.811
2023-04-25 11:00:00,1609.5,1617.0,1608.8,1610.8,713.108
2023-04-25 15:00:00,1610.7,1616.6,1607.0,1614.4,732.357
2023-04-25 19:00:00,1614.3,1615.4,1607.5,1612.7,793.487
2023-04-25 23:00:00,1612.3,1625.3,1610.3,1622.4,2163.281
2023-04-26 03:00:00,1622.5,1633.2,1620.8,1628.5,1141.286
2023-04-26 07:00:00,1628.5,1631.9,1624.6,1631.8,696.103
2023-04-26 11:00:00,1631.9,1646.0,1627.4,1629.7,1276.991
2023-04-26 15:00:00,1629.5,1660.0,1628.8,1647.7,1867.821
2023-04-26 19:00:00,1647.6,1652.4,1640.2,1644.5,1579.897
2023-04-26 23:00:00,1644.5,1652.8,1635.4,1642.6,2223.567
2023-04-27 03:00:00,1642.4,1652.9,1635.9,1646.5,1069.914
2023-04-27 07:00:00,1646.5,1656.7,1645.1,1655.6,565.915
2023-04-27 11:00:00,1655.8,1667.3,1654.5,1663.3,1001.492
2023-04-27 15:00:00,1663.3,1673.1,1655.5,1658.8,1431.61
2023-04-27 19:00:00,1658.5,1676.2,1657.1,1671.2,764.658
2023-04-27 23:00:00,1671.3,1677.0,1666.5,1671.4,484.117
2023-04-28 03:00:00,1671.3,1679.2,1670.1,1673.5,589.487
2023-04-28 07:00:00,1673.6,1675.0,1666.1,1667.6,444.575
2023-04-28 11:00:00,1667.3,1673.6,1663.9,1671.5,626.696
2023-04-28 15:00:00,1671.5,1676.3,1665.5,1672.5,565.667
2023-04-28 19:00:00,1672.6,1676.4,1668.6,1674.7,576.414
2023-04-28 23:00:00,1674.3,1675.9,1669.8,1673.1,361.238
2023-04-29 03:00:00,1673.3,1675.3,1669.7,1670.6,271.829
2023-04-29 07:00:00,1670.0,1671.1,1666.2,1667.0,397.48
2023-04-29 11:00:00,1667.5,1670.7,1664.3,1668.7,335.549
2023-04-29 15:00:00,1669.1,1669.9,1656.2,1660.0,578.077
2023-04-29 19:00:00,1660.1,1666.1,1657.4,1659.5,411.944
2023-04-29 23:00:00,1659.4,1661.3,1657.0,1658.4,345.956
2023-04-30 03:00:00,1658.4,1665.3,1658.4,1664.9,201.699
2023-04-30 07:00:00,1664.8,1667.0,1660.5,1665.2,226.055
2023-04-30 11:00:00,1665.3,1665.7,1659.8,1663.9,300.797
2023-04-30 15:00:00,1663.8,1677.0,1662.4,1673.5,627.286
2023-04-30 19:00:00,1673.4,1673.5,1659.1,1662.1,548.809
2023-04-30 23:00:00,1662.6,1678.0,1662.1,1677.5,549.463
2023-05-01 03:00:00,1677.3,1678.1,1653.8,1656.5,882.893
2023-05-01 07:00:00,1656.6,1661.9,1647.6,1659.5,609.78
2023-05-01 11:00:00,1659.3,1661.3,1652.3,1655.2,568.968
2023-05-01 15:00:00,1655.3,1659.7,1644.0,1648.0,598.354
2023-05-01 19:00:00,1648.0,1655.7,1646.3,1647.3,477.469
2023-05-01 23:00:00,1646.9,1648.8,1638.7,1645.2,469.52
2023-05-02 03:00:00,1645.1,1647.0,1643.0,1644.9,301.515
2023-05-02 07:00:00,1644.9,1646.0,1642.4,1643.4,265.302
2023-05-02 11:00:00,1643.7,1647.1,1643.4,1646.3,234.038
2023-05-02 15:00:00,1646.7,1663.1,1645.6,1657.7,573.822
2023-05-02 19:00:00,1657.9,1663.2,1655.2,1658.9,514.305
2023-05-02 23:00:00,1659.4,1664.8,1656.3,1659.0,416.295
2023-05-03 03:00:00,1659.1,1661.3,1654.4,1656.5,372.706
2023-05-03 07:00:00,1656.5,1664.2,1655.6,1664.2,257.885
2023-05-03 11:00:00,1664.2,1667.8,1660.2,1665.6,373.032
2023-05-03 15:00:00,1665.5,1666.5,1650.9,1655.0,581.249
2023-05-03 19:00:00,1655.4,1663.3,1635.2,1645.2,953.651
2023-05-03 23:00:00,1645.3,1661.9,1643.1,1653.9,1046.655
2023-05-04 03:00:00,1653.9,1660.6,1652.0,1659.2,351.683
2023-05-04 07:00:00,1659.5,1667.3,1657.9,1665.0,425.558
2023-05-04 11:00:00,1664.7,1670.0,1661.5,1667.0,549.33
2023-05-04 15:00:00,1667.0,1667.3,1656.3,1664.4,667.794
2023-05-04 19:00:00,1664.2,1669.5,1662.8,1669.5,335.363
2023-05-04 23:00:00,1669.6,1669.7,1664.7,1666.0,306.095
2023-05-05 03:00:00,1666.0,1683.4,1664.9,1674.4,820.633
2023-05-05 07:00:00,1674.5,1677.0,1668.2,1669.4,571.54
2023-05-05 11:00:00,1669.3,1670.5,1663.3,1663.6,362.524
2023-05-05 15:00:00,1663.4,1670.8,1646.3,1649.9,1247.574
2023-05-05 19:00:00,1649.9,1651.2,1630.9,1637.7,1458.535
2023-05-05 23:00:00,1637.7,1641.7,1632.9,1633.5,436.961
2023-05-06 03:00:00,1633.3,1647.2,1630.8,1642.6,646.605
2023-05-06 07:00:00,1642.6,1651.8,1642.2,1650.3,456.484
2023-05-06 11:00:00,1650.2,1664.0,1650.2,1659.1,795.65
2023-05-06 15:00:00,1659.3,1673.3,1658.4,1663.9,1997.288
2023-05-06 19:00:00,1664.0,1671.1,1661.7,1662.6,1175.03
2023-05-06 23:00:00,1662.7,1666.3,1659.9,1665.8,514.771
2023-05-07 03:00:00,1666.0,1668.6,1662.3,1664.2,560.69
2023-05-07 07:00:00,1664.4,1666.5,1660.7,1662.1,382.613
2023-05-07 11:00:00,1662.0,1662.2,1655.8,1659.4,396.612
2023-05-07 15:00:00,1659.3,1660.5,1653.5,1656.6,404.901
2023-05-07 19:00:00,1656.7,1659.5,1654.6,1657.0,374.55
2023-05-07 23:00:00,1657.4,1658.9,1650.3,1656.6,542.293
2023-05-08 03:00:00,1656.8,1676.6,1656.7,1659.7,1115.183
2023-05-08 07:00:00,1660.0,1664.6,1657.2,1660.2,682.218
2023-05-08 11:00:00,1660.2,1660.9,1646.1,1647.0,693.796
2023-05-08 15:00:00,1647.0,1649.9,1642.4,1643.9,469.713
2023-05-08 19:00:00,1643.9,1671.6,1643.8,1650.1,1164.596
2023-05-08 23:00:00,1650.2,1656.7,1647.4,1654.5,516.475
2023-05-09 03:00:00,1654.6,1656.4,1649.0,1654.8,374.487
2023-05-09 07:00:00,1654.7,1654.8,1647.2,1649.3,290.553
2023-05-09 11:00:00,1649.4,1653.0,1647.9,1650.9,353.686
2023-05-09 15:00:00,1651.0,1655.3,1642.6,1644.5,447.329
2023-05-09 19:00:00,1644.4,1653.2,1644.3,1652.5,329.664
2023-05-09 23:00:00,1652.6,1653.8,1648.3,1650.1,181.773
2023-05-10 03:00:00,1650.2,1656.0,1648.5,1654.5,198.294
2023-05-10 07:00:00,1654.5,1656.0,1650.2,1651.9,208.748
2023-05-10 11:00:00,1651.8,1658.0,1651.1,1653.0,197.18
2023-05-10 15:00:00,1653.3,1661.5,1649.4,1660.8,960.258
2023-05-10 19:00:00,1660.8,1664.1,1641.5,1647.0,1417.886
2023-05-10 23:00:00,1647.0,1653.6,1636.2,1645.0,792.021
2023-05-11 03:00:00,1645.0,1653.4,1644.7,1650.9,345.373
2023-05-11 07:00:00,1650.9,1656.8,1649.6,1652.3,492.478
2023-05-11 11:00:00,1652.4,1661.3,1652.3,1656.4,546.709
2023-05-11 15:00:00,1656.2,1661.7,1653.9,1655.5,607.981
2023-05-11 19:00:00,1655.4,1666.9,1652.5,1654.3,766.516
2023-05-11 23:00:00,1654.4,1655.5,1648.2,1649.1,370.628
2023-05-12 03:00:00,1649.0,1652.7,1646.3,1650.9,405.089
2023-05-12 07:00:00,1651.0,1654.6,1630.1,1632.5,778.201
2023-05-12 11:00:00,1632.5,1638.0,1623.6,1626.2,542.146
2023-05-12 15:00:00,1626.4,1631.8,1623.9,1630.0,430.573
2023-05-12 19:00:00,1629.7,1631.0,1617.2,1621.6,650.831
2023-05-12 23:00:00,1621.4,1626.0,1618.6,1620.1,573.76
2023-05-13 03:00:00,1620.7,1631.9,1620.0,1627.0,550.921
2023-05-13 07:00:00,1627.0,1629.1,1624.2,1625.3,231.057
2023-05-13 11:00:00,1625.3,1629.4,1624.5,1628.1,178.507
2023-05-13 15:00:00,1628.1,1637.1,1627.0,1635.8,256.376
2023-05-13 19:00:00,1635.5,1639.7,1635.1,1637.6,231.029
2023-05-13 23:00:00,1637.5,1638.2,1629.7,1630.2,190.544
2023-05-14 03:00:00,1630.5,1632.9,1625.7,1630.2,218.976
2023-05-14 07:00:00,1630.2,1630.2,1625.0,1627.3,147.818
2023-05-14 11:00:00,1627.3,1629.0,1626.4,1626.8,147.125
2023-05-14 15:00:00,1626.9,1636.7,1624.2,1627.6,331.578
2023-05-14 19:00:00,1627.8,1635.8,1627.3,1634.2,260.961
2023-05-14 23:00:00,1634.3,1637.1,1631.4,1632.0,230.655
2023-05-15 03:00:00,1632.0,1636.0,1626.7,1631.6,458.146
2023-05-15 07:00:00,1631.5,1642.2,1628.2,1639.2,486.734
2023-05-15 11:00:00,1639.1,1639.8,1636.0,1638.6,186.935
2023-05-15 15:00:00,1638.8,1644.1,1638.1,1640.2,299.46
2023-05-15 19:00:00,1640.3,1644.5,1637.2,1641.9,280.395
2023-05-15 23:00:00,1641.8,1642.4,1635.5,1637.4,292.287
2023-05-16 03:00:00,1637.5,1644.9,1635.2,1638.6,522.44
2023-05-16 07:00:00,1638.7,1639.1,1635.1,1638.6,167.723
2023-05-16 11:00:00,1638.6,1638.6,1631.8,1632.5,251.67
2023-05-16 15:00:00,1632.6,1636.1,1629.4,1629.8,278.728
2023-05-16 19:00:00,1629.8,1631.0,1625.8,1627.3,304.186
2023-05-16 23:00:00,1627.3,1628.7,1618.8,1620.2,350.9
2023-05-17 03:00:00,1620.2,1623.4,1615.0,1615.0,405.195
2023-05-17 07:00:00,1615.0,1622.0,1613.9,1619.8,326.886
2023-05-17 11:00:00,1619.5,1623.6,1616.5,1618.7,319.505
2023-05-17 15:00:00,1618.6,1625.3,1615.6,1624.1,327.648
2023-05-17 19:00:00,1624.2,1627.8,1618.9,1627.1,480.375
2023-05-17 23:00:00,1627.0,1635.2,1625.3,1634.7,424.406
2023-05-18 03:00:00,1634.7,1637.6,1628.4,1629.0,296.053
2023-05-18 07:00:00,1629.1,1633.3,1626.5,1632.4,249.133
2023-05-18 11:00:00,1632.5,1636.5,1625.6,1630.9,546.827
2023-05-18 15:00:00,1630.8,1633.3,1625.3,1627.2,317.207
2023-05-18 19:00:00,1627.1,1628.0,1615.4,1619.7,488.136
2023-05-18 23:00:00,1619.3,1619.9,1610.9,1616.8,558.041
2023-05-19 03:00:00,1616.8,1620.6,1614.8,1616.9,209.334
2023-05-19 07:00:00,1616.8,1620.2,1615.3,1617.5,167.638
2023-05-19 11:00:00,1617.5,1619.3,1613.6,1616.8,163.786
2023-05-19 15:00:00,1616.7,1617.2,1608.2,1611.3,323.416
2023-05-19 19:00:00,1611.4,1614.0,1609.0,1612.0,283.51
2023-05-19 23:00:00,1612.0,1614.9,1610.4,1614.1,257.079
2023-05-20 03:00:00,1614.0,1617.7,1613.8,1615.5,158.243
2023-05-20 07:00:00,1615.5,1619.6,1615.0,1616.1,145.538
2023-05-20 11:00:00,1616.1,1616.9,1614.2,1614.2,134.545
2023-05-20 15:00:00,1614.2,1616.7,1609.9,1613.3,215.656
2023-05-20 19:00:00,1613.5,1619.4,1612.5,1617.9,208.83
2023-05-20 23:00:00,1617.9,1621.6,1617.2,1620.5,143.088
2023-05-21 03:00:00,1620.4,1629.1,1619.2,1627.4,309.609
2023-05-21 07:00:00,1627.4,1628.8,1620.8,1621.2,229.92
2023-05-21 11:00:00,1620.9,1621.9,1613.1,1615.5,231.098
2023-05-21 15:00:00,1615.1,1624.6,1614.0,1623.5,275.847
2023-05-21 19:00:00,1623.5,1624.9,1620.2,1621.1,212.104
2023-05-21 23:00:00,1621.1,1622.0,1618.0,1618.8,178.757
2023-05-22 03:00:00,1618.8,1622.2,1614.6,1616.3,247.729
2023-05-22 07:00:00,1616.3,1621.5,1615.7,1618.2,187.265
2023-05-22 11:00:00,1618.2,1618.5,1608.6,1611.1,273.394
2023-05-22 15:00:00,1611.1,1617.9,1609.4,1614.7,307.5
2023-05-22 19:00:00,1614.7,1615.5,1610.1,1611.0,120.726
2023-05-22 23:00:00,1611.2,1613.7,1609.9,1610.9,142.099
2023-05-23 03:00:00,1611.0,1613.1,1603.1,1606.6,926.686
2023-05-23 07:00:00,1606.5,1616.4,1605.2,1613.0,620.544
2023-05-23 11:00:00,1613.0,1615.1,1611.0,1614.2,243.326
2023-05-23 15:00:00,1614.4,1617.3,1612.7,1612.7,231.701
2023-05-23 19:00:00,1612.7,1613.0,1609.5,1609.6,228.42
2023-05-23 23:00:00,1609.5,1611.0,1606.0,1607.2,286.108
2023-05-24 03:00:00,1607.0,1613.3,1606.2,1610.1,545.799
2023-05-24 07:00:00,1610.3,1612.1,1605.6,1609.4,264.549
2023-05-24 11:00:00,1609.4,1614.7,1609.1,1612.6,183.692
2023-05-24 15:00:00,1612.3,1613.2,1601.6,1605.3,627.534
2023-05-24 19:00:00,1605.4,1605.8,1600.0,1600.3,177.508
2023-05-24 23:00:00,1600.1,1604.7,1598.8,1599.6,237.557
2023-05-25 03:00:00,1599.6,1608.4,1598.5,1605.0,490.15
2023-05-25 07:00:00,1604.9,1609.1,1603.5,1604.1,228.642
2023-05-25 11:00:00,1604.1,1608.5,1603.5,1606.1,207.484
2023-05-25 15:00:00,1605.9,1607.9,1601.4,1604.1,265.848
2023-05-25 19:00:00,1604.4,1606.9,1602.1,1605.8,205.489
2023-05-25 23:00:00,1605.8,1607.7,1604.2,1606.3,160.743
2023-05-26 03:00:00,1606.3,1609.7,1603.6,1603.6,189.875
2023-05-26 07:00:00,1603.5,1604.3,1599.4,1601.0,262.085
2023-05-26 11:00:00,1600.8,1602.5,1595.8,1597.2,297.957
2023-05-26 15:00:00,1597.2,1607.4,1594.0,1604.5,446.544
2023-05-26 19:00:00,1604.6,1612.1,1600.5,1600.8,367.46
2023-05-26 23:00:00,1600.8,1603.5,1598.4,1602.4,213.322
2023-05-27 03:00:00,1602.6,1603.8,1599.0,1600.3,123.442
2023-05-27 07:00:00,1600.2,1601.8,1598.2,1599.0,116.084
2023-05-27 11:00:00,1599.7,1602.1,1598.4,1600.3,151.599
2023-05-27 15:00:00,1600.3,1604.0,1599.2,1603.1,216.247
2023-05-27 19:00:00,1603.2,1608.5,1602.6,1603.7,129.259
2023-05-27 23:00:00,1603.7,1603.9,1600.2,1602.6,112.95
2023-05-28 03:00:00,1603.0,1609.2,1600.0,1607.6,256.388
2023-05-28 07:00:00,1607.7,1614.8,1607.4,1613.8,257.967
2023-05-28 11:00:00,1614.1,1618.0,1610.5,1612.5,257.494
2023-05-28 15:00:00,1612.2,1619.5,1612.1,1618.7,551.122
2023-05-28 19:00:00,1618.7,1638.0,1616.8,1627.8,513.304
2023-05-28 23:00:00,1627.9,1639.2,1615.8,1618.2,930.237
2023-05-29 03:00:00,1618.0,1629.1,1616.9,1617.7,455.489
2023-05-29 07:00:00,1617.4,1621.1,1615.5,1616.5,204.484
2023-05-29 11:00:00,1616.6,1617.8,1611.7,1612.8,153.759
2023-05-29 15:00:00,1612.7,1615.5,1607.7,1608.2,260.05
2023-05-29 19:00:00,1608.3,1612.7,1604.9,1607.5,300.635
2023-05-29 23:00:00,1607.5,1611.9,1605.5,1611.9,204.732
2023-05-30 03:00:00,1611.8,1612.6,1609.0,1609.9,187.032
2023-05-30 07:00:00,1609.9,1610.1,1605.1,1606.2,132.982
2023-05-30 11:00:00,1606.1,1610.0,1604.6,1609.2,157.074
2023-05-30 15:00:00,1609.5,1610.3,1602.1,1602.6,201.819
2023-05-30 19:00:00,1602.5,1603.1,1595.2,1601.9,281.248
2023-05-30 23:00:00,1602.0,1602.2,1595.4,1597.8,166.611
2023-05-31 03:00:00,1597.7,1604.0,1597.2,1597.8,186.917
2023-05-31 07:00:00,1597.8,1600.6,1590.5,1595.1,478.458
2023-05-31 11:00:00,1595.2,1596.7,1591.1,1592.9,178.131
2023-05-31 15:00:00,1592.9,1594.4,1589.0,1590.0,193.334
2023-05-31 19:00:00,1590.1,1595.7,1589.6,1589.8,209.884
2023-05-31 23:00:00,1589.8,1598.4,1589.8,1594.4,255.295
2023-06-01 03:00:00,1594.4,1595.7,1583.3,1584.8,400.008
2023-06-01 07:00:00,1585.0,1591.5,1584.8,1587.0,165.132
2023-06-01 11:00:00,1587.1,1592.3,1585.9,1588.1,155.127
2023-06-01 15:00:00,1588.1,1589.7,1585.1,1585.5,117.361
2023-06-01 19:00:00,1585.4,1590.3,1577.9,1580.3,263.479
2023-06-01 23:00:00,1580.2,1583.3,1578.8,1582.7,185.512
2023-06-02 03:00:00,1582.7,1585.1,1576.3,1578.7,250.037
2023-06-02 07:00:00,1578.6,1579.3,1573.5,1577.2,232.168
2023-06-02 11:00:00,1577.1,1579.5,1573.8,1575.6,161.256
2023-06-02 15:00:00,1575.5,1578.7,1572.4,1576.4,263.286
2023-06-02 19:00:00,1576.2,1576.4,1567.9,1571.8,286.742
2023-06-02 23:00:00,1571.7,1573.6,1568.4,1570.4,146.37
2023-06-03 03:00:00,1570.4,1572.7,1566.6,1571.6,166.825
2023-06-03 07:00:00,1571.5,1574.0,1567.5,1570.0,202.283
2023-06-03 11:00:00,1570.1,1570.7,1565.1,1566.2,142.355
2023-06-03 15:00:00,1566.2,1576.9,1565.5,1575.2,240.172
2023-06-03 19:00:00,1575.5,1578.4,1572.2,1575.4,194.188
2023-06-03 23:00:00,1575.3,1576.0,1568.1,1568.6,188.095
2023-06-04 03:00:00,1568.7,1569.9,1566.6,1568.1,167.69
2023-06-04 07:00:00,1568.1,1571.7,1566.9,1567.1,114.796
2023-06-04 11:00:00,1567.0,1569.1,1566.2,1567.8,116.517
2023-06-04 15:00:00,1567.9,1569.9,1566.1,1566.9,106.376
2023-06-04 19:00:00,1566.9,1570.0,1562.2,1565.0,147.887
2023-06-04 23:00:00,1565.0,1573.9,1564.8,1570.5,294.498
2023-06-05 03:00:00,1570.4,1577.6,1570.0,1574.6,327.176
2023-06-05 07:00:00,1574.3,1577.0,1568.0,1568.5,216.792
2023-06-05 11:00:00,1568.6,1570.9,1566.2,1568.8,147.882
2023-06-05 15:00:00,1568.8,1587.3,1566.4,1586.8,558.047
2023-06-05 19:00:00,1585.7,1599.6,1567.1,1574.1,1422.367
2023-06-05 23:00:00,1574.4,1583.8,1574.4,1577.8,445.471
2023-06-06 03:00:00,1577.9,1581.5,1572.1,1577.6,330.145
2023-06-06 07:00:00,1577.6,1579.9,1574.3,1576.7,200.334
2023-06-06 11:00:00,1576.7,1577.7,1571.2,1572.9,315.008
2023-06-06 15:00:00,1573.0,1580.7,1562.3,1578.4,594.54
2023-06-06 19:00:00,1578.3,1600.5,1577.9,1598.1,683.982
2023-06-06 23:00:00,1598.1,1616.6,1597.6,1614.9,742.094
2023-06-07 03:00:00,1614.8,1619.6,1601.9,1606.7,493.356
2023-06-07 07:00:00,1606.8,1608.6,1601.8,1605.0,181.148
2023-06-07 11:00:00,1605.1,1614.7,1602.9,1614.6,364.329
2023-06-07 15:00:00,1614.6,1630.0,1613.6,1622.9,564.436
2023-06-07 19:00:00,1622.9,1629.6,1622.1,1624.2,294.87
2023-06-07 23:00:00,1624.4,1630.9,1619.1,1627.2,310.361
2023-06-08 03:00:00,1627.1,1628.9,1621.7,1628.1,400.714
2023-06-08 07:00:00,1628.0,1628.9,1624.6,1626.0,326.325
2023-06-08 11:00:00,1626.0,1628.3,1618.5,1620.1,501.955
2023-06-08 15:00:00,1620.2,1630.6,1616.3,1629.8,415.788
2023-06-08 19:00:00,1629.8,1630.5,1623.9,1624.2,158.014
2023-06-08 23:00:00,1624.2,1626.0,1623.1,1625.5,98.659
2023-06-09 03:00:00,1625.5,1633.7,1623.3,1630.8,198.911
2023-06-09 07:00:00,1631.0,1638.2,1627.7,1635.4,211.793
2023-06-09 11:00:00,1635.4,1638.9,1632.1,1632.7,208.394
2023-06-09 15:00:00,1632.7,1633.3,1625.1,1628.4,321.055
2023-06-09 19:00:00,1628.2,1640.2,1625.4,1639.5,292.849
2023-06-09 23:00:00,1639.5,1640.1,1633.5,1636.8,245.661
2023-06-10 03:00:00,1636.9,1660.4,1636.3,1659.5,996.487
2023-06-10 07:00:00,1659.5,1751.4,1657.4,1731.0,9988.491
2023-06-10 11:00:00,1730.9,1737.8,1715.3,1715.6,3494.323
2023-06-10 15:00:00,1715.7,1729.1,1715.0,1720.8,2256.461
2023-06-10 19:00:00,1720.8,1725.9,1701.9,1708.0,2956.565
2023-06-10 23:00:00,1708.1,1719.0,1702.4,1705.3,982.22
2023-06-11 03:00:00,1705.3,1715.5,1702.7,1706.0,1099.871
2023-06-11 07:00:00,1706.1,1713.5,1703.0,1706.7,722.121
2023-06-11 11:00:00,1706.6,1711.8,1702.5,1706.7,586.711
2023-06-11 15:00:00,1706.9,1715.0,1704.8,1715.0,766.333
2023-06-11 19:00:00,1715.0,1715.8,1702.9,1705.1,751.345
2023-06-11 23:00:00,1705.1,1711.3,1700.0,1708.8,494.041
2023-06-12 03:00:00,1708.9,1732.8,1708.9,1725.8,1098.692
2023-06-12 07:00:00,1725.8,1728.7,1718.3,1727.8,738.995
2023-06-12 11:00:00,1728.0,1731.8,1706.8,1717.9,843.441
2023-06-12 15:00:00,1717.8,1720.2,1711.4,1720.1,301.323
2023-06-12 19:00:00,1720.2,1726.0,1715.2,1721.5,532.436
2023-06-12 23:00:00,1721.4,1722.6,1711.8,1715.1,275.216
2023-06-13 03:00:00,1715.1,1724.9,1714.1,1716.7,493.018
2023-06-13 07:00:00,1716.8,1721.4,1713.9,1715.4,587.769
2023-06-13 11:00:00,1715.4,1718.7,1694.5,1700.3,928.984
2023-06-13 15:00:00,1700.2,1722.4,1699.6,1716.6,863.781
2023-06-13 19:00:00,1716.6,1717.9,1705.6,1708.9,470.857
2023-06-13 23:00:00,1709.1,1710.6,1701.6,1707.4,591.433
2023-06-14 03:00:00,1707.3,1709.0,1701.0,1701.3,459.984
2023-06-14 07:00:00,1701.3,1708.4,1700.6,1706.3,386.789
2023-06-14 11:00:00,1706.2,1707.4,1701.9,1704.8,201.282
2023-06-14 15:00:00,1704.7,1713.9,1702.7,1710.5,298.23
2023-06-14 19:00:00,1710.5,1716.6,1705.3,1712.7,461.659
2023-06-14 23:00:00,1713.3,1747.4,1712.5,1732.9,1898.329
2023-06-15 03:00:00,1732.8,1733.1,1723.3,1724.1,433.109
2023-06-15 07:00:00,1724.0,1738.0,1723.2,1734.9,427.536
2023-06-15 11:00:00,1734.9,1742.0,1732.0,1735.1,729.786
2023-06-15 15:00:00,1735.1,1738.6,1730.2,1737.6,507.834
2023-06-15 19:00:00,1737.5,1750.0,1735.6,1743.5,1082.367
2023-06-15 23:00:00,1743.5,1759.2,1742.3,1754.2,860.523
2023-06-16 03:00:00,1754.2,1755.5,1747.2,1751.5,551.296
2023-06-16 07:00:00,1751.1,1751.5,1742.6,1746.4,425.361
2023-06-16 11:00:00,1746.3,1765.5,1745.4,1759.6,595.03
2023-06-16 15:00:00,1759.6,1770.6,1753.3,1766.1,560.854
2023-06-16 19:00:00,1766.4,1783.0,1763.2,1767.6,1188.536
2023-06-16 23:00:00,1767.6,1773.5,1762.6,1769.8,350.846
2023-06-17 03:00:00,1769.9,1777.2,1761.8,1764.9,472.208
2023-06-17 07:00:00,1764.9,1766.2,1748.0,1755.1,893.762
2023-06-17 11:00:00,1755.0,1759.7,1754.4,1757.1,393.071
2023-06-17 15:00:00,1757.1,1762.0,1753.1,1758.0,460.077
2023-06-17 19:00:00,1758.0,1764.0,1757.2,1761.5,227.559
2023-06-17 23:00:00,1761.6,1765.7,1761.2,1764.2,129.518
2023-06-18 03:00:00,1764.2,1769.4,1762.6,1767.1,381.71
2023-06-18 07:00:00,1767.1,1768.5,1763.2,1767.0,218.727
2023-06-18 11:00:00,1766.9,1767.2,1753.4,1756.4,488.327
2023-06-18 15:00:00,1756.3,1758.7,1751.2,1753.3,291.169
2023-06-18 19:00:00,1753.3,1759.0,1752.0,1757.0,147.622
2023-06-18 23:00:00,1756.8,1764.4,1756.4,1760.0,332.696
2023-06-19 03:00:00,1759.9,1765.5,1758.2,1762.8,207.627
2023-06-19 07:00:00,1762.8,1764.5,1760.4,1762.4,178.864
2023-06-19 11:00:00,1762.3,1765.9,1762.2,1764.4,262.96
2023-06-19 15:00:00,1764.4,1770.7,1762.5,1769.7,510.931
2023-06-19 19:00:00,1769.7,1781.9,1769.4,1779.5,1143.194
2023-06-19 23:00:00,1779.4,1782.4,1773.7,1779.2,351.494
2023-06-20 03:00:00,1779.3,1789.0,1778.7,1788.5,875.383
2023-06-20 07:00:00,1788.5,1796.5,1785.1,1787.4,619.975
2023-06-20 11:00:00,1787.5,1793.0,1784.7,1791.2,314.765
2023-06-20 15:00:00,1791.1,1808.6,1790.5,1807.2,1092.31
2023-06-20 19:00:00,1807.2,1826.0,1804.4,1817.1,2385.729
2023-06-20 23:00:00,1817.2,1835.0,1816.6,1828.5,1502.361
2023-06-21 03:00:00,1828.3,1846.3,1824.7,1829.3,1408.903
2023-06-21 07:00:00,1829.3,1839.6,1829.1,1837.3,861.674
2023-06-21 11:00:00,1836.9,1857.1,1834.9,1835.4,1682.572
2023-06-21 15:00:00,1835.5,1880.0,1830.4,1873.8,2817.617
2023-06-21 19:00:00,1873.5,1894.9,1865.2,1867.2,2683.482
2023-06-21 23:00:00,1867.5,1868.8,1852.0,1854.2,928.303
2023-06-22 03:00:00,1854.6,1855.6,1830.0,1834.4,1253.786
2023-06-22 07:00:00,1834.3,1846.9,1830.5,1831.0,749.849
2023-06-22 11:00:00,1831.0,1860.6,1830.7,1854.7,881.85
2023-06-22 15:00:00,1854.6,1864.7,1850.2,1859.9,1138.47
2023-06-22 19:00:00,1860.0,1868.7,1859.4,1868.6,450.823
2023-06-22 23:00:00,1868.5,1874.1,1862.9,1869.0,495.805
2023-06-23 03:00:00,1869.0,1869.5,1861.2,1861.7,462.311
2023-06-23 07:00:00,1861.4,1866.0,1856.7,1856.7,347.242
2023-06-23 11:00:00,1857.0,1869.8,1855.6,1869.7,467.117
2023-06-23 15:00:00,1869.8,1912.2,1869.3,1900.5,1602.763
2023-06-23 19:00:00,1900.5,1901.0,1880.0,1885.1,1650.484
2023-06-23 23:00:00,1885.1,1886.4,1877.0,1884.0,662.532
2023-06-24 03:00:00,1883.8,1887.9,1878.2,1881.8,668.997
2023-06-24 07:00:00,1881.7,1887.0,1876.1,1885.2,345.121
2023-06-24 11:00:00,1885.2,1888.5,1880.0,1886.2,396.671
2023-06-24 15:00:00,1886.1,1905.4,1876.4,1899.1,1220.646
2023-06-24 19:00:00,1899.2,1903.5,1895.5,1897.1,543.456
2023-06-24 23:00:00,1897.0,1906.1,1895.9,1897.4,427.167
2023-06-25 03:00:00,1897.4,1902.5,1888.4,1889.9,495.394
2023-06-25 07:00:00,1889.9,1893.3,1871.8,1873.1,603.137
2023-06-25 11:00:00,1873.1,1876.1,1859.9,1869.0,661.028
2023-06-25 15:00:00,1868.7,1889.4,1868.1,1887.3,693.729
2023-06-25 19:00:00,1887.5,1888.3,1869.4,1872.9,441.465
2023-06-25 23:00:00,1873.0,1876.3,1866.3,1871.0,432.09
2023-06-26 03:00:00,1870.9,1887.6,1869.8,1880.8,743.879
2023-06-26 07:00:00,1880.9,1884.0,1873.1,1876.9,568.9
2023-06-26 11:00:00,1877.0,1881.2,1872.8,1879.4,373.913
2023-06-26 15:00:00,1879.5,1883.2,1872.2,1874.7,575.474
2023-06-26 19:00:00,1874.6,1898.9,1873.5,1897.4,839.637
2023-06-26 23:00:00,1896.8,1903.1,1892.3,1898.7,548.642
2023-06-27 03:00:00,1898.7,1905.0,1889.4,1889.7,508.721
2023-06-27 07:00:00,1889.7,1893.3,1885.2,1887.0,323.982
2023-06-27 11:00:00,1886.9,1902.0,1881.9,1900.4,449.69
2023-06-27 15:00:00,1900.4,1905.0,1893.9,1899.7,576.931
2023-06-27 19:00:00,1899.8,1900.5,1880.0,1887.8,413.393
2023-06-27 23:00:00,1887.7,1894.4,1885.0,1894.2,251.414
2023-06-28 03:00:00,1894.1,1907.4,1894.0,1899.0,637.248
2023-06-28 07:00:00,1899.1,1910.0,1897.0,1905.3,492.596
2023-06-28 11:00:00,1905.1,1907.5,1901.8,1904.6,329.749
2023-06-28 15:00:00,1904.4,1908.6,1899.2,1907.4,579.201
2023-06-28 19:00:00,1907.1,1946.0,1902.8,1929.0,1739.325
2023-06-28 23:00:00,1929.4,1931.8,1921.7,1926.8,931.61
2023-06-29 03:00:00,1926.8,1926.8,1919.3,1920.9,747.2
2023-06-29 07:00:00,1920.9,1927.5,1916.4,1920.3,742.427
2023-06-29 11:00:00,1920.2,1925.0,1913.2,1916.7,669.953
2023-06-29 15:00:00,1916.8,1925.3,1912.7,1922.8,538.875
2023-06-29 19:00:00,1922.3,1929.8,1918.7,1920.0,468.115
2023-06-29 23:00:00,1920.1,1922.3,1913.7,1918.5,298.307
2023-06-30 03:00:00,1918.6,1923.3,1898.4,1899.5,1141.42
2023-06-30 07:00:00,1899.5,1907.9,1889.9,1890.8,1119.287
2023-06-30 11:00:00,1890.8,1892.5,1876.8,1885.7,895.292
2023-06-30 15:00:00,1885.6,1891.8,1860.0,1882.9,1711.149
2023-06-30 19:00:00,1883.0,1883.0,1829.8,1834.3,2286.67
2023-06-30 23:00:00,1834.1,1842.5,1829.6,1834.5,855.081
2023-07-01 03:00:00,1834.6,1842.8,1825.5,1839.6,803.829
2023-07-01 07:00:00,1839.6,1847.8,1838.8,1841.9,628.803
2023-07-01 11:00:00,1841.9,1844.8,1835.8,1843.1,393.59
2023-07-01 15:00:00,1843.2,1845.0,1836.9,1839.2,458.897
2023-07-01 19:00:00,1839.3,1849.1,1837.8,1843.4,622.942
2023-07-01 23:00:00,1843.2,1843.6,1836.7,1838.7,190.611
2023-07-02 03:00:00,1838.4,1847.6,1837.0,1843.4,315.878
2023-07-02 07:00:00,1843.4,1845.8,1838.5,1838.9,219.687
2023-07-02 11:00:00,1838.8,1844.6,1837.3,1837.6,224.924
2023-07-02 15:00:00,1837.5,1841.8,1831.4,1834.8,447.672
2023-07-02 19:00:00,1834.7,1843.9,1834.7,1840.5,220.766
2023-07-02 23:00:00,1840.5,1842.2,1817.1,1824.6,649.737
2023-07-03 03:00:00,1824.7,1831.7,1819.0,1821.1,552.363
2023-07-03 07:00:00,1821.2,1825.3,1806.5,1807.9,618.885
2023-07-03 11:00:00,1807.8,1813.1,1802.2,1809.0,407.782
2023-07-03 15:00:00,1809.1,1832.9,1807.8,1829.9,564.331
2023-07-03 19:00:00,1830.4,1844.2,1827.0,1840.9,373.816
2023-07-03 23:00:00,1840.4,1847.0,1836.8,1843.8,341.107
2023-07-04 03:00:00,1843.9,1858.1,1838.0,1841.3,751.336
2023-07-04 07:00:00,1841.7,1844.3,1835.7,1837.9,371.98
2023-07-04 11:00:00,1837.9,1843.3,1835.2,1837.7,233.164
2023-07-04 15:00:00,1837.5,1842.1,1833.2,1838.6,278.225
2023-07-04 19:00:00,1838.5,1845.9,1834.4,1840.3,271.881
2023-07-04 23:00:00,1839.9,1842.3,1835.9,1841.5,191.274
2023-07-05 03:00:00,1841.3,1843.9,1838.8,1841.0,227.206
2023-07-05 07:00:00,1840.8,1845.8,1836.4,1838.6,446.817
2023-07-05 11:00:00,1838.5,1865.7,1838.2,1851.7,759.112
2023-07-05 15:00:00,1851.6,1860.0,1848.0,1856.3,573.452
2023-07-05 19:00:00,1856.4,1858.8,1852.8,1857.1,326.475
2023-07-05 23:00:00,1857.2,1858.5,1849.5,1855.2,213.873
2023-07-06 03:00:00,1855.2,1856.3,1849.8,1850.1,279.918
2023-07-06 07:00:00,1849.9,1855.8,1844.8,1854.5,430.119
2023-07-06 11:00:00,1854.5,1869.9,1852.5,1864.7,583.978
2023-07-06 15:00:00,1864.5,1870.9,1859.2,1867.3,730.847
2023-07-06 19:00:00,1867.4,1869.8,1854.4,1862.4,346.532
2023-07-06 23:00:00,1862.4,1876.6,1860.5,1875.5,434.814
2023-07-07 03:00:00,1875.5,1883.9,1871.9,1873.4,703.889
2023-07-07 07:00:00,1873.1,1879.9,1871.3,1873.0,228.987
2023-07-07 11:00:00,1873.1,1876.8,1870.0,1874.8,342.1
2023-07-07 15:00:00,1874.8,1877.3,1870.9,1875.8,355.987
2023-07-07 19:00:00,1875.5,1876.5,1869.2,1872.2,245.631
2023-07-07 23:00:00,1872.5,1875.8,1872.3,1874.6,150.244
2023-07-08 03:00:00,1874.6,1875.8,1866.2,1875.0,199.433
2023-07-08 07:00:00,1874.9,1876.8,1868.9,1870.6,215.377
2023-07-08 11:00:00,1870.8,1873.5,1867.3,1872.0,209.136
2023-07-08 15:00:00,1871.8,1874.1,1869.2,1871.2,156.53
2023-07-08 19:00:00,1871.4,1877.3,1869.3,1876.8,134.931
2023-07-08 23:00:00,1876.7,1880.0,1868.8,1870.3,181.584
2023-07-09 03:00:00,1870.3,1872.7,1867.0,1868.1,195.596
2023-07-09 07:00:00,1868.2,1874.7,1866.6,1872.5,233.959
2023-07-09 11:00:00,1872.5,1875.6,1865.8,1870.4,486.869
2023-07-09 15:00:00,1870.5,1878.8,1865.4,1878.5,284.071
2023-07-09 19:00:00,1878.5,1879.4,1872.4,1872.4,158.434
2023-07-09 23:00:00,1872.4,1874.5,1866.4,1872.8,252.699
2023-07-10 03:00:00,1872.8,1881.9,1872.6,1877.4,359.34
2023-07-10 07:00:00,1877.0,1880.8,1873.1,1880.1,224.765
2023-07-10 11:00:00,1879.9,1884.8,1868.0,1870.9,588.218
2023-07-10 15:00:00,1870.7,1871.9,1862.0,1863.5,348.239
2023-07-10 19:00:00,1863.5,1869.9,1857.7,1868.8,316.594
2023-07-10 23:00:00,1868.9,1878.1,1850.4,1861.8,532.866
2023-07-11 03:00:00,1861.8,1869.6,1860.3,1864.8,217.44
2023-07-11 07:00:00,1864.7,1868.0,1860.6,1864.0,191.694
2023-07-11 11:00:00,1863.9,1869.8,1861.2,1867.0,162.943
2023-07-11 15:00:00,1867.0,1879.8,1864.8,1876.5,283.67
2023-07-11 19:00:00,1876.5,1880.0,1869.2,1874.7,211.504
2023-07-11 23:00:00,1874.8,1875.0,1865.7,1870.9,190.745
2023-07-12 03:00:00,1871.0,1873.1,1860.1,1866.8,260.589
2023-07-12 07:00:00,1866.8,1871.5,1865.6,1867.9,161.004
2023-07-12 11:00:00,1867.8,1872.6,1867.4,1871.8,171.43
2023-07-12 15:00:00,1871.9,1877.6,1862.1,1866.5,319.202
2023-07-12 19:00:00,1866.5,1868.6,1859.0,1866.1,211.324
2023-07-12 23:00:00,1866.1,1870.2,1864.3,1866.6,176.89
2023-07-13 03:00:00,1866.9,1868.3,1862.7,1865.6,173.506
2023-07-13 07:00:00,1865.8,1867.7,1861.4,1864.2,244.763
2023-07-13 11:00:00,1863.5,1866.6,1858.5,1859.7,189.499
2023-07-13 15:00:00,1859.6,1865.5,1804.6,1808.1,1556.763
2023-07-13 19:00:00,1808.2,1808.8,1731.2,1763.1,4927.004
2023-07-13 23:00:00,1763.1,1765.8,1742.9,1745.4,730.185
2023-07-14 03:00:00,1745.1,1763.6,1723.6,1739.5,1747.466
2023-07-14 07:00:00,1739.5,1740.9,1731.0,1735.9,627.352
2023-07-14 11:00:00,1736.2,1744.6,1732.2,1738.6,571.974
2023-07-14 15:00:00,1738.6,1748.2,1736.8,1737.1,1264.081
2023-07-14 19:00:00,1737.0,1772.7,1735.7,1763.6,1659.057
2023-07-14 23:00:00,1763.5,1769.8,1748.6,1748.9,605.689
2023-07-15 03:00:00,1748.7,1758.1,1747.1,1753.6,520.655
2023-07-15 07:00:00,1753.5,1753.6,1737.7,1738.8,488.991
2023-07-15 11:00:00,1739.0,1741.9,1733.2,1739.6,317.213
2023-07-15 15:00:00,1739.8,1750.1,1739.2,1743.8,323.814
2023-07-15 19:00:00,1743.8,1751.7,1742.8,1746.4,286.31
2023-07-15 23:00:00,1746.3,1754.0,1746.1,1748.3,248.694
2023-07-16 03:00:00,1748.3,1756.7,1743.1,1753.8,275.56
2023-07-16 07:00:00,1754.1,1757.4,1750.3,1755.5,167.446
2023-07-16 11:00:00,1755.8,1755.8,1744.2,1746.7,263.835
2023-07-16 15:00:00,1746.7,1751.7,1743.8,1747.2,313.053
2023-07-16 19:00:00,1746.9,1759.3,1746.6,1758.7,235.491
2023-07-16 23:00:00,1758.7,1763.9,1753.3,1762.7,310.654
2023-07-17 03:00:00,1762.3,1765.8,1754.7,1755.4,287.861
2023-07-17 07:00:00,1755.3,1757.9,1751.6,1756.3,193.348
2023-07-17 11:00:00,1756.3,1780.0,1754.6,1769.5,715.715
2023-07-17 15:00:00,1769.6,1773.9,1764.6,1768.4,410.984
2023-07-17 19:00:00,1768.4,1779.7,1761.0,1769.3,1291.446
2023-07-17 23:00:00,1768.9,1772.3,1760.6,1763.8,314.965
2023-07-18 03:00:00,1763.9,1764.9,1756.6,1762.2,306.136
2023-07-18 07:00:00,1762.1,1771.3,1759.4,1766.7,233.319
2023-07-18 11:00:00,1766.8,1771.0,1762.3,1769.9,326.988
2023-07-18 15:00:00,1770.1,1772.9,1763.3,1766.2,260.713
2023-07-18 19:00:00,1766.2,1769.7,1759.6,1760.6,297.24
2023-07-18 23:00:00,1760.6,1764.3,1754.9,1759.9,234.803
2023-07-19 03:00:00,1759.9,1762.8,1745.0,1750.9,440.545
2023-07-19 07:00:00,1750.8,1756.2,1749.0,1755.1,250.06
2023-07-19 11:00:00,1755.1,1758.3,1752.8,1753.5,190.268
2023-07-19 15:00:00,1753.6,1755.4,1748.2,1752.6,226.44
2023-07-19 19:00:00,1752.4,1754.7,1744.6,1747.3,229.635
2023-07-19 23:00:00,1747.3,1760.8,1747.1,1757.6,233.334
2023-07-20 03:00:00,1757.5,1761.2,1748.5,1751.9,347.579
2023-07-20 07:00:00,1752.0,1756.3,1744.3,1750.7,432.928
2023-07-20 11:00:00,1750.9,1755.0,1742.2,1747.3,269.873
2023-07-20 15:00:00,1747.2,1754.4,1744.9,1754.2,313.526
2023-07-20 19:00:00,1754.3,1755.7,1747.6,1750.4,166.889
2023-07-20 23:00:00,1750.4,1759.0,1744.1,1748.6,164.283
2023-07-21 03:00:00,1748.7,1752.7,1743.3,1746.4,163.213
2023-07-21 07:00:00,1746.4,1754.3,1744.9,1752.9,118.664
2023-07-21 11:00:00,1753.0,1760.6,1750.9,1752.8,226.682
2023-07-21 15:00:00,1752.9,1755.1,1749.0,1754.0,223.78
2023-07-21 19:00:00,1754.1,1755.1,1747.0,1748.9,146.135
2023-07-21 23:00:00,1748.9,1757.9,1748.9,1757.6,172.406
2023-07-22 03:00:00,1757.1,1759.9,1747.6,1751.0,213.018
2023-07-22 07:00:00,1751.3,1756.5,1751.3,1755.2,114.581
2023-07-22 11:00:00,1754.9,1769.7,1751.7,1758.7,291.148
2023-07-22 15:00:00,1758.8,1763.0,1757.5,1759.3,93.935
2023-07-22 19:00:00,1759.2,1771.3,1757.6,1764.4,277.117
2023-07-22 23:00:00,1764.8,1791.8,1760.8,1785.5,707.029
2023-07-23 03:00:00,1785.5,1794.6,1778.9,1780.3,774.493
2023-07-23 07:00:00,1780.3,1781.2,1776.4,1779.0,419.139
2023-07-23 11:00:00,1779.0,1780.7,1775.7,1778.0,224.912
2023-07-23 15:00:00,1778.0,1783.5,1777.1,1778.2,220.546
2023-07-23 19:00:00,1778.2,1782.8,1771.8,1781.1,339.339
2023-07-23 23:00:00,1781.1,1783.5,1779.0,1781.8,142.226
2023-07-24 03:00:00,1781.8,1784.6,1777.1,1780.6,216.728
2023-07-24 07:00:00,1780.6,1786.5,1777.8,1779.7,223.787
2023-07-24 11:00:00,1779.7,1786.5,1766.0,1779.0,697.409
2023-07-24 15:00:00,1779.3,1783.0,1772.5,1778.8,297.158
2023-07-24 19:00:00,1778.7,1779.5,1767.4,1772.8,314.344
2023-07-24 23:00:00,1772.8,1778.9,1772.0,1773.7,173.083
2023-07-25 03:00:00,1773.9,1775.6,1767.3,1771.4,272.982
2023-07-25 07:00:00,1771.4,1784.9,1771.3,1780.8,333.271
2023-07-25 11:00:00,1780.8,1783.9,1773.9,1776.7,169.047
2023-07-25 15:00:00,1776.8,1780.0,1770.9,1773.3,1781.529
2023-07-25 19:00:00,1773.4,1779.0,1770.8,1773.3,154.7
2023-07-25 23:00:00,1773.4,1775.6,1766.5,1771.1,119.916
2023-07-26 03:00:00,1771.4,1774.6,1769.2,1770.5,123.29
2023-07-26 07:00:00,1770.6,1778.9,1770.2,1775.6,91.595
2023-07-26 11:00:00,1775.6,1783.3,1773.9,1776.9,209.279
2023-07-26 15:00:00,1776.9,1777.9,1768.0,1772.5,191.467
2023-07-26 19:00:00,1772.4,1777.5,1760.3,1763.1,366.329
2023-07-26 23:00:00,1763.1,1768.9,1759.4,1759.7,268.004
2023-07-27 03:00:00,1759.8,1765.4,1755.3,1757.5,200.377
2023-07-27 07:00:00,1757.1,1762.2,1753.3,1760.1,150.609
2023-07-27 11:00:00,1760.0,1762.3,1753.4,1758.4,263.137
2023-07-27 15:00:00,1758.5,1761.5,1751.3,1754.2,146.171
2023-07-27 19:00:00,1754.2,1757.1,1750.2,1755.3,171.461
2023-07-27 23:00:00,1754.9,1758.7,1753.7,1757.9,152.613
2023-07-28 03:00:00,1757.9,1758.6,1752.5,1756.1,183.31
2023-07-28 07:00:00,1756.1,1761.3,1753.2,1756.9,161.442
2023-07-28 11:00:00,1756.8,1758.8,1751.5,1753.1,144.29
2023-07-28 15:00:00,1752.8,1759.6,1751.7,1755.2,237.131
2023-07-28 19:00:00,1755.2,1758.1,1750.0,1751.7,175.568
2023-07-28 23:00:00,1751.8,1756.4,1750.0,1756.1,160.059
2023-07-29 03:00:00,1756.0,1758.2,1753.0,1757.4,94.786
2023-07-29 07:00:00,1757.4,1757.9,1752.3,1753.1,101.883
2023-07-29 11:00:00,1752.9,1756.9,1752.0,1755.1,147.796
2023-07-29 15:00:00,1755.2,1755.7,1752.8,1752.8,66.876
2023-07-29 19:00:00,1752.8,1754.7,1745.6,1747.6,198.631
2023-07-29 23:00:00,1747.6,1749.4,1744.2,1747.1,137.086
2023-07-30 03:00:00,1747.1,1750.4,1745.6,1747.2,136.637
2023-07-30 07:00:00,1747.3,1749.6,1743.9,1749.1,135.759
2023-07-30 11:00:00,1749.0,1750.0,1740.6,1748.1,202.266
2023-07-30 15:00:00,1748.2,1751.0,1745.9,1749.5,169.627
2023-07-30 19:00:00,1749.2,1760.3,1749.2,1760.0,185.397
2023-07-30 23:00:00,1760.1,1767.2,1757.9,1760.9,621.463
2023-07-31 03:00:00,1761.0,1764.1,1758.2,1763.1,221.83
2023-07-31 07:00:00,1762.9,1768.8,1761.8,1763.9,177.864
2023-07-31 11:00:00,1763.9,1765.5,1760.4,1765.5,302.865
2023-07-31 15:00:00,1765.5,1770.5,1764.3,1769.1,185.408
2023-07-31 19:00:00,1769.2,1770.4,1759.1,1762.9,199.472
2023-07-31 23:00:00,1762.5,1775.4,1761.9,1769.9,273.864
2023-08-01 03:00:00,1769.8,1787.1,1765.6,1775.3,769.511
2023-08-01 07:00:00,1775.1,1780.7,1768.5,1770.0,482.614
2023-08-01 11:00:00,1770.1,1772.5,1766.1,1768.6,260.769
2023-08-01 15:00:00,1768.6,1770.0,1761.6,1768.5,260.884
2023-08-01 19:00:00,1768.1,1771.4,1763.6,1770.6,300.678
2023-08-01 23:00:00,1770.5,1779.8,1766.4,1779.3,215.463
2023-08-02 03:00:00,1779.3,1796.0,1777.7,1785.1,641.952
2023-08-02 07:00:00,1785.2,1793.6,1783.2,1792.0,234.071
2023-08-02 11:00:00,1792.1,1792.7,1783.7,1787.1,173.174
2023-08-02 15:00:00,1787.4,1797.0,1785.7,1791.8,228.099
2023-08-02 19:00:00,1791.9,1797.0,1785.7,1786.8,329.304
2023-08-02 23:00:00,1786.9,1793.6,1784.6,1793.5,167.933
2023-08-03 03:00:00,1793.5,1795.6,1790.2,1793.5,172.11
2023-08-03 07:00:00,1793.5,1798.9,1791.7,1796.1,165.433
2023-08-03 11:00:00,1796.1,1805.8,1796.1,1801.2,567.861
2023-08-03 15:00:00,1801.0,1807.8,1800.6,1803.5,242.769
2023-08-03 19:00:00,1803.6,1804.0,1795.4,1800.6,229.966
2023-08-03 23:00:00,1800.4,1815.3,1796.9,1809.4,396.334
2023-08-04 03:00:00,1809.4,1811.2,1805.9,1806.9,173.308
2023-08-04 07:00:00,1807.0,1812.0,1806.0,1808.3,126.321
2023-08-04 11:00:00,1808.4,1810.1,1806.2,1809.0,151.301
2023-08-04 15:00:00,1809.1,1809.8,1798.4,1801.2,194.408
2023-08-04 19:00:00,1801.1,1807.3,1797.9,1804.9,172.309
2023-08-04 23:00:00,1804.8,1815.6,1803.6,1815.6,319.793
2023-08-05 03:00:00,1815.5,1825.1,1814.4,1816.6,321.956
2023-08-05 07:00:00,1816.4,1819.6,1812.8,1814.5,192.138
2023-08-05 11:00:00,1814.6,1816.5,1808.9,1812.5,158.995
2023-08-05 15:00:00,1812.4,1814.3,1808.3,1811.0,161.576
2023-08-05 19:00:00,1811.0,1814.6,1805.4,1808.2,133.508
2023-08-05 23:00:00,1808.4,1810.2,1805.3,1806.6,115.762
2023-08-06 03:00:00,1806.5,1808.7,1797.0,1801.3,302.306
2023-08-06 07:00:00,1801.3,1807.3,1799.8,1807.2,185.371
2023-08-06 11:00:00,1806.9,1809.4,1802.5,1805.8,165.123
2023-08-06 15:00:00,1805.8,1811.7,1805.4,1810.9,137.405
2023-08-06 19:00:00,1810.5,1813.2,1806.4,1812.5,119.352
2023-08-06 23:00:00,1812.5,1816.5,1811.2,1812.8,135.59
2023-08-07 03:00:00,1812.9,1815.0,1803.1,1808.5,206.277
2023-08-07 07:00:00,1808.5,1815.1,1806.1,1812.2,311.543
2023-08-07 11:00:00,1812.3,1814.2,1809.4,1811.9,170.426
2023-08-07 15:00:00,1812.0,1820.8,1810.1,1813.8,395.963
2023-08-07 19:00:00,1814.2,1829.6,1813.5,1824.5,592.996
2023-08-07 23:00:00,1824.6,1828.4,1821.4,1824.2,222.467
2023-08-08 03:00:00,1824.4,1825.5,1818.9,1822.4,165.258
2023-08-08 07:00:00,1822.4,1823.7,1817.2,1822.3,126.53
2023-08-08 11:00:00,1822.4,1828.6,1819.8,1827.6,182.716
2023-08-08 15:00:00,1827.8,1834.2,1825.1,1825.7,283.42
2023-08-08 19:00:00,1825.8,1831.3,1821.8,1830.2,245.953
2023-08-08 23:00:00,1830.4,1836.5,1822.3,1828.2,219.09
2023-08-09 03:00:00,1828.2,1830.3,1824.3,1827.3,245.558
2023-08-09 07:00:00,1827.2,1828.6,1822.2,1824.9,71.692
2023-08-09 11:00:00,1824.8,1828.1,1821.8,1828.0,94.293
2023-08-09 15:00:00,1827.6,1833.1,1821.5,1822.6,188.732
2023-08-09 19:00:00,1822.7,1824.2,1806.1,1806.2,273.861
2023-08-09 23:00:00,1806.4,1819.7,1803.8,1815.1,154.986
2023-08-10 03:00:00,1815.0,1818.9,1813.7,1818.3,88.409
2023-08-10 07:00:00,1817.8,1823.0,1815.5,1820.1,146.884
2023-08-10 11:00:00,1820.1,1822.6,1819.2,1820.5,132.291
2023-08-10 15:00:00,1820.9,1821.3,1814.1,1815.2,166.278
2023-08-10 19:00:00,1815.2,1817.0,1811.7,1815.4,126.601
2023-08-10 23:00:00,1815.4,1817.6,1813.4,1816.9,111.862
2023-08-11 03:00:00,1816.9,1817.8,1813.1,1816.2,122.794
2023-08-11 07:00:00,1816.2,1817.5,1814.0,1815.0,74.549
2023-08-11 11:00:00,1814.8,1820.8,1814.3,1816.8,118.795
2023-08-11 15:00:00,1816.8,1820.1,1816.1,1819.4,85.917
2023-08-11 19:00:00,1819.4,1820.9,1816.8,1820.4,140.508
2023-08-11 23:00:00,1820.6,1821.5,1817.0,1819.8,117.151
2023-08-12 03:00:00,1819.8,1820.1,1815.7,1818.4,102.19
2023-08-12 07:00:00,1818.4,1820.9,1815.9,1815.9,102.484
2023-08-12 11:00:00,1816.0,1817.1,1815.0,1816.9,56.714
2023-08-12 15:00:00,1816.8,1817.5,1813.2,1817.0,86.659
2023-08-12 19:00:00,1817.0,1820.4,1815.8,1819.3,69.84
2023-08-12 23:00:00,1819.3,1819.8,1815.2,1819.0,84.932
2023-08-13 03:00:00,1819.1,1820.4,1816.2,1817.2,120.995
2023-08-13 07:00:00,1817.3,1819.2,1815.6,1815.6,80.718
2023-08-13 11:00:00,1815.6,1817.7,1814.3,1816.1,145.069
2023-08-13 15:00:00,1816.1,1818.0,1812.4,1817.9,213.144
2023-08-13 19:00:00,1818.0,1818.3,1808.8,1809.2,120.761
2023-08-13 23:00:00,1808.8,1825.3,1807.3,1821.3,303.609
2023-08-14 03:00:00,1821.7,1821.9,1813.0,1819.6,346.006
2023-08-14 07:00:00,1819.6,1820.7,1816.1,1819.9,197.277
2023-08-14 11:00:00,1819.9,1824.7,1818.1,1820.7,288.419
2023-08-14 15:00:00,1820.7,1826.7,1818.2,1824.1,161.129
2023-08-14 19:00:00,1824.1,1828.0,1818.4,1820.4,115.908
2023-08-14 23:00:00,1820.5,1821.9,1817.3,1821.7,132.632
2023-08-15 03:00:00,1821.6,1822.8,1817.4,1822.1,473.364
2023-08-15 07:00:00,1822.2,1825.1,1821.1,1824.7,68.734
2023-08-15 11:00:00,1824.7,1828.5,1823.9,1827.6,164.081
2023-08-15 15:00:00,1827.8,1829.5,1824.0,1824.4,159.964
2023-08-15 19:00:00,1824.4,1862.4,1822.5,1844.3,1268.429
2023-08-15 23:00:00,1844.5,1847.6,1839.2,1841.2,385.595
2023-08-16 03:00:00,1841.2,1846.8,1840.6,1846.5,269.994
2023-08-16 07:00:00,1846.6,1851.7,1842.3,1849.6,379.337
2023-08-16 11:00:00,1849.6,1855.3,1849.0,1851.5,424.296
2023-08-16 15:00:00,1851.5,1862.7,1851.2,1859.1,1046.611
2023-08-16 19:00:00,1859.0,1860.7,1851.5,1859.0,648.233
2023-08-16 23:00:00,1859.0,1879.5,1849.2,1851.4,961.165
2023-08-17 03:00:00,1851.5,1856.7,1843.7,1849.3,588.717
2023-08-17 07:00:00,1849.2,1850.9,1845.4,1847.4,282.583
2023-08-17 11:00:00,1847.5,1855.4,1846.8,1854.6,228.013
2023-08-17 15:00:00,1854.5,1874.3,1844.3,1857.7,699.143
2023-08-17 19:00:00,1858.3,1863.3,1851.3,1851.5,376.989
2023-08-17 23:00:00,1851.5,1935.0,1830.3,1858.2,3241.677
2023-08-18 03:00:00,1858.0,1866.2,1847.7,1852.9,761.427
2023-08-18 07:00:00,1852.9,1856.4,1830.6,1831.1,895.455
2023-08-18 11:00:00,1830.9,1843.0,1830.7,1837.5,359.601
2023-08-18 15:00:00,1837.5,1839.5,1823.6,1827.9,581.12
2023-08-18 19:00:00,1828.0,1835.9,1818.0,1835.6,472.225
2023-08-18 23:00:00,1835.6,1838.1,1826.5,1828.5,293.279
2023-08-19 03:00:00,1828.5,1831.2,1823.8,1824.3,208.904
2023-08-19 07:00:00,1824.3,1825.3,1815.8,1816.7,464.841
2023-08-19 11:00:00,1816.6,1820.3,1816.3,1819.5,149.026
2023-08-19 15:00:00,1819.5,1823.2,1810.0,1813.8,248.244
2023-08-19 19:00:00,1814.0,1814.4,1800.1,1813.9,373.456
2023-08-19 23:00:00,1813.8,1820.4,1813.8,1816.1,211.946
2023-08-20 03:00:00,1816.1,1820.9,1815.4,1818.4,169.482
2023-08-20 07:00:00,1818.4,1821.8,1817.2,1817.8,155.332
2023-08-20 11:00:00,1818.2,1818.5,1803.8,1807.6,188.732
2023-08-20 15:00:00,1807.6,1812.4,1803.9,1809.1,121.53
2023-08-20 19:00:00,1809.1,1810.9,1802.0,1802.6,168.335
2023-08-20 23:00:00,1802.8,1806.0,1797.0,1804.6,241.328
2023-08-21 03:00:00,1804.6,1806.8,1802.0,1805.5,126.421
2023-08-21 07:00:00,1805.5,1813.7,1800.3,1811.9,231.263
2023-08-21 11:00:00,1811.5,1821.0,1810.8,1813.7,230.876
2023-08-21 15:00:00,1813.9,1839.4,1812.2,1832.5,991.395
2023-08-21 19:00:00,1832.6,1835.1,1822.0,1823.5,392.126
2023-08-21 23:00:00,1823.4,1828.9,1822.0,1826.6,171.384
2023-08-22 03:00:00,1826.5,1829.8,1824.9,1828.9,235.363
2023-08-22 07:00:00,1828.9,1834.3,1828.0,1830.6,162.592
2023-08-22 11:00:00,1830.5,1836.4,1826.8,1834.8,217.296
2023-08-22 15:00:00,1835.0,1846.7,1831.0,1842.6,333.937
2023-08-22 19:00:00,1842.7,1862.0,1840.9,1851.1,770.431
2023-08-22 23:00:00,1850.8,1865.7,1841.4,1851.9,579.588
2023-08-23 03:00:00,1851.9,1855.3,1844.6,1850.0,336.567
2023-08-23 07:00:00,1850.0,1850.4,1836.0,1838.9,193.661
2023-08-23 11:00:00,1838.9,1840.0,1831.7,1833.8,171.685
2023-08-23 15:00:00,1834.0,1837.4,1828.5,1832.2,311.427
2023-08-23 19:00:00,1832.2,1841.1,1822.2,1836.3,379.017
2023-08-23 23:00:00,1836.2,1837.9,1827.9,1828.6,191.503
2023-08-24 03:00:00,1828.6,1834.8,1827.9,1832.7,74.008
2023-08-24 07:00:00,1832.6,1834.9,1826.6,1834.8,102.29
2023-08-24 11:00:00,1834.7,1840.2,1834.3,1839.6,126.769
2023-08-24 15:00:00,1839.6,1841.7,1836.4,1837.5,165.844
2023-08-24 19:00:00,1837.4,1841.9,1831.4,1834.3,174.984
2023-08-24 23:00:00,1833.9,1838.9,1831.0,1832.6,145.766
2023-08-25 03:00:00,1832.6,1843.8,1830.9,1837.1,203.407
2023-08-25 07:00:00,1837.1,1845.1,1836.5,1836.5,315.304
2023-08-25 11:00:00,1836.6,1842.6,1836.6,1839.7,107.366
2023-08-25 15:00:00,1839.6,1840.9,1827.7,1831.7,283.528
2023-08-25 19:00:00,1832.1,1836.1,1827.4,1831.3,112.591
2023-08-25 23:00:00,1831.2,1835.5,1829.0,1829.2,87.52
2023-08-26 03:00:00,1829.2,1834.4,1828.7,1831.8,94.263
2023-08-26 07:00:00,1831.8,1836.0,1831.6,1832.2,56.491
2023-08-26 11:00:00,1832.3,1836.6,1831.1,1834.5,96.683
2023-08-26 15:00:00,1834.5,1835.9,1831.9,1831.9,50.109
2023-08-26 19:00:00,1831.9,1837.2,1831.3,1835.6,85.946
2023-08-26 23:00:00,1835.7,1835.8,1829.8,1834.8,97.182
2023-08-27 03:00:00,1834.7,1836.4,1831.6,1833.8,124.152
2023-08-27 07:00:00,1833.8,1833.9,1828.0,1831.5,149.364
2023-08-27 11:00:00,1831.0,1832.7,1827.0,1832.7,87.929
2023-08-27 15:00:00,1832.6,1833.8,1824.1,1828.4,124.389
2023-08-27 19:00:00,1828.3,1830.9,1825.7,1828.4,87.995
2023-08-27 23:00:00,1828.8,1830.7,1825.0,1827.4,115.608
2023-08-28 03:00:00,1827.5,1834.4,1827.0,1830.7,169.486
2023-08-28 07:00:00,1830.7,1838.5,1828.7,1833.6,147.076
2023-08-28 11:00:00,1833.7,1848.5,1829.9,1840.4,2461.467
2023-08-28 15:00:00,1840.6,1841.1,1831.6,1834.6,566.49
2023-08-28 19:00:00,1834.6,1837.4,1830.5,1830.6,852.836
2023-08-28 23:00:00,1830.6,1832.2,1826.7,1831.9,228.313
2023-08-29 03:00:00,1831.9,1834.3,1824.6,1831.8,260.685
2023-08-29 07:00:00,1831.8,1835.5,1829.6,1833.0,149.78
2023-08-29 11:00:00,1832.9,1839.5,1831.4,1838.3,235.406
2023-08-29 15:00:00,1838.4,1863.0,1828.3,1852.8,1187.901
2023-08-29 19:00:00,1852.7,1876.7,1852.5,1866.3,696.857
2023-08-29 23:00:00,1866.1,1866.1,1849.8,1861.4,508.328
2023-08-30 03:00:00,1861.4,1867.9,1855.1,1856.8,252.105
2023-08-30 07:00:00,1856.7,1864.0,1856.7,1862.8,150.32
2023-08-30 11:00:00,1862.9,1865.6,1860.1,1860.7,301.481
2023-08-30 15:00:00,1860.8,1866.9,1858.3,1864.7,300.495
2023-08-30 19:00:00,1864.5,1869.8,1861.5,1864.7,188.688
2023-08-30 23:00:00,1864.5,1868.9,1864.3,1868.1,94.717
2023-08-31 03:00:00,1868.2,1870.7,1865.6,1868.6,126.335
2023-08-31 07:00:00,1868.3,1868.8,1862.9,1863.4,87.039
2023-08-31 11:00:00,1863.4,1867.7,1858.6,1861.2,188.958
2023-08-31 15:00:00,1860.9,1871.1,1854.9,1863.9,275.915
2023-08-31 19:00:00,1863.6,1867.8,1843.8,1847.3,456.196
2023-08-31 23:00:00,1847.0,1850.8,1835.9,1837.5,365.792
2023-09-01 03:00:00,1837.6,1844.9,1836.0,1843.6,169.8
2023-09-01 07:00:00,1843.4,1847.8,1842.4,1844.8,169.591
2023-09-01 11:00:00,1844.7,1848.9,1843.6,1846.9,90.249
2023-09-01 15:00:00,1846.9,1850.0,1840.1,1845.7,135.67
2023-09-01 19:00:00,1845.2,1859.6,1843.9,1850.0,192.915
2023-09-01 23:00:00,1849.9,1854.7,1845.8,1851.1,127.457
2023-09-02 03:00:00,1851.2,1852.3,1846.4,1846.4,63.875
2023-09-02 07:00:00,1846.4,1851.6,1843.8,1848.2,83.423
2023-09-02 11:00:00,1848.1,1851.6,1845.8,1847.2,119.475
2023-09-02 15:00:00,1847.2,1849.9,1843.6,1849.0,159.328
2023-09-02 19:00:00,1848.9,1854.6,1847.6,1850.5,254.284
2023-09-02 23:00:00,1850.8,1851.6,1845.8,1846.6,127.264
2023-09-03 03:00:00,1846.7,1851.6,1846.7,1847.0,76.311
2023-09-03 07:00:00,1847.0,1852.5,1846.5,1852.0,68.24
2023-09-03 11:00:00,1851.8,1855.5,1851.2,1854.7,139.343
2023-09-03 15:00:00,1854.7,1858.4,1849.3,1850.4,186.177
2023-09-03 19:00:00,1850.5,1854.9,1848.5,1854.5,105.757
2023-09-03 23:00:00,1855.0,1855.6,1850.9,1852.7,66.78
2023-09-04 03:00:00,1852.6,1853.9,1843.7,1848.7,87.543
2023-09-04 07:00:00,1848.6,1849.9,1846.3,1848.4,53.923
2023-09-04 11:00:00,1848.5,1852.9,1846.4,1851.9,78.796
2023-09-04 15:00:00,1851.7,1854.8,1846.9,1850.4,111.318
2023-09-04 19:00:00,1850.3,1851.7,1846.3,1847.5,100.549
2023-09-04 23:00:00,1847.5,1849.4,1842.0,1844.6,132.071
2023-09-05 03:00:00,1844.6,1848.2,1843.6,1845.3,92.221
2023-09-05 07:00:00,1845.2,1845.9,1841.1,1842.8,49.209
2023-09-05 11:00:00,1842.8,1843.5,1836.0,1838.3,93.964
2023-09-05 15:00:00,1838.2,1839.5,1830.8,1832.5,146.191
2023-09-05 19:00:00,1832.5,1835.2,1830.6,1832.8,118.295
2023-09-05 23:00:00,1832.9,1838.5,1832.8,1837.5,74.457
2023-09-06 03:00:00,1837.3,1839.7,1833.6,1836.5,53.692
2023-09-06 07:00:00,1836.6,1842.9,1836.5,1839.6,53.525
2023-09-06 11:00:00,1839.6,1841.0,1835.8,1836.3,43.98
2023-09-06 15:00:00,1836.1,1841.5,1834.9,1836.9,58.739
2023-09-06 19:00:00,1837.0,1842.6,1825.5,1834.4,262.121
2023-09-06 23:00:00,1834.7,1837.0,1833.4,1836.6,34.96
2023-09-07 03:00:00,1836.5,1838.1,1832.6,1834.7,90.246
2023-09-07 07:00:00,1833.9,1835.6,1832.2,1835.6,34.487
2023-09-07 11:00:00,1835.5,1842.4,1835.0,1841.5,54.509
2023-09-07 15:00:00,1841.6,1842.8,1838.2,1841.9,49.843
2023-09-07 19:00:00,1841.9,1846.9,1840.9,1844.5,84.523
2023-09-07 23:00:00,1844.4,1863.5,1844.3,1855.0,209.494
2023-09-08 03:00:00,1855.0,1860.1,1854.9,1857.6,90.052
2023-09-08 07:00:00,1857.6,1861.8,1857.1,1858.4,68.418
2023-09-08 11:00:00,1858.3,1859.1,1848.8,1854.1,134.561
2023-09-08 15:00:00,1854.1,1854.3,1849.4,1850.7,43.974
2023-09-08 19:00:00,1850.8,1851.9,1844.7,1846.6,95.975
2023-09-08 23:00:00,1846.7,1848.5,1845.2,1845.8,37.191
2023-09-09 03:00:00,1845.8,1846.1,1842.9,1845.2,41.035
2023-09-09 07:00:00,1845.2,1846.9,1843.7,1845.9,39.805
2023-09-09 11:00:00,1845.9,1848.0,1843.1,1843.1,46.813
2023-09-09 15:00:00,1843.1,1846.4,1842.9,1844.8,38.52
2023-09-09 19:00:00,1844.8,1847.3,1844.1,1845.1,26.013
2023-09-09 23:00:00,1845.1,1847.9,1844.2,1847.7,27.66
2023-09-10 03:00:00,1847.6,1852.7,1847.2,1851.4,76.81
2023-09-10 07:00:00,1851.4,1870.0,1851.3,1861.1,566.824
2023-09-10 11:00:00,1861.6,1865.0,1860.0,1860.3,248.014
2023-09-10 15:00:00,1860.4,1871.0,1857.0,1863.4,236.212
2023-09-10 19:00:00,1863.5,1876.7,1863.4,1867.3,641.164
2023-09-10 23:00:00,1866.9,1872.1,1863.1,1870.6,178.211
2023-09-11 03:00:00,1870.7,1872.2,1866.2,1866.7,212.691
2023-09-11 07:00:00,1866.7,1878.8,1865.3,1876.1,266.5
2023-09-11 11:00:00,1876.1,1910.0,1876.0,1897.9,1211.521
2023-09-11 15:00:00,1897.7,1900.3,1879.4,1880.8,982.168
2023-09-11 19:00:00,1881.2,1902.5,1880.3,1896.8,333.773
2023-09-11 23:00:00,1896.8,1902.4,1890.5,1890.5,303.593
2023-09-12 03:00:00,1890.5,1903.3,1887.6,1901.2,413.314
2023-09-12 07:00:00,1901.0,1914.0,1897.5,1910.8,659.785
2023-09-12 11:00:00,1910.3,1912.7,1896.7,1899.8,608.917
2023-09-12 15:00:00,1899.8,1914.4,1899.8,1910.8,476.926
2023-09-12 19:00:00,1910.8,1916.2,1905.9,1907.9,287.747
2023-09-12 23:00:00,1907.6,1909.7,1897.2,1899.0,133.851
2023-09-13 03:00:00,1899.0,1908.2,1898.1,1906.2,134.693
2023-09-13 07:00:00,1906.2,1927.0,1898.6,1910.7,685.029
2023-09-13 11:00:00,1910.7,1915.6,1904.1,1911.3,163.161
2023-09-13 15:00:00,1911.2,1916.4,1905.8,1910.7,202.338
2023-09-13 19:00:00,1910.6,1917.4,1907.9,1911.8,172.469
2023-09-13 23:00:00,1911.5,1912.2,1908.1,1909.7,51.941
2023-09-14 03:00:00,1909.7,1909.7,1893.1,1901.6,401.325
2023-09-14 07:00:00,1901.6,1908.2,1901.6,1907.9,88.77
2023-09-14 11:00:00,1908.0,1911.0,1904.0,1910.2,96.651
2023-09-14 15:00:00,1910.1,1921.1,1909.7,1914.4,347.551
2023-09-14 19:00:00,1914.5,1916.4,1909.4,1910.5,174.142
2023-09-14 23:00:00,1910.6,1913.4,1905.3,1908.7,106.367
2023-09-15 03:00:00,1908.3,1909.9,1897.6,1903.0,161.886
2023-09-15 07:00:00,1902.8,1908.1,1901.0,1908.1,97.38
2023-09-15 11:00:00,1908.2,1910.6,1904.7,1904.8,95.451
2023-09-15 15:00:00,1904.7,1906.1,1896.6,1897.1,165.016
2023-09-15 19:00:00,1897.4,1903.7,1895.7,1899.2,170.784
2023-09-15 23:00:00,1899.1,1900.5,1890.0,1892.3,214.3
2023-09-16 03:00:00,1892.3,1895.1,1887.1,1891.1,191.164
2023-09-16 07:00:00,1890.7,1891.9,1884.8,1889.1,166.322
2023-09-16 11:00:00,1888.9,1895.0,1888.2,1893.1,151.746
2023-09-16 15:00:00,1893.1,1897.8,1892.7,1895.6,117.326
2023-09-16 19:00:00,1895.5,1898.9,1892.1,1898.1,94.982
2023-09-16 23:00:00,1898.1,1898.4,1894.8,1896.3,45.733
2023-09-17 03:00:00,1896.4,1909.5,1895.7,1900.3,259.669
2023-09-17 07:00:00,1900.3,1903.7,1899.5,1903.2,148.175
2023-09-17 11:00:00,1903.3,1903.7,1898.4,1901.8,131.115
2023-09-17 15:00:00,1901.9,1902.8,1898.3,1898.8,55.969
2023-09-17 19:00:00,1898.8,1908.7,1898.5,1903.0,132.668
2023-09-17 23:00:00,1903.0,1912.6,1901.5,1908.0,298.391
2023-09-18 03:00:00,1908.2,1916.9,1903.6,1903.7,197.693
2023-09-18 07:00:00,1903.9,1909.7,1901.3,1909.2,156.84
2023-09-18 11:00:00,1909.2,1919.0,1906.1,1915.1,217.48
2023-09-18 15:00:00,1915.2,1919.3,1910.6,1919.0,249.679
2023-09-18 19:00:00,1919.3,1921.0,1901.7,1905.0,252.228
2023-09-18 23:00:00,1904.9,1907.0,1902.3,1903.6,104.971
2023-09-19 03:00:00,1903.7,1907.1,1898.0,1905.4,100.892
2023-09-19 07:00:00,1905.2,1910.0,1902.6,1907.7,65.978
2023-09-19 11:00:00,1907.7,1921.0,1907.2,1919.4,254.425
2023-09-19 15:00:00,1919.4,1927.4,1910.9,1923.2,451.583
2023-09-19 19:00:00,1923.6,1925.9,1913.1,1918.6,248.157
2023-09-19 23:00:00,1918.6,1922.2,1915.0,1920.7,90.164
2023-09-20 03:00:00,1920.7,1925.6,1917.3,1918.1,129.891
2023-09-20 07:00:00,1918.2,1922.7,1915.6,1921.9,158.302
2023-09-20 11:00:00,1922.1,1929.5,1920.1,1927.7,313.931
2023-09-20 15:00:00,1927.6,1932.0,1926.0,1931.2,267.474
2023-09-20 19:00:00,1931.2,1934.6,1924.2,1926.5,361.609
2023-09-20 23:00:00,1926.3,1934.3,1926.2,1933.9,136.696
2023-09-21 03:00:00,1934.1,1934.4,1926.0,1926.7,159.27
2023-09-21 07:00:00,1926.6,1936.0,1924.1,1935.2,208.22
2023-09-21 11:00:00,1935.2,1944.8,1928.2,1940.1,507.188
2023-09-21 15:00:00,1940.4,1943.6,1933.2,1939.0,233.099
2023-09-21 19:00:00,1938.9,1939.1,1931.5,1934.0,162.74
2023-09-21 23:00:00,1934.0,1940.0,1933.1,1937.8,182.78
2023-09-22 03:00:00,1938.2,1941.8,1929.0,1929.2,223.507
2023-09-22 07:00:00,1929.2,1935.7,1929.1,1933.3,110.687
2023-09-22 11:00:00,1933.3,1935.3,1930.1,1931.7,97.599
2023-09-22 15:00:00,1931.4,1936.2,1929.4,1935.9,88.134
2023-09-22 19:00:00,1936.0,1938.5,1928.3,1929.3,162.675
2023-09-22 23:00:00,1929.5,1932.3,1927.5,1929.5,164.482
2023-09-23 03:00:00,1929.5,1930.4,1925.7,1928.8,160.628
2023-09-23 07:00:00,1928.8,1929.9,1926.9,1928.2,89.288
2023-09-23 11:00:00,1928.2,1932.0,1927.2,1929.4,152.003
2023-09-23 15:00:00,1929.4,1934.6,1928.5,1932.4,158.804
2023-09-23 19:00:00,1932.5,1933.3,1929.7,1930.0,121.632
2023-09-23 23:00:00,1930.1,1933.6,1927.6,1930.6,57.072
2023-09-24 03:00:00,1930.6,1932.9,1926.5,1929.4,94.559
2023-09-24 07:00:00,1929.6,1931.3,1927.3,1930.5,83.3
2023-09-24 11:00:00,1930.6,1931.0,1926.9,1930.3,70.783
2023-09-24 15:00:00,1930.1,1934.3,1927.9,1932.4,127.186
2023-09-24 19:00:00,1932.8,1935.9,1928.1,1930.0,167.637
2023-09-24 23:00:00,1930.0,1931.9,1923.0,1924.0,158.894
2023-09-25 03:00:00,1924.0,1925.8,1912.1,1916.6,418.303
2023-09-25 07:00:00,1916.7,1918.9,1913.6,1917.0,148.856
2023-09-25 11:00:00,1916.9,1920.0,1913.9,1919.9,128.99
2023-09-25 15:00:00,1919.9,1920.5,1913.9,1915.9,75.583
2023-09-25 19:00:00,1915.9,1915.9,1908.2,1913.8,189.382
2023-09-25 23:00:00,1913.6,1917.0,1912.4,1913.7,70.771
2023-09-26 03:00:00,1913.8,1913.8,1908.2,1912.6,43.427
2023-09-26 07:00:00,1912.5,1914.5,1909.6,1910.8,41.128
2023-09-26 11:00:00,1910.7,1910.8,1905.1,1909.5,120.228
2023-09-26 15:00:00,1909.6,1912.6,1908.3,1909.4,198.363
2023-09-26 19:00:00,1909.4,1912.9,1909.1,1911.3,139.71
2023-09-26 23:00:00,1911.2,1913.5,1906.0,1906.0,78.266
2023-09-27 03:00:00,1905.9,1911.7,1905.0,1907.8,121.255
2023-09-27 07:00:00,1907.8,1912.9,1907.1,1909.0,244.673
2023-09-27 11:00:00,1909.1,1912.7,1898.5,1908.5,285.447
2023-09-27 15:00:00,1909.3,1913.7,1900.9,1905.4,332.7
2023-09-27 19:00:00,1906.0,1909.6,1902.8,1906.4,84.773
2023-09-27 23:00:00,1906.3,1913.0,1905.1,1913.0,54.435
2023-09-28 03:00:00,1912.9,1916.8,1904.3,1908.8,84.833
2023-09-28 07:00:00,1908.9,1912.2,1902.0,1902.4,74.47
2023-09-28 11:00:00,1902.1,1903.0,1890.1,1897.9,316.241
2023-09-28 15:00:00,1897.8,1908.4,1897.0,1906.7,221.193
2023-09-28 19:00:00,1906.9,1914.2,1904.4,1908.1,218.828
2023-09-28 23:00:00,1908.0,1912.0,1905.1,1905.9,100.356
2023-09-29 03:00:00,1906.0,1909.5,1897.5,1902.3,119.721
2023-09-29 07:00:00,1902.2,1902.9,1887.6,1889.2,207.317
2023-09-29 11:00:00,1889.1,1892.5,1886.0,1888.4,204.386
2023-09-29 15:00:00,1888.0,1888.3,1869.9,1871.9,437.633
2023-09-29 19:00:00,1872.1,1881.0,1870.9,1879.6,82.638
2023-09-29 23:00:00,1879.5,1882.9,1874.6,1879.6,92.75
2023-09-30 03:00:00,1879.4,1885.4,1879.3,1882.8,120.129
2023-09-30 07:00:00,1882.4,1884.2,1879.7,1881.7,39.638
2023-09-30 11:00:00,1881.4,1882.6,1877.7,1879.2,54.335
2023-09-30 15:00:00,1879.1,1879.7,1870.0,1872.9,138.209
2023-09-30 19:00:00,1872.7,1878.3,1870.6,1877.0,55.985
2023-09-30 23:00:00,1877.1,1884.7,1876.6,1880.0,65.931
2023-10-01 03:00:00,1880.0,1883.6,1877.7,1881.7,43.993
2023-10-01 07:00:00,1881.7,1885.8,1879.0,1882.6,76.176
2023-10-01 11:00:00,1882.6,1885.0,1871.4,1872.6,142.001
2023-10-01 15:00:00,1872.6,1876.2,1871.4,1874.5,136.702
2023-10-01 19:00:00,1874.5,1885.3,1874.1,1881.2,120.825
2023-10-01 23:00:00,1881.3,1890.0,1874.0,1888.3,302.536
2023-10-02 03:00:00,1888.3,1899.0,1886.9,1898.8,173.932
2023-10-02 07:00:00,1898.9,1915.3,1896.4,1908.6,267.985
2023-10-02 11:00:00,1908.8,1913.1,1905.0,1908.9,279.401
2023-10-02 15:00:00,1908.7,1932.0,1908.2,1928.4,517.706
2023-10-02 19:00:00,1928.4,1950.4,1922.9,1937.8,974.482
2023-10-02 23:00:00,1937.8,1944.1,1918.4,1920.5,554.261
2023-10-03 03:00:00,1919.2,1923.3,1912.5,1921.2,205.461
2023-10-03 07:00:00,1921.4,1925.5,1919.0,1921.6,179.141
2023-10-03 11:00:00,1921.3,1933.3,1919.6,1929.3,245.638
2023-10-03 15:00:00,1929.2,1929.6,1917.5,1921.1,275.928
2023-10-03 19:00:00,1921.2,1923.7,1916.6,1917.4,111.955
2023-10-03 23:00:00,1916.8,1921.5,1904.5,1911.6,198.531
2023-10-04 03:00:00,1911.5,1934.5,1911.3,1930.2,297.619
2023-10-04 07:00:00,1930.2,1933.7,1927.0,1927.3,137.114
2023-10-04 11:00:00,1927.2,1936.6,1927.0,1933.9,137.966
2023-10-04 15:00:00,1934.0,1938.9,1930.7,1937.4,184.112
2023-10-04 19:00:00,1938.1,1945.5,1935.9,1942.8,283.463
2023-10-04 23:00:00,1942.8,1949.1,1941.5,1948.6,206.738
2023-10-05 03:00:00,1948.5,1949.3,1942.5,1944.1,223.343
2023-10-05 07:00:00,1944.1,1950.1,1942.2,1949.5,215.96
2023-10-05 11:00:00,1949.0,1954.2,1947.0,1953.7,237.472
2023-10-05 15:00:00,1953.7,1968.7,1952.9,1962.9,748.284
2023-10-05 19:00:00,1963.0,1964.0,1950.9,1955.8,222.343
2023-10-05 23:00:00,1956.4,1958.4,1951.5,1958.1,84.885
2023-10-06 03:00:00,1957.7,1957.7,1951.2,1954.3,104.72
2023-10-06 07:00:00,1953.5,1956.2,1948.0,1953.1,127.748
2023-10-06 11:00:00,1953.2,1962.6,1948.0,1962.0,219.234
2023-10-06 15:00:00,1962.1,1964.0,1944.8,1962.2,256.66
2023-10-06 19:00:00,1962.3,1967.6,1954.4,1959.8,217.589
2023-10-06 23:00:00,1959.4,1966.7,1957.4,1960.2,229.41
2023-10-07 03:00:00,1959.6,1961.4,1954.0,1960.5,110.934
2023-10-07 07:00:00,1960.4,1966.0,1958.3,1964.7,100.859
2023-10-07 11:00:00,1964.7,1969.0,1963.1,1967.5,142.157
2023-10-07 15:00:00,1967.3,1967.9,1962.6,1967.0,122.735
2023-10-07 19:00:00,1967.0,1973.3,1964.8,1972.4,237.692
2023-10-07 23:00:00,1972.6,1974.8,1968.6,1973.8,209.603
2023-10-08 03:00:00,1973.9,1977.3,1968.0,1974.0,288.259
2023-10-08 07:00:00,1973.8,1977.1,1971.3,1975.2,183.647
2023-10-08 11:00:00,1975.2,1983.5,1974.1,1980.4,277.322
2023-10-08 15:00:00,1980.1,1980.6,1968.1,1974.5,264.444
2023-10-08 19:00:00,1974.2,1974.7,1966.1,1969.3,239.344
2023-10-08 23:00:00,1969.4,1977.5,1966.9,1975.8,96.61
2023-10-09 03:00:00,1975.8,1979.2,1972.1,1973.1,191.775
2023-10-09 07:00:00,1973.1,1984.9,1971.4,1982.3,171.769
2023-10-09 11:00:00,1982.1,2007.9,1980.8,2000.5,655.773
2023-10-09 15:00:00,2000.6,2004.0,1994.5,2001.4,469.529
2023-10-09 19:00:00,2001.4,2037.6,2000.8,2015.7,1561.117
2023-10-09 23:00:00,2015.7,2021.2,2014.8,2017.6,207.666
2023-10-10 03:00:00,2017.5,2024.1,2013.4,2017.1,643.593
2023-10-10 07:00:00,2017.1,2019.3,2009.0,2010.8,398.932
2023-10-10 11:00:00,2010.8,2017.8,2009.1,2016.0,246.103
2023-10-10 15:00:00,2015.9,2020.9,2009.6,2018.1,270.385
2023-10-10 19:00:00,2018.2,2024.1,2013.6,2017.0,222.789
2023-10-10 23:00:00,2017.0,2027.7,2013.9,2014.9,135.543
2023-10-11 03:00:00,2015.0,2021.3,2004.3,2005.7,236.491
2023-10-11 07:00:00,2005.7,2015.9,2003.3,2006.1,168.748
2023-10-11 11:00:00,2006.1,2009.9,1999.4,2001.9,215.649
2023-10-11 15:00:00,2001.7,2003.2,1987.9,1987.9,336.755
2023-10-11 19:00:00,1987.9,1989.9,1978.8,1983.6,457.51
2023-10-11 23:00:00,1983.6,1985.5,1977.4,1985.3,159.886
2023-10-12 03:00:00,1985.4,1993.0,1984.5,1990.4,198.459
2023-10-12 07:00:00,1990.4,1994.5,1988.5,1991.8,112.505
2023-10-12 11:00:00,1992.1,2011.7,1991.3,2002.2,355.531
2023-10-12 15:00:00,2002.2,2004.6,1997.2,2000.5,140.027
2023-10-12 19:00:00,2000.7,2030.0,2000.1,2011.8,319.46
2023-10-12 23:00:00,2011.9,2014.3,2004.0,2006.9,125.643
2023-10-13 03:00:00,2007.0,2010.7,2002.2,2010.5,119.1
2023-10-13 07:00:00,2010.6,2013.3,2004.1,2004.8,159.576
2023-10-13 11:00:00,2004.8,2005.5,2000.1,2003.5,125.615
2023-10-13 15:00:00,2003.4,2005.5,1998.7,2002.2,124.29
2023-10-13 19:00:00,2002.2,2003.1,1998.3,1999.8,51.819
2023-10-13 23:00:00,1999.7,2005.2,1989.1,1997.4,251.657
2023-10-14 03:00:00,1997.4,2002.0,1995.4,1998.6,96.266
2023-10-14 07:00:00,1998.6,2002.5,1996.1,2002.0,70.531
2023-10-14 11:00:00,2001.9,2003.1,2000.1,2001.6,127.057
2023-10-14 15:00:00,2001.7,2002.0,1994.5,1995.4,75.99
2023-10-14 19:00:00,1995.9,1998.0,1991.0,1991.6,78.422
2023-10-14 23:00:00,1991.5,1992.4,1988.4,1991.1,104.567
2023-10-15 03:00:00,1991.1,1995.7,1989.4,1994.3,265.446
2023-10-15 07:00:00,1994.4,1998.5,1993.8,1993.9,77.365
2023-10-15 11:00:00,1993.9,1995.2,1990.1,1992.2,88.664
2023-10-15 15:00:00,1992.2,1997.3,1990.2,1993.6,210.551
2023-10-15 19:00:00,1993.7,1998.3,1990.3,1996.0,95.837
2023-10-15 23:00:00,1996.1,2009.6,1995.4,2007.6,278.902
2023-10-16 03:00:00,2007.7,2008.8,2003.2,2007.3,117.099
2023-10-16 07:00:00,2007.5,2030.9,2005.4,2026.6,791.206
2023-10-16 11:00:00,2026.8,2028.0,2014.4,2018.4,210.719
2023-10-16 15:00:00,2018.2,2130.9,2016.2,2045.2,2717.345
2023-10-16 19:00:00,2045.2,2068.2,2044.2,2056.1,1080.154
2023-10-16 23:00:00,2056.4,2063.5,2046.4,2053.9,257.63
2023-10-17 03:00:00,2053.8,2056.0,2043.3,2047.9,140.936
2023-10-17 07:00:00,2047.9,2059.1,2039.7,2057.7,131.525
2023-10-17 11:00:00,2057.7,2071.9,2054.2,2064.3,403.414
2023-10-17 15:00:00,2064.6,2086.0,2059.7,2078.9,618.694
2023-10-17 19:00:00,2078.9,2096.1,2077.3,2093.6,327.09
2023-10-17 23:00:00,2093.7,2095.8,2082.9,2084.8,204.49
2023-10-18 03:00:00,2084.8,2092.7,2078.5,2088.8,357.011
2023-10-18 07:00:00,2088.9,2107.5,2085.0,2087.8,372.326
2023-10-18 11:00:00,2087.4,2088.3,2066.9,2067.8,283.254
2023-10-18 15:00:00,2067.8,2075.5,2065.7,2070.9,214.792
2023-10-18 19:00:00,2071.2,2082.5,2070.6,2080.9,137.295
2023-10-18 23:00:00,2080.2,2092.6,2078.3,2087.1,158.284
2023-10-19 03:00:00,2087.1,2101.8,2085.9,2099.4,250.571
2023-10-19 07:00:00,2099.5,2104.0,2095.0,2101.8,326.736
2023-10-19 11:00:00,2101.9,2109.9,2099.3,2104.4,445.501
2023-10-19 15:00:00,2104.2,2120.4,2101.3,2111.8,598.709
2023-10-19 19:00:00,2111.7,2115.8,2100.0,2107.5,228.799
2023-10-19 23:00:00,2107.8,2109.6,2092.1,2093.3,340.485
2023-10-20 03:00:00,2093.3,2111.9,2086.0,2106.6,372.196
2023-10-20 07:00:00,2106.5,2120.2,2105.7,2114.2,740.414
2023-10-20 11:00:00,2114.2,2126.7,2107.5,2119.7,631.442
2023-10-20 15:00:00,2119.7,2121.7,2103.0,2107.9,378.395
2023-10-20 19:00:00,2107.9,2110.8,2099.0,2106.0,192.88
2023-10-20 23:00:00,2106.0,2122.6,2104.2,2121.3,175.446
2023-10-21 03:00:00,2121.2,2122.6,2115.2,2120.1,114.868
2023-10-21 07:00:00,2120.2,2120.8,2111.4,2111.6,112.917
2023-10-21 11:00:00,2111.6,2120.5,2109.0,2112.2,136.554
2023-10-21 15:00:00,2112.3,2114.9,2096.1,2097.6,213.984
2023-10-21 19:00:00,2097.5,2108.2,2092.4,2103.6,315.607
2023-10-21 23:00:00,2103.3,2103.3,2092.1,2093.3,198.686
2023-10-22 03:00:00,2093.3,2100.5,2087.6,2093.2,463.732
2023-10-22 07:00:00,2093.2,2096.9,2086.1,2089.6,233.078
2023-10-22 11:00:00,2089.7,2104.8,2088.2,2103.8,310.206
2023-10-22 15:00:00,2103.7,2103.9,2093.9,2096.8,207.745
2023-10-22 19:00:00,2096.6,2097.7,2084.8,2085.0,143.964
2023-10-22 23:00:00,2085.1,2085.9,2060.7,2064.8,428.996
2023-10-23 03:00:00,2064.7,2079.4,2057.6,2078.4,485.774
2023-10-23 07:00:00,2078.6,2089.5,2070.4,2084.7,447.073
2023-10-23 11:00:00,2084.7,2093.3,2079.1,2087.8,242.32
2023-10-23 15:00:00,2087.9,2106.6,2086.8,2106.5,311.087
2023-10-23 19:00:00,2106.3,2114.9,2088.6,2101.9,428.436
2023-10-23 23:00:00,2101.2,2378.9,2100.3,2149.6,3491.654
2023-10-24 03:00:00,2149.7,2232.3,2140.1,2180.2,1859.631
2023-10-24 07:00:00,2181.2,2198.1,2169.0,2187.7,756.544
2023-10-24 11:00:00,2187.2,2205.0,2176.6,2177.2,477.7
2023-10-24 15:00:00,2177.5,2197.9,2166.6,2191.0,1073.932
2023-10-24 19:00:00,2192.0,2213.5,2191.0,2196.3,513.297
2023-10-24 23:00:00,2196.1,2216.6,2189.0,2196.3,339.583
2023-10-25 03:00:00,2196.6,2201.8,2187.8,2195.2,242.839
2023-10-25 07:00:00,2195.1,2214.0,2193.8,2211.0,242.278
2023-10-25 11:00:00,2211.0,2220.5,2206.8,2214.5,330.584
2023-10-25 15:00:00,2214.9,2230.0,2212.2,2224.2,420.901
2023-10-25 19:00:00,2224.4,2241.2,2223.1,2241.0,290.431
2023-10-25 23:00:00,2240.6,2243.9,2223.4,2227.1,280.551
2023-10-26 03:00:00,2227.1,2239.9,2213.5,2213.5,303.446
2023-10-26 07:00:00,2213.3,2223.4,2174.4,2176.6,634.453
2023-10-26 11:00:00,2176.3,2186.3,2163.8,2179.5,767.447
2023-10-26 15:00:00,2179.4,2223.3,2172.8,2217.4,645.108
2023-10-26 19:00:00,2217.5,2223.7,2196.4,2202.1,325.267
2023-10-26 23:00:00,2202.2,2205.1,2189.2,2192.4,154.161
2023-10-27 03:00:00,2192.3,2210.0,2190.0,2204.0,249.762
2023-10-27 07:00:00,2203.5,2211.4,2197.8,2208.2,109.801
2023-10-27 11:00:00,2209.5,2211.6,2199.6,2202.3,114.657
2023-10-27 15:00:00,2202.8,2204.9,2190.1,2195.7,184.15
2023-10-27 19:00:00,2196.2,2213.4,2194.3,2195.1,199.581
2023-10-27 23:00:00,2195.3,2205.9,2193.5,2204.8,74.223
2023-10-28 03:00:00,2204.3,2205.0,2195.4,2196.3,85.467
2023-10-28 07:00:00,2196.4,2202.2,2194.7,2197.7,71.167
2023-10-28 11:00:00,2197.4,2209.4,2195.8,2205.5,127.147
2023-10-28 15:00:00,2205.9,2209.7,2202.8,2206.4,98.196
2023-10-28 19:00:00,2206.0,2216.6,2205.7,2216.5,84.584
2023-10-28 23:00:00,2216.6,2218.6,2209.3,2213.0,135.889
2023-10-29 03:00:00,2213.0,2224.5,2207.2,2210.9,150.813
2023-10-29 07:00:00,2211.2,2212.1,2204.4,2204.4,80.159
2023-10-29 11:00:00,2204.3,2210.4,2202.1,2208.1,106.531
2023-10-29 15:00:00,2208.3,2216.1,2205.3,2211.0,186.901
2023-10-29 19:00:00,2211.1,2220.5,2206.9,2214.9,122.347
2023-10-29 23:00:00,2214.8,2215.7,2206.6,2211.0,76.952
2023-10-30 03:00:00,2211.1,2215.2,2193.6,2208.1,722.433
2023-10-30 07:00:00,2208.1,2214.8,2203.0,2204.6,88.664
2023-10-30 11:00:00,2205.0,2205.9,2175.6,2191.2,731.254
2023-10-30 15:00:00,2191.8,2198.4,2180.0,2183.2,416.753
2023-10-30 19:00:00,2183.2,2193.6,2177.6,2183.1,153.322
2023-10-30 23:00:00,2184.0,2186.1,2177.4,2179.3,63.606
2023-10-31 03:00:00,2179.4,2181.0,2169.1,2175.2,114.415
2023-10-31 07:00:00,2175.1,2180.6,2170.5,2180.6,89.141
2023-10-31 11:00:00,2180.7,2185.9,2161.4,2165.8,253.541
2023-10-31 15:00:00,2165.9,2196.9,2160.6,2186.0,222.847
2023-10-31 19:00:00,2186.8,2189.7,2176.5,2179.9,144.898
2023-10-31 23:00:00,2180.9,2185.3,2175.6,2177.0,74.757
2023-11-01 03:00:00,2176.9,2178.6,2161.0,2174.7,107.052
2023-11-01 07:00:00,2174.1,2187.7,2174.0,2180.3,68.286
2023-11-01 11:00:00,2181.3,2187.5,2176.7,2181.0,85.759
2023-11-01 15:00:00,2180.6,2196.7,2174.5,2180.4,307.294
2023-11-01 19:00:00,2180.4,2184.9,2131.2,2141.4,461.301
2023-11-01 23:00:00,2141.4,2185.2,2132.8,2180.0,464.16
2023-11-02 03:00:00,2179.8,2190.6,2167.2,2174.5,177.191
2023-11-02 07:00:00,2173.9,2181.7,2169.3,2178.8,110.24
2023-11-02 11:00:00,2178.1,2184.5,2173.4,2174.0,252.885
2023-11-02 15:00:00,2174.4,2182.5,2160.0,2178.6,317.723
2023-11-02 19:00:00,2179.1,2186.5,2176.0,2178.5,143.91
2023-11-02 23:00:00,2178.8,2190.6,2177.6,2187.8,90.163
2023-11-03 03:00:00,2188.2,2198.4,2184.0,2186.3,780.005
2023-11-03 07:00:00,2186.7,2190.0,2164.9,2169.7,199.391
2023-11-03 11:00:00,2169.7,2172.2,2163.2,2165.6,120.03
2023-11-03 15:00:00,2165.6,2178.5,2162.9,2170.3,128.691
2023-11-03 19:00:00,2170.2,2171.1,2154.7,2157.5,85.766
2023-11-03 23:00:00,2157.1,2157.7,2146.0,2152.0,139.436
2023-11-04 03:00:00,2152.1,2158.5,2141.7,2144.0,196.279
2023-11-04 07:00:00,2143.5,2158.8,2143.0,2145.5,181.289
2023-11-04 11:00:00,2145.6,2147.6,2133.0,2139.0,220.218
2023-11-04 15:00:00,2139.9,2150.2,2137.5,2148.1,160.379
2023-11-04 19:00:00,2148.0,2149.4,2138.0,2141.3,162.944
2023-11-04 23:00:00,2141.2,2150.9,2135.7,2140.1,184.102
2023-11-05 03:00:00,2140.4,2144.0,2113.2,2117.9,290.093
2023-11-05 07:00:00,2117.0,2121.7,2110.1,2113.9,267.847
2023-11-05 11:00:00,2113.7,2117.9,2095.9,2100.4,337.396
2023-11-05 15:00:00,2099.9,2116.4,2093.6,2105.3,289.234
2023-11-05 19:00:00,2105.4,2106.4,2085.2,2094.6,254.185
2023-11-05 23:00:00,2094.6,2105.2,2087.1,2088.7,208.433
2023-11-06 03:00:00,2088.6,2088.8,2070.9,2083.8,485.735
2023-11-06 07:00:00,2083.1,2096.5,2082.6,2088.0,150.9
2023-11-06 11:00:00,2088.0,2092.3,2081.0,2082.6,157.932
2023-11-06 15:00:00,2082.7,2085.0,2053.0,2061.8,448.514
2023-11-06 19:00:00,2061.9,2069.1,2053.8,2053.8,261.45
2023-11-06 23:00:00,2054.0,2062.3,2043.0,2045.5,206.822
2023-11-07 03:00:00,2045.8,2072.9,2045.4,2062.3,377.198
2023-11-07 07:00:00,2062.1,2065.0,2055.2,2058.2,327.477
2023-11-07 11:00:00,2058.7,2074.6,2055.3,2065.9,240.464
2023-11-07 15:00:00,2065.6,2092.0,2062.8,2087.8,280.521
2023-11-07 19:00:00,2087.4,2099.1,2078.3,2087.3,328.229
2023-11-07 23:00:00,2087.1,2105.1,2083.6,2097.6,265.098
2023-11-08 03:00:00,2096.6,2098.4,2083.3,2088.5,252.561
2023-11-08 07:00:00,2089.3,2093.9,2086.8,2090.8,95.91
2023-11-08 11:00:00,2090.7,2093.6,2083.3,2087.3,134.27
2023-11-08 15:00:00,2087.3,2091.3,2077.2,2077.2,165.866
2023-11-08 19:00:00,2077.2,2088.2,2069.8,2084.7,254.108
2023-11-08 23:00:00,2085.2,2110.7,2082.5,2092.5,255.198
2023-11-09 03:00:00,2092.9,2117.9,2089.9,2108.3,480.571
2023-11-09 07:00:00,2109.0,2124.0,2108.9,2121.4,353.534
2023-11-09 11:00:00,2121.9,2129.6,2114.2,2126.8,234.121
2023-11-09 15:00:00,2126.7,2168.6,2061.5,2066.0,1449.736
2023-11-09 19:00:00,2065.0,2130.3,2055.8,2075.4,1163.604
2023-11-09 23:00:00,2074.8,2081.2,2011.4,2015.2,852.435
2023-11-10 03:00:00,2014.6,2023.3,2006.0,2010.4,460.663
2023-11-10 07:00:00,2010.5,2021.1,2001.5,2013.0,340.589
2023-11-10 11:00:00,2013.0,2033.2,1994.0,2030.8,692.226
2023-11-10 15:00:00,2030.9,2063.1,2030.0,2055.6,256.132
2023-11-10 19:00:00,2049.7,2056.2,2034.2,2044.0,241.739
2023-11-10 23:00:00,2043.8,2047.8,2037.7,2041.9,128.262
2023-11-11 03:00:00,2041.5,2066.3,2039.7,2061.2,288.666
2023-11-11 07:00:00,2061.0,2074.2,2044.1,2049.1,150.796
2023-11-11 11:00:00,2049.2,2050.8,2031.5,2040.8,147.24
2023-11-11 15:00:00,2040.8,2045.0,2014.0,2015.9,319.039
2023-11-11 19:00:00,2016.1,2023.4,2002.9,2012.9,307.888
2023-11-11 23:00:00,2012.8,2042.1,2012.8,2040.0,293.259
2023-11-12 03:00:00,2040.1,2069.6,2036.8,2039.6,376.988
2023-11-12 07:00:00,2039.6,2048.8,2028.2,2029.4,203.484
2023-11-12 11:00:00,2029.1,2040.1,2024.6,2035.0,268.198
2023-11-12 15:00:00,2034.4,2044.1,2033.1,2037.5,277.331
2023-11-12 19:00:00,2037.5,2049.3,2036.6,2043.4,104.435
2023-11-12 23:00:00,2043.0,2047.8,2029.2,2039.4,195.199
2023-11-13 03:00:00,2040.2,2046.8,2018.1,2041.6,271.594
2023-11-13 07:00:00,2041.7,2050.7,2033.2,2037.7,246.445
2023-11-13 11:00:00,2037.2,2045.3,2031.0,2038.7,165.498
2023-11-13 15:00:00,2038.7,2045.1,2003.9,2005.0,642.455
2023-11-13 19:00:00,2005.1,2031.4,1996.9,2009.6,492.284
2023-11-13 23:00:00,2009.9,2047.9,1992.0,2031.5,518.96
2023-11-14 03:00:00,2031.5,2044.4,2023.7,2025.0,205.965
2023-11-14 07:00:00,2025.0,2029.9,2019.2,2023.9,120.792
2023-11-14 11:00:00,2023.9,2041.3,2018.1,2037.0,193.437
2023-11-14 15:00:00,2036.9,2044.0,2015.2,2019.4,373.211
2023-11-14 19:00:00,2019.6,2065.0,2009.5,2031.6,654.224
2023-11-14 23:00:00,2031.3,2037.8,2024.8,2033.8,93.954
2023-11-15 03:00:00,2033.8,2034.7,2023.1,2029.6,127.363
2023-11-15 07:00:00,2029.7,2030.0,2018.4,2018.8,110.145
2023-11-15 11:00:00,2019.0,2032.6,2018.2,2023.7,139.478
2023-11-15 15:00:00,2023.7,2026.5,2010.2,2024.5,212.151
2023-11-15 19:00:00,2024.6,2077.7,2024.5,2059.8,612.73
2023-11-15 23:00:00,2059.3,2080.0,2057.8,2072.2,292.318
2023-11-16 03:00:00,2072.2,2076.9,2050.8,2054.1,262.235
2023-11-16 07:00:00,2053.7,2056.4,2042.9,2045.5,105.358
2023-11-16 11:00:00,2045.5,2059.7,2025.4,2034.9,301.801
2023-11-16 15:00:00,2035.1,2068.6,2034.2,2055.3,348.34
2023-11-16 19:00:00,2055.3,2074.7,2047.2,2054.0,313.871
2023-11-16 23:00:00,2053.6,2093.1,2052.4,2081.7,283.457
2023-11-17 03:00:00,2081.7,2083.1,2068.6,2074.7,197.466
2023-11-17 07:00:00,2074.7,2081.6,2066.0,2077.8,194.638
2023-11-17 11:00:00,2077.8,2095.0,2071.1,2091.2,373.794
2023-11-17 15:00:00,2091.1,2137.3,2090.2,2133.6,1197.676
2023-11-17 19:00:00,2133.3,2151.0,2111.2,2114.6,1035.575
2023-11-17 23:00:00,2114.5,2123.1,2098.3,2104.9,363.624
2023-11-18 03:00:00,2104.9,2122.5,2100.9,2120.7,239.192
2023-11-18 07:00:00,2120.6,2149.5,2115.2,2131.6,615.752
2023-11-18 11:00:00,2132.3,2137.9,2116.6,2125.6,560.53
2023-11-18 15:00:00,2125.6,2141.5,2121.3,2124.7,574.238
2023-11-18 19:00:00,2124.7,2127.4,2104.6,2106.7,1224.298
2023-11-18 23:00:00,2106.2,2112.2,2102.9,2106.4,201.552
2023-11-19 03:00:00,2106.1,2125.6,2106.0,2106.1,253.635
2023-11-19 07:00:00,2106.1,2110.9,2097.2,2100.2,154.259
2023-11-19 11:00:00,2100.1,2108.9,2096.2,2104.1,204.379
2023-11-19 15:00:00,2103.5,2108.1,2091.9,2095.8,222.422
2023-11-19 19:00:00,2095.7,2096.5,2052.6,2092.6,1527.344
2023-11-19 23:00:00,2092.6,2109.4,2091.8,2099.4,188.442
2023-11-20 03:00:00,2099.3,2108.7,2096.6,2097.5,179.486
2023-11-20 07:00:00,2097.7,2102.7,2087.2,2089.1,135.904
2023-11-20 11:00:00,2089.0,2089.9,2065.2,2077.7,312.603
2023-11-20 15:00:00,2077.7,2093.9,2076.4,2091.6,326.306
2023-11-20 19:00:00,2091.6,2105.8,2077.1,2102.6,358.858
2023-11-20 23:00:00,2103.2,2120.6,2008.1,2115.0,787.81
2023-11-21 03:00:00,2115.0,2127.8,2092.4,2112.6,303.395
2023-11-21 07:00:00,2112.6,2121.3,2107.8,2121.2,134.518
2023-11-21 11:00:00,2121.2,2123.9,2107.1,2111.4,202.031
2023-11-21 15:00:00,2111.4,2130.4,2095.0,2114.4,544.079
2023-11-21 19:00:00,2115.0,2168.0,2104.5,2146.8,1571.073
2023-11-21 23:00:00,2147.2,2189.5,2130.3,2147.1,923.408
2023-11-22 03:00:00,2147.1,2147.1,2123.2,2124.8,355.867
2023-11-22 07:00:00,2124.9,2125.0,2113.9,2118.4,227.444
2023-11-22 11:00:00,2118.4,2120.6,2100.4,2105.4,218.348
2023-11-22 15:00:00,2105.3,2110.3,2093.7,2095.8,206.355
2023-11-22 19:00:00,2095.4,2109.3,2083.7,2096.3,280.855
2023-11-22 23:00:00,2096.0,2110.3,2095.7,2107.8,173.443
2023-11-23 03:00:00,2106.9,2113.7,2098.4,2102.4,202.44
2023-11-23 07:00:00,2102.7,2105.7,2080.0,2097.9,259.491
2023-11-23 11:00:00,2097.9,2109.4,2089.4,2102.2,154.899
2023-11-23 15:00:00,2102.3,2107.8,2097.3,2099.5,106.941
2023-11-23 19:00:00,2099.7,2103.0,2095.7,2101.7,95.456
2023-11-23 23:00:00,2101.7,2102.5,2092.8,2098.5,64.878
2023-11-24 03:00:00,2098.3,2098.7,2087.6,2093.7,98.83
2023-11-24 07:00:00,2093.4,2097.6,2088.9,2091.7,61.588
2023-11-24 11:00:00,2091.9,2098.3,2075.7,2094.1,377.401
2023-11-24 15:00:00,2093.8,2105.3,2088.3,2104.0,206.517
2023-11-24 19:00:00,2104.0,2106.6,2091.1,2104.8,128.228
2023-11-24 23:00:00,2104.6,2117.9,2102.9,2105.0,136.351
2023-11-25 03:00:00,2105.1,2110.4,2093.1,2096.3,97.989
2023-11-25 07:00:00,2096.3,2102.6,2094.0,2094.8,81.375
2023-11-25 11:00:00,2094.8,2107.8,2093.4,2104.5,70.365
2023-11-25 15:00:00,2104.9,2105.8,2097.9,2099.3,59.781
2023-11-25 19:00:00,2099.2,2104.2,2095.4,2100.6,40.428
2023-11-25 23:00:00,2100.6,2102.5,2094.1,2094.3,45.93
2023-11-26 03:00:00,2094.2,2103.5,2093.7,2099.3,65.201
2023-11-26 07:00:00,2099.4,2101.8,2090.0,2092.4,57.004
2023-11-26 11:00:00,2092.4,2096.1,2088.1,2091.7,70.779
2023-11-26 15:00:00,2091.6,2100.0,2080.8,2097.9,203.496
2023-11-26 19:00:00,2097.9,2119.1,2097.0,2102.9,222.593
2023-11-26 23:00:00,2102.9,2104.2,2093.7,2100.2,78.773
2023-11-27 03:00:00,2100.2,2114.3,2094.3,2109.1,139.584
2023-11-27 07:00:00,2109.1,2119.4,2106.1,2112.6,129.095
2023-11-27 11:00:00,2112.7,2129.7,2112.0,2120.6,233.857
2023-11-27 15:00:00,2120.6,2131.6,2113.2,2129.6,162.761
2023-11-27 19:00:00,2129.5,2146.1,2126.1,2139.1,318.691
2023-11-27 23:00:00,2139.1,2146.4,2126.1,2129.1,202.212
2023-11-28 03:00:00,2129.8,2134.3,2124.1,2124.3,140.978
2023-11-28 07:00:00,2124.4,2143.5,2122.0,2136.5,170.373
2023-11-28 11:00:00,2136.6,2139.9,2127.5,2130.3,182.827
2023-11-28 15:00:00,2130.5,2135.2,2124.6,2133.8,127.919
2023-11-28 19:00:00,2133.7,2149.0,2130.8,2141.6,303.352
2023-11-28 23:00:00,2141.6,2144.1,2131.1,2134.3,118.852
2023-11-29 03:00:00,2134.2,2145.7,2131.5,2136.4,175.8
2023-11-29 07:00:00,2136.4,2142.6,2133.2,2138.6,67.202
2023-11-29 11:00:00,2138.6,2144.1,2132.4,2142.5,149.172
2023-11-29 15:00:00,2142.5,2150.0,2140.5,2146.8,198.846
2023-11-29 19:00:00,2146.8,2152.0,2139.8,2141.1,101.304
2023-11-29 23:00:00,2141.0,2149.9,2140.4,2149.0,62.793
2023-11-30 03:00:00,2149.0,2151.3,2144.6,2148.0,91.337
2023-11-30 07:00:00,2148.0,2150.9,2143.2,2143.5,99.658
2023-11-30 11:00:00,2143.5,2149.3,2136.1,2136.3,87.165
2023-11-30 15:00:00,2136.2,2141.6,2131.5,2134.3,118.39
2023-11-30 19:00:00,2134.2,2137.2,2132.7,2133.7,39.661
2023-11-30 23:00:00,2133.6,2133.6,2125.2,2126.8,73.967
2023-12-01 03:00:00,2126.7,2131.1,2107.6,2112.1,203.3
2023-12-01 07:00:00,2112.1,2123.8,2110.5,2122.6,118.452
2023-12-01 11:00:00,2122.5,2141.2,2121.2,2137.4,140.112
2023-12-01 15:00:00,2137.2,2142.3,2127.4,2138.8,106.276
2023-12-01 19:00:00,2138.8,2151.1,2138.3,2147.6,168.294
2023-12-01 23:00:00,2147.3,2153.1,2144.6,2147.2,75.401
2023-12-02 03:00:00,2147.2,2148.3,2137.9,2144.1,83.571
2023-12-02 07:00:00,2144.1,2145.4,2130.6,2136.1,87.503
2023-12-02 11:00:00,2136.1,2136.2,2130.7,2135.2,94.57
2023-12-02 15:00:00,2135.2,2143.8,2131.0,2136.5,103.742
2023-12-02 19:00:00,2136.4,2138.8,2103.3,2127.4,463.877
2023-12-02 23:00:00,2127.7,2135.8,2121.9,2123.2,157.488
2023-12-03 03:00:00,2123.4,2125.6,2114.0,2122.9,103.186
2023-12-03 07:00:00,2123.6,2131.2,2122.1,2126.0,77.234
2023-12-03 11:00:00,2125.9,2132.4,2121.5,2129.9,77.386
2023-12-03 15:00:00,2130.2,2151.1,2129.7,2151.0,172.743
2023-12-03 19:00:00,2151.1,2154.9,2136.1,2137.1,103.339
2023-12-03 23:00:00,2137.0,2143.1,2120.6,2140.6,163.23
2023-12-04 03:00:00,2140.6,2158.0,2137.1,2156.6,216.417
2023-12-04 07:00:00,2156.8,2173.4,2147.1,2166.9,254.883
2023-12-04 11:00:00,2166.9,2233.0,2160.8,2195.8,738.722
2023-12-04 15:00:00,2195.2,2222.0,2187.3,2203.5,389.251
2023-12-04 19:00:00,2203.4,2225.2,2201.1,2220.5,190.928
2023-12-04 23:00:00,2220.5,2228.1,2205.1,2205.4,158.529
2023-12-05 03:00:00,2205.6,2215.4,2192.0,2213.9,152.621
2023-12-05 07:00:00,2213.2,2232.8,2210.3,2225.3,123.35
2023-12-05 11:00:00,2225.3,2237.4,2222.9,2231.8,174.537
2023-12-05 15:00:00,2232.0,2249.7,2229.2,2237.8,209.773
2023-12-05 19:00:00,2237.2,2293.8,2236.0,2279.2,728.748
2023-12-05 23:00:00,2279.2,2312.3,2272.3,2283.0,468.719
2023-12-06 03:00:00,2283.0,2283.6,2263.1,2266.1,225.51
2023-12-06 07:00:00,2266.1,2287.7,2259.8,2264.9,106.914
2023-12-06 11:00:00,2265.4,2290.0,2250.4,2286.3,335.151
2023-12-06 15:00:00,2286.5,2302.0,2276.2,2278.9,270.856
2023-12-06 19:00:00,2279.5,2281.0,2268.2,2275.4,187.747
2023-12-06 23:00:00,2275.8,2297.5,2269.4,2296.1,177.796
2023-12-07 03:00:00,2296.2,2297.5,2286.6,2287.6,132.766
2023-12-07 07:00:00,2287.4,2288.3,2266.2,2271.3,174.481
2023-12-07 11:00:00,2271.3,2280.8,2264.0,2265.1,295.513
2023-12-07 15:00:00,2265.1,2266.4,2224.7,2225.0,511.356
2023-12-07 19:00:00,2224.9,2228.3,2190.5,2200.4,633.713
2023-12-07 23:00:00,2200.3,2200.3,2170.8,2177.4,380.084
2023-12-08 03:00:00,2177.3,2182.8,2158.5,2160.9,445.773
2023-12-08 07:00:00,2160.9,2168.4,2151.2,2158.4,376.536
2023-12-08 11:00:00,2158.3,2165.0,2151.5,2160.8,386.787
2023-12-08 15:00:00,2161.1,2176.2,2155.8,2166.9,362.499
2023-12-08 19:00:00,2167.0,2171.7,2158.5,2168.1,188.845
2023-12-08 23:00:00,2168.4,2185.5,2162.9,2166.1,258.749
2023-12-09 03:00:00,2166.0,2167.7,2151.5,2151.9,230.984
2023-12-09 07:00:00,2151.4,2152.8,2119.3,2120.2,857.805
2023-12-09 11:00:00,2120.2,2139.8,2105.3,2126.0,601.603
2023-12-09 15:00:00,2126.0,2150.0,2121.8,2141.7,312.397
2023-12-09 19:00:00,2141.8,2166.2,2138.9,2148.1,355.703
2023-12-09 23:00:00,2147.8,2166.6,2146.2,2157.1,201.326
2023-12-10 03:00:00,2157.5,2158.5,2123.3,2147.1,318.424
2023-12-10 07:00:00,2147.0,2158.9,2143.3,2154.6,128.906
2023-12-10 11:00:00,2154.6,2175.8,2152.8,2163.4,232.126
2023-12-10 15:00:00,2161.8,2163.0,2148.2,2150.8,124.853
2023-12-10 19:00:00,2150.3,2159.1,2141.8,2142.2,114.768
2023-12-10 23:00:00,2142.1,2142.6,2130.6,2139.5,113.25
2023-12-11 03:00:00,2139.5,2321.9,2107.5,2165.0,2551.233
2023-12-11 07:00:00,2164.1,2179.5,2150.0,2178.1,334.467
2023-12-11 11:00:00,2177.7,2183.4,2168.4,2170.6,231.153
2023-12-11 15:00:00,2170.6,2177.4,2156.8,2166.0,168.379
2023-12-11 19:00:00,2165.9,2173.0,2137.0,2141.0,421.435
2023-12-11 23:00:00,2141.0,2141.3,2127.6,2130.4,177.502
2023-12-12 03:00:00,2129.8,2147.3,2123.6,2138.7,118.403
2023-12-12 07:00:00,2139.1,2145.5,2133.1,2141.2,89.464
2023-12-12 11:00:00,2141.2,2149.7,2140.2,2145.0,88.588
2023-12-12 15:00:00,2144.8,2151.0,2132.1,2145.2,185.941
2023-12-12 19:00:00,2145.1,2158.2,2141.0,2151.2,175.811
2023-12-12 23:00:00,2151.0,2160.0,2145.7,2146.4,152.419
2023-12-13 03:00:00,2146.6,2165.9,2139.5,2160.2,255.286
2023-12-13 07:00:00,2161.0,2184.7,2158.5,2171.5,215.666
2023-12-13 11:00:00,2171.8,2173.0,2160.8,2163.7,151.275
2023-12-13 15:00:00,2163.8,2166.6,2154.6,2162.3,196.498
2023-12-13 19:00:00,2162.3,2180.3,2162.2,2165.7,261.003
2023-12-13 23:00:00,2166.3,2175.1,2163.1,2164.7,211.512
2023-12-14 03:00:00,2164.7,2174.3,2160.8,2169.3,122.191
2023-12-14 07:00:00,2169.3,2174.5,2154.9,2156.5,115.025
2023-12-14 11:00:00,2156.4,2161.4,2148.4,2150.1,178.616
2023-12-14 15:00:00,2150.4,2157.4,2137.0,2144.1,445.58
2023-12-14 19:00:00,2144.0,2161.9,2137.0,2156.6,248.137
2023-12-14 23:00:00,2156.9,2158.0,2125.7,2130.8,240.982
2023-12-15 03:00:00,2130.7,2145.6,2120.0,2145.4,135.931
2023-12-15 07:00:00,2145.3,2154.0,2142.1,2150.5,96.789
2023-12-15 11:00:00,2150.5,2152.3,2141.5,2144.6,128.62
2023-12-15 15:00:00,2144.7,2159.7,2132.0,2140.8,272.24
2023-12-15 19:00:00,2140.2,2143.8,2131.0,2142.2,181.287
2023-12-15 23:00:00,2142.5,2177.6,2140.3,2166.0,281.246
2023-12-16 03:00:00,2166.0,2171.4,2151.0,2156.1,255.56
2023-12-16 07:00:00,2155.9,2157.5,2148.4,2152.8,67.917
2023-12-16 11:00:00,2152.7,2154.4,2146.3,2146.3,125.461
2023-12-16 15:00:00,2146.4,2156.6,2145.2,2153.6,112.934
2023-12-16 19:00:00,2153.9,2169.3,2150.7,2163.3,193.652
2023-12-16 23:00:00,2162.8,2168.5,2157.5,2161.5,88.382
2023-12-17 03:00:00,2161.7,2164.5,2152.4,2153.8,73.338
2023-12-17 07:00:00,2153.8,2171.5,2151.6,2169.8,97.575
2023-12-17 11:00:00,2170.2,2170.7,2158.7,2162.2,70.047
2023-12-17 15:00:00,2162.4,2172.0,2152.9,2152.9,175.574
2023-12-17 19:00:00,2152.9,2164.3,2152.8,2158.8,94.671
2023-12-17 23:00:00,2158.7,2167.7,2148.4,2160.2,90.926
2023-12-18 03:00:00,2160.6,2175.2,2151.8,2170.5,147.396
2023-12-18 07:00:00,2170.6,2186.4,2168.8,2184.2,191.648
2023-12-18 11:00:00,2184.2,2214.8,2179.4,2206.3,793.919
2023-12-18 15:00:00,2206.2,2211.1,2195.5,2197.1,383.267
2023-12-18 19:00:00,2197.4,2203.7,2192.2,2194.5,148.904
2023-12-18 23:00:00,2194.4,2206.3,2194.1,2197.9,232.032
2023-12-19 03:00:00,2197.9,2208.6,2187.8,2204.3,228.078
2023-12-19 07:00:00,2203.9,2205.1,2189.0,2194.3,150.739
2023-12-19 11:00:00,2193.7,2206.7,2192.3,2202.2,171.305
2023-12-19 15:00:00,2202.2,2216.6,2197.5,2212.8,239.712
2023-12-19 19:00:00,2212.6,2226.9,2205.6,2213.1,229.208
2023-12-19 23:00:00,2214.0,2221.3,2208.6,2212.2,78.247
2023-12-20 03:00:00,2212.1,2220.2,2207.1,2208.7,92.981
2023-12-20 07:00:00,2208.9,2215.3,2200.3,2206.1,108.474
2023-12-20 11:00:00,2206.1,2210.2,2194.2,2205.4,124.123
2023-12-20 15:00:00,2205.2,2236.1,2200.1,2225.6,344.815
2023-12-20 19:00:00,2225.7,2246.0,2218.5,2239.0,196.484
2023-12-20 23:00:00,2239.1,2259.3,2236.7,2237.7,252.573
2023-12-21 03:00:00,2237.7,2253.9,2229.1,2235.7,126.193
2023-12-21 07:00:00,2236.2,2237.6,2221.7,2223.3,77.076
2023-12-21 11:00:00,2222.8,2226.7,2196.9,2199.0,218.141
2023-12-21 15:00:00,2199.0,2212.2,2188.1,2207.2,262.963
2023-12-21 19:00:00,2207.2,2208.6,2169.1,2181.2,224.119
2023-12-21 23:00:00,2181.3,2186.2,2174.0,2174.8,126.024
2023-12-22 03:00:00,2174.8,2177.9,2164.2,2171.6,162.446
2023-12-22 07:00:00,2171.6,2174.7,2152.3,2155.5,344.882
2023-12-22 11:00:00,2155.3,2156.3,2125.0,2132.6,355.401
2023-12-22 15:00:00,2132.6,2142.4,2115.7,2122.0,329.247
2023-12-22 19:00:00,2122.1,2131.6,2110.5,2125.4,221.827
2023-12-22 23:00:00,2125.5,2129.7,2117.7,2126.2,116.136
2023-12-23 03:00:00,2126.8,2162.1,2122.0,2157.8,293.205
2023-12-23 07:00:00,2157.8,2160.7,2143.4,2149.0,129.375
2023-12-23 11:00:00,2149.0,2152.2,2142.0,2144.0,198.568
2023-12-23 15:00:00,2144.0,2155.5,2140.3,2147.7,207.005
2023-12-23 19:00:00,2148.0,2149.2,2126.3,2132.5,162.607
2023-12-23 23:00:00,2132.7,2138.2,2104.4,2110.8,145.383
2023-12-24 03:00:00,2111.2,2124.3,2095.7,2099.9,328.283
2023-12-24 07:00:00,2100.2,2121.5,2095.7,2109.7,292.97
2023-12-24 11:00:00,2109.7,2124.3,2105.1,2112.8,201.244
2023-12-24 15:00:00,2112.3,2116.7,2105.7,2106.7,155.588
2023-12-24 19:00:00,2106.7,2109.0,2099.9,2102.1,131.342
2023-12-24 23:00:00,2102.1,2116.7,2098.8,2104.2,328.829
2023-12-25 03:00:00,2104.2,2112.2,2097.6,2100.6,209.555
2023-12-25 07:00:00,2100.2,2102.1,2092.7,2096.3,95.437
2023-12-25 11:00:00,2096.2,2103.0,2089.7,2091.8,156.852
2023-12-25 15:00:00,2091.9,2106.9,2088.0,2092.3,237.225
2023-12-25 19:00:00,2091.9,2104.1,2084.9,2092.5,222.687
2023-12-25 23:00:00,2092.6,2106.1,2091.5,2096.2,152.43
2023-12-26 03:00:00,2096.2,2100.0,2088.0,2091.6,114.128
2023-12-26 07:00:00,2091.8,2109.0,2082.2,2093.3,314.695
2023-12-26 11:00:00,2094.0,2096.3,2070.8,2071.2,492.811
2023-12-26 15:00:00,2071.2,2074.4,2056.7,2069.6,421.236
2023-12-26 19:00:00,2068.7,2107.0,2059.2,2077.3,581.077
2023-12-26 23:00:00,2077.3,2077.3,2065.1,2066.0,207.2
2023-12-27 03:00:00,2065.6,2085.7,2065.5,2081.1,239.764
2023-12-27 07:00:00,2081.6,2081.8,2070.9,2072.8,100.612
2023-12-27 11:00:00,2072.3,2074.3,2047.6,2049.0,494.951
2023-12-27 15:00:00,2049.0,2051.1,2010.6,2018.1,519.506
2023-12-27 19:00:00,2018.9,2020.5,2004.4,2017.3,432.011
2023-12-27 23:00:00,2017.3,2031.0,2006.1,2012.3,306.86
2023-12-28 03:00:00,2011.9,2013.5,1978.0,1989.5,820.843
2023-12-28 07:00:00,1989.3,1999.4,1983.9,1987.8,571.411
2023-12-28 11:00:00,1988.6,1990.1,1970.6,1973.3,394.622
2023-12-28 15:00:00,1973.3,2005.7,1970.1,1988.6,819.837
2023-12-28 19:00:00,1988.6,1994.7,1979.2,1985.5,256.733
2023-12-28 23:00:00,1985.6,2007.8,1985.5,2002.1,212.779
2023-12-29 03:00:00,2002.2,2013.4,1996.4,2001.3,421.446
2023-12-29 07:00:00,2002.1,2004.8,1983.5,2002.9,238.904
2023-12-29 11:00:00,2002.1,2002.5,1987.1,1996.1,172.095
2023-12-29 15:00:00,1996.8,2008.1,1990.8,2002.6,253.405
2023-12-29 19:00:00,2002.2,2017.3,1997.0,1998.7,408.262
2023-12-29 23:00:00,1999.0,2019.6,1998.6,2009.0,221.473
2023-12-30 03:00:00,2008.9,2011.6,1998.6,2006.9,130.693
2023-12-30 07:00:00,2007.5,2007.5,1997.6,2002.5,95.566
2023-12-30 11:00:00,2002.3,2015.2,2001.6,2010.6,177.38
2023-12-30 15:00:00,2010.7,2017.2,2006.7,2008.8,128.345
2023-12-30 19:00:00,2008.9,2021.8,2008.8,2020.0,120.135
2023-12-30 23:00:00,2020.0,2028.2,2013.7,2019.4,79.256
2023-12-31 03:00:00,2018.9,2029.7,2018.0,2028.2,88.969
2023-12-31 07:00:00,2028.2,2028.3,2018.8,2022.5,96.287
2023-12-31 11:00:00,2022.4,2032.1,2013.4,2018.2,131.44
2023-12-31 15:00:00,2018.2,2026.8,2011.5,2024.2,97.643
2023-12-31 19:00:00,2024.3,2032.2,2019.4,2029.3,184.177
2023-12-31 23:00:00,2029.1,2052.9,2028.2,2034.3,395.751
2024-01-01 03:00:00,2034.3,2049.1,2030.9,2043.1,427.288
2024-01-01 07:00:00,2043.7,2049.5,2031.8,2038.4,328.076
2024-01-01 11:00:00,2039.3,2042.5,2031.8,2035.2,117.564
2024-01-01 15:00:00,2035.3,2037.8,2023.3,2024.4,96.84
2024-01-01 19:00:00,2024.4,2037.4,2021.9,2036.1,109.46
2024-01-01 23:00:00,2036.4,2060.2,2036.1,2057.3,195.3
2024-01-02 03:00:00,2057.5,2096.8,2056.4,2087.4,543.143
2024-01-02 07:00:00,2087.7,2098.0,2075.0,2088.3,238.055
2024-01-02 11:00:00,2088.5,2095.5,2073.4,2084.2,220.556
2024-01-02 15:00:00,2084.7,2113.4,2078.9,2112.2,379.189
2024-01-02 19:00:00,2112.2,2120.0,2097.5,2101.0,204.317
2024-01-02 23:00:00,2101.0,2110.3,2095.2,2108.5,174.029
2024-01-03 03:00:00,2108.9,2114.1,2101.9,2111.1,158.389
2024-01-03 07:00:00,2111.3,2111.6,2091.1,2094.6,128.773
2024-01-03 11:00:00,2094.8,2098.2,2074.5,2082.0,268.292
2024-01-03 15:00:00,2082.0,2228.0,2067.4,2126.0,2810.746
2024-01-03 19:00:00,2125.1,2150.7,2121.8,2139.4,918.99
2024-01-03 23:00:00,2139.6,2144.8,2123.3,2141.7,382.742
2024-01-04 03:00:00,2142.0,2151.3,2134.8,2135.9,405.576
2024-01-04 07:00:00,2135.9,2136.0,2116.6,2131.4,290.429
2024-01-04 11:00:00,2131.2,2148.9,2129.4,2146.5,358.052
2024-01-04 15:00:00,2146.4,2160.3,2127.7,2141.7,405.756
2024-01-04 19:00:00,2141.8,2150.4,2138.4,2139.9,152.898
2024-01-04 23:00:00,2139.8,2166.2,2133.6,2152.6,363.19
2024-01-05 03:00:00,2152.3,2166.1,2125.4,2153.4,459.255
2024-01-05 07:00:00,2153.8,2166.2,2146.4,2164.0,252.565
2024-01-05 11:00:00,2163.6,2182.0,2161.3,2178.9,206.342
2024-01-05 15:00:00,2179.0,2198.8,2176.1,2189.9,549.494
2024-01-05 19:00:00,2190.3,2200.1,2181.5,2188.3,440.632
2024-01-05 23:00:00,2188.6,2201.0,2180.8,2185.3,345.425
2024-01-06 03:00:00,2184.8,2200.0,2184.3,2193.0,199.829
2024-01-06 07:00:00,2193.5,2241.4,2191.9,2216.7,977.942
2024-01-06 11:00:00,2216.6,2220.8,2199.6,2209.3,348.678
2024-01-06 15:00:00,2209.7,2219.0,2203.6,2206.7,432.748
2024-01-06 19:00:00,2206.6,2219.6,2205.5,2215.9,188.965
2024-01-06 23:00:00,2216.0,2232.5,2213.0,2225.9,177.954
2024-01-07 03:00:00,2225.9,2232.2,2214.8,2223.6,266.241
2024-01-07 07:00:00,2223.5,2223.9,2210.5,2215.0,187.912
2024-01-07 11:00:00,2214.7,2234.3,2214.1,2230.1,345.757
2024-01-07 15:00:00,2230.1,2242.1,2226.1,2235.5,302.386
2024-01-07 19:00:00,2235.6,2248.1,2231.0,2237.6,292.635
2024-01-07 23:00:00,2237.7,2279.2,2234.8,2265.7,857.58
2024-01-08 03:00:00,2265.8,2307.3,2246.2,2289.4,1921.856
2024-01-08 07:00:00,2289.4,2292.5,2264.3,2268.0,878.49
2024-01-08 11:00:00,2267.9,2282.8,2257.7,2279.5,545.406
2024-01-08 15:00:00,2279.2,2288.4,2260.2,2265.3,1196.873
2024-01-08 19:00:00,2265.3,2306.0,2263.0,2282.9,1238.265
2024-01-08 23:00:00,2283.2,2307.2,2281.0,2298.1,343.64
2024-01-09 03:00:00,2298.8,2320.9,2297.9,2318.5,480.238
2024-01-09 07:00:00,2318.5,2319.4,2290.9,2304.7,345.142
2024-01-09 11:00:00,2304.7,2322.3,2288.4,2308.7,586.776
2024-01-09 15:00:00,2308.7,2364.5,2288.0,2362.8,1938.496
2024-01-09 19:00:00,2362.2,2372.1,2331.9,2352.4,1223.781
2024-01-09 23:00:00,2352.4,2380.0,2244.2,2272.9,3173.533
2024-01-10 03:00:00,2272.9,2275.9,2231.9,2263.1,838.695
2024-01-10 07:00:00,2263.5,2267.3,2240.9,2251.6,329.063
2024-01-10 11:00:00,2251.6,2257.5,2199.3,2217.8,755.552
2024-01-10 15:00:00,2217.8,2240.2,2195.2,2208.1,899.998
2024-01-10 19:00:00,2208.2,2253.4,2198.7,2223.1,648.467
2024-01-10 23:00:00,2222.8,2229.1,2124.0,2132.4,2260.086
2024-01-11 03:00:00,2132.4,2138.6,2107.0,2107.2,843.903
2024-01-11 07:00:00,2107.6,2116.1,2097.2,2107.8,623.066
2024-01-11 11:00:00,2107.4,2109.4,2083.1,2089.4,961.23
2024-01-11 15:00:00,2089.5,2168.7,2088.4,2115.2,2224.276
2024-01-11 19:00:00,2117.0,2120.1,2008.3,2106.8,2939.987
2024-01-11 23:00:00,2106.8,2113.5,2094.4,2097.8,783.97
2024-01-12 03:00:00,2097.8,2109.3,2088.3,2098.0,477.866
2024-01-12 07:00:00,2097.6,2098.4,2079.5,2093.7,281.403
2024-01-12 11:00:00,2093.0,2094.9,2063.7,2064.8,315.428
2024-01-12 15:00:00,2064.8,2065.2,2002.1,2017.6,1126.427
2024-01-12 19:00:00,2017.6,2032.0,1968.0,2011.5,1639.33
2024-01-12 23:00:00,2011.5,2057.0,2002.1,2022.3,1295.156
2024-01-13 03:00:00,2022.0,2042.3,2000.0,2005.6,519.616
2024-01-13 07:00:00,2005.9,2021.4,2005.3,2016.7,255.495
2024-01-13 11:00:00,2016.6,2023.2,2000.0,2003.4,438.882
2024-01-13 15:00:00,2003.9,2018.0,1996.1,2011.9,374.961
2024-01-13 19:00:00,2012.2,2014.9,1988.0,1989.0,281.971
2024-01-13 23:00:00,1988.8,1998.0,1980.5,1983.5,358.082
2024-01-14 03:00:00,1983.2,1991.4,1983.1,1988.5,307.937
2024-01-14 07:00:00,1988.5,2002.8,1986.2,1999.2,326.105
2024-01-14 11:00:00,1999.1,2002.1,1991.5,2001.0,234.443
2024-01-14 15:00:00,2000.4,2006.0,1993.6,1998.1,310.67
2024-01-14 19:00:00,1998.6,2017.5,1993.1,2015.8,255.699
2024-01-14 23:00:00,2016.3,2019.8,1983.6,1996.9,605.505
2024-01-15 03:00:00,1997.0,2004.6,1991.9,2003.8,256.284
2024-01-15 07:00:00,2003.8,2005.3,1995.1,2004.7,217.504
2024-01-15 11:00:00,2004.5,2010.0,1983.7,1989.5,258.355
2024-01-15 15:00:00,1989.6,1997.6,1976.9,1994.2,328.752
2024-01-15 19:00:00,1994.2,2009.6,1992.2,2002.6,232.103
2024-01-15 23:00:00,2002.6,2008.7,1996.5,1999.9,190.481
2024-01-16 03:00:00,1999.9,2006.7,1996.2,2001.3,158.082
2024-01-16 07:00:00,2001.1,2003.8,1995.4,2000.9,119.147
2024-01-16 11:00:00,2000.5,2006.0,1997.2,2004.6,170.061
2024-01-16 15:00:00,2004.5,2008.2,1993.5,2005.1,425.362
2024-01-16 19:00:00,2005.1,2008.9,1994.6,1996.8,166.893
2024-01-16 23:00:00,1996.6,1999.6,1984.8,1991.0,171.272
2024-01-17 03:00:00,1991.1,1993.5,1978.8,1981.2,193.251
2024-01-17 07:00:00,1981.1,1990.5,1979.6,1989.4,339.099
2024-01-17 11:00:00,1989.4,2002.4,1981.2,1985.4,264.057
2024-01-17 15:00:00,1985.0,1989.5,1973.9,1984.3,221.197
2024-01-17 19:00:00,1984.2,1996.2,1980.0,1992.4,210.739
2024-01-17 23:00:00,1992.2,2003.7,1989.0,1999.7,184.232
2024-01-18 03:00:00,1999.7,2008.8,1992.1,1997.1,190.576
2024-01-18 07:00:00,1997.1,2005.5,1994.9,2001.9,166.061
2024-01-18 11:00:00,2002.1,2003.9,1992.5,2001.2,146.718
2024-01-18 15:00:00,2001.4,2009.3,1999.4,2003.9,262.263
2024-01-18 19:00:00,2004.0,2011.8,1991.3,2000.5,422.082
2024-01-18 23:00:00,1999.9,1999.9,1983.4,1990.4,389.868
2024-01-19 03:00:00,1990.5,2001.4,1989.2,1991.0,224.712
2024-01-19 07:00:00,1991.1,1999.9,1989.2,1993.8,297.374
2024-01-19 11:00:00,1993.8,1994.9,1981.9,1988.1,236.052
2024-01-19 15:00:00,1988.0,1990.4,1974.0,1988.7,263.659
2024-01-19 19:00:00,1988.8,2010.6,1985.9,2004.1,570.514
2024-01-19 23:00:00,2004.1,2014.2,1991.3,1993.2,218.015
2024-01-20 03:00:00,1993.7,2001.5,1988.0,1997.4,160.822
2024-01-20 07:00:00,1997.5,2000.7,1994.8,1999.1,100.287
2024-01-20 11:00:00,1999.1,2004.0,1996.4,1999.4,91.372
2024-01-20 15:00:00,1999.4,2008.0,1998.1,2007.3,145.412
2024-01-20 19:00:00,2007.4,2010.6,2003.6,2007.9,143.82
2024-01-20 23:00:00,2007.9,2009.1,1996.6,1997.0,101.209
2024-01-21 03:00:00,1996.9,2001.7,1990.3,1994.6,107.012
2024-01-21 07:00:00,1994.5,1998.8,1993.4,1994.9,48.374
2024-01-21 11:00:00,1994.9,1997.9,1994.1,1996.6,42.994
2024-01-21 15:00:00,1996.5,2001.4,1995.2,1998.5,73.078
2024-01-21 19:00:00,1998.5,2001.0,1994.1,1997.8,73.048
2024-01-21 23:00:00,1997.7,2010.8,1997.1,2009.8,94.181
2024-01-22 03:00:00,2009.8,2017.5,2005.7,2008.1,261.934
2024-01-22 07:00:00,2008.2,2012.7,2000.9,2010.5,129.423
2024-01-22 11:00:00,2010.7,2032.5,2007.8,2029.2,699.179
2024-01-22 15:00:00,2029.7,2039.0,2026.1,2031.2,641.251
2024-01-22 19:00:00,2031.1,2036.1,2012.7,2030.1,463.953
2024-01-22 23:00:00,2029.2,2035.6,2021.0,2021.6,227.737
2024-01-23 03:00:00,2021.8,2027.9,2015.5,2020.1,199.616
2024-01-23 07:00:00,2020.7,2033.1,2017.1,2032.1,139.062
2024-01-23 11:00:00,2032.1,2078.8,2030.5,2067.6,1306.143
2024-01-23 15:00:00,2067.9,2100.0,2064.8,2077.2,1146.383
2024-01-23 19:00:00,2076.9,2100.0,2074.6,2099.8,528.05
2024-01-23 23:00:00,2099.7,2103.3,2076.9,2086.5,434.775
2024-01-24 03:00:00,2086.5,2101.2,2086.2,2094.0,388.976
2024-01-24 07:00:00,2093.8,2100.9,2089.7,2095.4,205.91
2024-01-24 11:00:00,2095.4,2095.4,2086.6,2093.5,255.384
2024-01-24 15:00:00,2093.7,2099.7,2089.7,2095.7,327.039
2024-01-24 19:00:00,2095.3,2110.8,2093.8,2101.0,298.285
2024-01-24 23:00:00,2100.6,2102.2,2089.8,2091.7,142.526
2024-01-25 03:00:00,2092.7,2109.7,2088.7,2103.3,183.804
2024-01-25 07:00:00,2103.5,2108.4,2097.8,2099.6,206.652
2024-01-25 11:00:00,2100.0,2109.7,2089.6,2095.7,264.887
2024-01-25 15:00:00,2095.4,2115.0,2094.7,2114.7,438.256
2024-01-25 19:00:00,2114.4,2119.0,2093.3,2098.7,232.778
2024-01-25 23:00:00,2098.8,2102.9,2086.0,2100.8,136.273
2024-01-26 03:00:00,2100.8,2106.1,2092.3,2098.5,132.114
2024-01-26 07:00:00,2098.0,2112.0,2097.6,2111.1,100.683
2024-01-26 11:00:00,2111.1,2119.2,2102.3,2118.6,222.874
2024-01-26 15:00:00,2119.1,2131.3,2115.7,2122.3,315.434
2024-01-26 19:00:00,2121.4,2150.0,2121.1,2150.0,316.023
2024-01-26 23:00:00,2150.0,2154.3,2134.3,2134.5,152.114
2024-01-27 03:00:00,2134.5,2134.6,2120.5,2125.1,187.07
2024-01-27 07:00:00,2125.1,2137.3,2124.0,2137.0,109.315
2024-01-27 11:00:00,2137.1,2137.3,2127.1,2132.6,107.78
2024-01-27 15:00:00,2132.7,2133.4,2125.9,2129.7,72.725
2024-01-27 19:00:00,2129.6,2135.2,2124.8,2129.9,82.839
2024-01-27 23:00:00,2130.0,2144.5,2130.0,2140.1,90.221
2024-01-28 03:00:00,2140.4,2143.5,2126.4,2126.5,156.71
2024-01-28 07:00:00,2126.8,2143.8,2126.5,2141.5,173.436
2024-01-28 11:00:00,2141.6,2143.7,2135.1,2140.6,92.633
2024-01-28 15:00:00,2140.4,2149.7,2138.7,2143.6,160.23
2024-01-28 19:00:00,2143.6,2144.3,2133.8,2137.1,98.265
2024-01-28 23:00:00,2137.4,2143.3,2132.7,2142.2,82.405
2024-01-29 03:00:00,2142.3,2143.7,2135.6,2141.3,82.905
2024-01-29 07:00:00,2141.4,2141.5,2137.6,2140.0,63.069
2024-01-29 11:00:00,2139.9,2143.8,2136.7,2142.7,68.091
2024-01-29 15:00:00,2143.4,2149.9,2136.8,2146.6,268.247
2024-01-29 19:00:00,2146.1,2159.9,2137.6,2145.2,241.809
2024-01-29 23:00:00,2145.5,2146.4,2133.1,2143.0,127.857
2024-01-30 03:00:00,2143.1,2156.9,2141.1,2156.7,110.962
2024-01-30 07:00:00,2157.1,2157.3,2148.5,2149.8,111.564
2024-01-30 11:00:00,2149.8,2153.7,2146.7,2149.3,79.084
2024-01-30 15:00:00,2149.9,2161.5,2130.3,2132.5,239.237
2024-01-30 19:00:00,2132.3,2133.6,2108.7,2125.8,595.369
2024-01-30 23:00:00,2126.4,2132.3,2120.7,2126.5,127.29
2024-01-31 03:00:00,2126.2,2141.2,2125.2,2126.2,139.312
2024-01-31 07:00:00,2126.6,2137.9,2124.4,2133.9,309.756
2024-01-31 11:00:00,2133.9,2154.1,2130.1,2147.1,173.351
2024-01-31 15:00:00,2147.2,2168.0,2140.7,2158.9,297.147
2024-01-31 19:00:00,2158.8,2168.0,2154.9,2160.7,345.573
2024-01-31 23:00:00,2160.8,2172.2,2153.9,2167.3,255.532
2024-02-01 03:00:00,2167.1,2173.9,2155.9,2161.6,346.114
2024-02-01 07:00:00,2161.8,2165.7,2157.0,2162.4,161.707
2024-02-01 11:00:00,2162.4,2163.3,2149.2,2155.6,199.814
2024-02-01 15:00:00,2155.2,2163.2,2149.4,2159.8,208.361
2024-02-01 19:00:00,2159.6,2173.9,2154.3,2173.9,404.889
2024-02-01 23:00:00,2173.7,2175.2,2164.3,2167.1,102.924
2024-02-02 03:00:00,2167.2,2169.7,2156.3,2157.6,78.093
2024-02-02 07:00:00,2157.7,2159.9,2146.1,2148.2,185.139
2024-02-02 11:00:00,2147.6,2149.6,2144.6,2146.4,60.976
2024-02-02 15:00:00,2146.8,2155.5,2143.6,2154.2,123.662
2024-02-02 19:00:00,2154.6,2160.4,2154.0,2158.5,110.346
2024-02-02 23:00:00,2158.5,2158.9,2154.1,2155.9,31.549
2024-02-03 03:00:00,2156.0,2159.3,2147.2,2149.2,55.101
2024-02-03 07:00:00,2149.2,2150.9,2144.5,2148.7,34.342
2024-02-03 11:00:00,2148.8,2153.0,2144.9,2148.0,56.521
2024-02-03 15:00:00,2148.0,2159.6,2146.6,2156.7,34.757
2024-02-03 19:00:00,2156.7,2159.9,2153.3,2154.2,84.545
2024-02-03 23:00:00,2154.2,2160.7,2154.0,2158.7,18.381
2024-02-04 03:00:00,2158.7,2165.7,2154.7,2156.6,96.396
2024-02-04 07:00:00,2156.7,2165.6,2155.4,2165.0,99.262
2024-02-04 11:00:00,2165.1,2165.3,2154.8,2157.6,78.284
2024-02-04 15:00:00,2157.8,2158.8,2150.2,2151.9,53.511
2024-02-04 19:00:00,2152.3,2160.6,2146.3,2153.2,93.161
2024-02-04 23:00:00,2153.2,2156.3,2145.5,2151.7,90.806
2024-02-05 03:00:00,2151.8,2161.0,2148.2,2153.8,151.406
2024-02-05 07:00:00,2154.5,2160.3,2152.5,2158.4,43.857
2024-02-05 11:00:00,2158.1,2159.9,2147.5,2147.5,77.899
2024-02-05 15:00:00,2147.5,2160.0,2147.5,2150.6,115.005
2024-02-05 19:00:00,2150.6,2152.6,2147.7,2150.4,39.062
2024-02-05 23:00:00,2150.3,2150.9,2136.2,2150.2,87.136
2024-02-06 03:00:00,2150.2,2152.4,2138.8,2145.5,52.717
2024-02-06 07:00:00,2145.8,2149.7,2138.3,2146.8,257.363
2024-02-06 11:00:00,2146.7,2150.6,2144.7,2149.6,48.912
2024-02-06 15:00:00,2149.9,2157.8,2144.0,2157.2,98.936
2024-02-06 19:00:00,2157.1,2157.9,2130.4,2134.0,241.758
2024-02-06 23:00:00,2134.0,2135.1,2123.3,2134.0,133.143
2024-02-07 03:00:00,2134.0,2134.0,2125.1,2127.7,61.341
2024-02-07 07:00:00,2127.7,2141.7,2125.2,2134.7,158.56
2024-02-07 11:00:00,2134.7,2138.9,2133.4,2136.7,38.51
2024-02-07 15:00:00,2136.7,2140.0,2133.1,2133.1,53.888
2024-02-07 19:00:00,2133.1,2133.4,2111.1,2124.4,165.528
2024-02-07 23:00:00,2124.3,2143.5,2124.2,2142.3,175.839
2024-02-08 03:00:00,2142.2,2152.6,2141.4,2145.4,139.781
2024-02-08 07:00:00,2145.5,2164.5,2143.3,2149.8,204.547
2024-02-08 11:00:00,2149.9,2159.9,2149.7,2153.3,146.872
2024-02-08 15:00:00,2153.3,2164.5,2151.2,2162.0,276.876
2024-02-08 19:00:00,2162.0,2185.6,2160.9,2180.8,288.387
2024-02-08 23:00:00,2180.9,2186.0,2176.9,2180.2,106.184
2024-02-09 03:00:00,2180.0,2197.0,2175.3,2195.1,267.305
2024-02-09 07:00:00,2195.2,2198.7,2186.5,2193.7,216.245
2024-02-09 11:00:00,2193.8,2214.0,2190.0,2203.8,425.066
2024-02-09 15:00:00,2203.8,2222.1,2201.9,2212.8,389.258
2024-02-09 19:00:00,2212.7,2243.1,2211.4,2236.0,462.497
2024-02-09 23:00:00,2236.3,2238.3,2207.4,2211.7,187.512
2024-02-10 03:00:00,2211.7,2213.1,2199.3,2199.3,163.57
2024-02-10 07:00:00,2199.7,2213.7,2198.7,2209.7,157.835
2024-02-10 11:00:00,2210.2,2222.3,2208.0,2221.0,189.122
2024-02-10 15:00:00,2221.1,2224.2,2215.5,2220.2,70.982
2024-02-10 19:00:00,2220.2,2224.9,2211.3,2219.8,117.674
2024-02-10 23:00:00,2219.9,2238.0,2219.3,2226.6,136.28
2024-02-11 03:00:00,2226.5,2239.1,2216.3,2237.4,116.312
2024-02-11 07:00:00,2238.2,2238.2,2220.7,2221.7,84.76
2024-02-11 11:00:00,2221.8,2229.8,2216.2,2229.3,119.129
2024-02-11 15:00:00,2229.1,2236.4,2225.3,2236.1,84.753
2024-02-11 19:00:00,2235.7,2250.8,2233.9,2246.0,166.425
2024-02-11 23:00:00,2246.1,2250.4,2242.6,2250.1,56.524
2024-02-12 03:00:00,2250.3,2258.3,2236.4,2246.7,287.631
2024-02-12 07:00:00,2246.8,2268.4,2246.6,2260.4,286.232
2024-02-12 11:00:00,2260.5,2270.6,2256.3,2256.6,464.287
2024-02-12 15:00:00,2256.7,2290.0,2254.5,2288.5,457.314
2024-02-12 19:00:00,2288.5,2292.8,2225.6,2236.6,843.471
2024-02-12 23:00:00,2237.1,2247.7,2222.9,2227.4,304.715
2024-02-13 03:00:00,2227.1,2230.6,2214.0,2229.2,471.604
2024-02-13 07:00:00,2229.4,2239.9,2225.4,2232.6,312.47
2024-02-13 11:00:00,2232.6,2233.3,2210.0,2213.2,278.262
2024-02-13 15:00:00,2212.9,2232.7,2203.0,2205.4,591.074
2024-02-13 19:00:00,2205.4,2222.1,2202.1,2221.6,349.12
2024-02-13 23:00:00,2221.5,2238.1,2220.8,2238.0,229.908
2024-02-14 03:00:00,2238.1,2238.9,2225.6,2228.0,164.355
2024-02-14 07:00:00,2228.1,2232.0,2220.7,2227.4,105.63
2024-02-14 11:00:00,2227.8,2245.3,2218.5,2236.9,512.069
2024-02-14 15:00:00,2236.7,2258.7,2233.8,2241.1,320.019
2024-02-14 19:00:00,2240.6,2251.8,2228.8,2237.1,275.927
2024-02-14 23:00:00,2237.1,2246.1,2225.5,2231.9,164.856
2024-02-15 03:00:00,2232.0,2240.9,2225.7,2231.1,210.96
2024-02-15 07:00:00,2231.1,2243.8,2226.4,2227.1,75.515
2024-02-15 11:00:00,2227.0,2234.2,2223.0,2230.8,63.335
2024-02-15 15:00:00,2231.0,2236.7,2182.3,2195.8,575.05
2024-02-15 19:00:00,2195.7,2215.8,2189.6,2195.4,217.393
2024-02-15 23:00:00,2195.8,2222.0,2177.3,2195.7,429.2
2024-02-16 03:00:00,2195.5,2199.1,2183.9,2190.5,131.826
2024-02-16 07:00:00,2190.4,2202.3,2180.6,2195.0,183.443
2024-02-16 11:00:00,2195.0,2211.0,2189.0,2206.6,181.617
2024-02-16 15:00:00,2206.8,2233.9,2194.5,2224.1,374.649
2024-02-16 19:00:00,2224.1,2236.2,2217.3,2228.7,219.038
2024-02-16 23:00:00,2229.3,2230.7,2215.7,2219.5,65.811
2024-02-17 03:00:00,2219.5,2225.6,2213.7,2218.0,100.877
2024-02-17 07:00:00,2218.3,2226.1,2213.2,2213.4,80.87
2024-02-17 11:00:00,2213.3,2225.5,2211.0,2214.6,98.819
2024-02-17 15:00:00,2214.5,2230.0,2211.4,2213.4,206.246
2024-02-17 19:00:00,2213.5,2216.6,2208.5,2213.2,106.339
2024-02-17 23:00:00,2213.2,2220.4,2210.1,2211.8,82.523
2024-02-18 03:00:00,2211.9,2217.2,2206.6,2209.0,142.307
2024-02-18 07:00:00,2208.7,2209.5,2196.1,2201.9,106.353
2024-02-18 11:00:00,2201.7,2204.1,2195.5,2200.6,71.425
2024-02-18 15:00:00,2200.5,2207.2,2196.6,2199.1,117.166
2024-02-18 19:00:00,2199.4,2205.4,2180.8,2186.7,191.508
2024-02-18 23:00:00,2186.7,2192.0,2173.2,2178.8,233.143
2024-02-19 03:00:00,2179.2,2184.9,2168.4,2170.1,205.226
2024-02-19 07:00:00,2170.1,2176.1,2159.1,2159.2,240.013
2024-02-19 11:00:00,2159.2,2175.9,2158.4,2166.3,207.493
2024-02-19 15:00:00,2165.8,2171.0,2157.7,2159.7,327.392
2024-02-19 19:00:00,2159.8,2160.0,2132.8,2135.6,531.208
2024-02-19 23:00:00,2135.5,2138.9,2116.8,2128.2,253.235
2024-02-20 03:00:00,2128.2,2143.7,2118.8,2143.3,286.951
2024-02-20 07:00:00,2143.3,2147.0,2136.9,2144.1,171.368
2024-02-20 11:00:00,2144.3,2166.1,2142.5,2153.7,204.084
2024-02-20 15:00:00,2153.7,2171.9,2135.7,2155.6,622.053
2024-02-20 19:00:00,2155.5,2165.4,2139.6,2139.9,398.529
2024-02-20 23:00:00,2140.1,2148.0,2122.9,2130.3,205.142
2024-02-21 03:00:00,2130.0,2145.0,2127.5,2132.2,239.7
2024-02-21 07:00:00,2132.2,2164.0,2129.6,2148.4,194.968
2024-02-21 11:00:00,2148.6,2164.3,2143.9,2152.1,230.784
2024-02-21 15:00:00,2152.3,2166.8,2145.0,2149.1,335.648
2024-02-21 19:00:00,2149.2,2164.1,2143.5,2149.8,184.926
2024-02-21 23:00:00,2149.7,2154.9,2132.6,2141.8,167.989
2024-02-22 03:00:00,2141.7,2159.6,2141.0,2153.0,186.802
2024-02-22 07:00:00,2153.1,2156.2,2123.5,2123.5,154.219
2024-02-22 11:00:00,2123.9,2128.0,2110.2,2117.7,493.02
2024-02-22 15:00:00,2117.6,2130.3,2113.3,2118.7,319.199
2024-02-22 19:00:00,2118.7,2130.8,2113.6,2118.3,244.287
2024-02-22 23:00:00,2118.3,2127.0,2110.6,2120.8,194.342
2024-02-23 03:00:00,2121.1,2136.4,2113.2,2124.8,349.922
2024-02-23 07:00:00,2124.6,2136.2,2121.2,2130.6,204.431
2024-02-23 11:00:00,2130.6,2144.5,2129.0,2135.3,172.427
2024-02-23 15:00:00,2135.4,2140.8,2121.3,2139.0,199.188
2024-02-23 19:00:00,2138.9,2145.7,2121.6,2122.7,247.834
2024-02-23 23:00:00,2122.3,2134.6,2117.0,2127.1,82.213
2024-02-24 03:00:00,2127.1,2138.0,2121.7,2124.5,114.675
2024-02-24 07:00:00,2124.6,2127.8,2102.7,2108.8,328.001
2024-02-24 11:00:00,2108.6,2115.6,2107.8,2111.7,140.795
2024-02-24 15:00:00,2111.7,2118.4,2109.0,2115.7,91.975
2024-02-24 19:00:00,2115.7,2121.7,2107.2,2114.3,204.012
2024-02-24 23:00:00,2114.4,2116.4,2110.5,2110.5,63.453
2024-02-25 03:00:00,2110.8,2115.7,2094.7,2103.0,152.289
2024-02-25 07:00:00,2103.0,2108.1,2096.4,2103.7,100.716
2024-02-25 11:00:00,2103.9,2110.3,2097.2,2097.5,111.535
2024-02-25 15:00:00,2097.4,2101.6,2084.0,2091.1,303.058
2024-02-25 19:00:00,2091.3,2095.4,2057.5,2075.2,253.233
2024-02-25 23:00:00,2075.0,2075.5,2064.0,2064.8,289.011
2024-02-26 03:00:00,2064.5,2071.9,2055.0,2063.8,209.157
2024-02-26 07:00:00,2063.5,2067.9,2054.1,2062.6,103.27
2024-02-26 11:00:00,2062.9,2081.6,2052.5,2072.8,371.307
2024-02-26 15:00:00,2073.1,2090.6,2061.7,2082.2,286.945
2024-02-26 19:00:00,2082.1,2131.9,2078.1,2118.4,572.437
2024-02-26 23:00:00,2118.8,2132.0,2113.5,2117.9,289.053
2024-02-27 03:00:00,2118.1,2192.1,2115.7,2145.4,905.396
2024-02-27 07:00:00,2145.6,2166.4,2144.5,2159.6,185.352
2024-02-27 11:00:00,2159.6,2166.1,2148.5,2156.6,136.888
2024-02-27 15:00:00,2157.4,2192.5,2157.0,2189.1,417.649
2024-02-27 19:00:00,2188.8,2196.1,2177.2,2187.1,356.638
2024-02-27 23:00:00,2186.9,2187.4,2162.5,2183.2,181.198
2024-02-28 03:00:00,2183.1,2187.4,2173.8,2179.3,122.992
2024-02-28 07:00:00,2179.2,2201.5,2173.8,2194.8,220.11
2024-02-28 11:00:00,2194.9,2225.7,2190.5,2218.8,725.155
2024-02-28 15:00:00,2218.8,2266.6,2217.0,2258.8,936.459
2024-02-28 19:00:00,2258.8,2350.0,2244.0,2295.9,2305.157
2024-02-28 23:00:00,2295.8,2312.0,2258.9,2292.9,547.044
2024-02-29 03:00:00,2292.9,2299.0,2218.3,2238.9,737.71
2024-02-29 07:00:00,2238.7,2261.0,2225.1,2239.3,426.163
2024-02-29 11:00:00,2239.3,2244.3,2220.0,2222.7,477.718
2024-02-29 15:00:00,2223.0,2243.0,2220.8,2230.2,343.881
2024-02-29 19:00:00,2230.2,2235.7,2207.9,2222.1,399.273
2024-02-29 23:00:00,2222.5,2281.7,2222.3,2259.4,515.402
2024-03-01 03:00:00,2259.4,2262.2,2215.1,2226.6,382.604
2024-03-01 07:00:00,2226.8,2243.8,2222.8,2242.4,204.245
2024-03-01 11:00:00,2242.2,2247.2,2225.3,2227.9,214.616
2024-03-01 15:00:00,2227.7,2244.7,2223.9,2224.5,267.116
2024-03-01 19:00:00,2224.5,2237.9,2220.8,2232.2,186.165
2024-03-01 23:00:00,2232.2,2249.0,2228.8,2229.0,177.614
2024-03-02 03:00:00,2229.0,2232.1,2195.3,2197.2,396.286
2024-03-02 07:00:00,2197.2,2203.4,2188.0,2195.4,383.897
2024-03-02 11:00:00,2195.5,2207.2,2192.3,2199.7,252.112
2024-03-02 15:00:00,2200.2,2203.2,2188.2,2195.2,215.752
2024-03-02 19:00:00,2195.7,2198.5,2188.3,2191.9,146.857
2024-03-02 23:00:00,2192.4,2199.0,2182.2,2182.4,113.48
2024-03-03 03:00:00,2182.1,2191.3,2173.4,2181.4,227.819
2024-03-03 07:00:00,2181.5,2234.6,2177.1,2209.8,757.265
2024-03-03 11:00:00,2210.9,2217.9,2188.7,2193.1,523.412
2024-03-03 15:00:00,2193.6,2209.3,2192.0,2198.1,349.274
2024-03-03 19:00:00,2197.9,2203.7,2191.9,2196.3,209.301
2024-03-03 23:00:00,2196.3,2199.7,2188.8,2198.0,155.876
2024-03-04 03:00:00,2197.7,2221.1,2190.9,2214.3,456.745
2024-03-04 07:00:00,2214.3,2227.6,2210.0,2225.2,224.561
2024-03-04 11:00:00,2224.3,2248.7,2219.4,2242.1,571.11
2024-03-04 15:00:00,2242.9,2268.2,2234.4,2261.2,534.683
2024-03-04 19:00:00,2261.2,2306.6,2255.0,2286.5,1092.457
2024-03-04 23:00:00,2286.5,2300.5,2273.5,2297.0,457.082
2024-03-05 03:00:00,2297.0,2307.1,2263.5,2265.1,642.504
2024-03-05 07:00:00,2265.2,2265.4,2192.7,2210.9,1132.985
2024-03-05 11:00:00,2210.6,2222.8,2193.8,2199.9,421.104
2024-03-05 15:00:00,2198.8,2238.0,2178.2,2185.8,1083.697
2024-03-05 19:00:00,2186.2,2306.3,2173.9,2267.4,1890.251
2024-03-05 23:00:00,2264.4,2303.5,2231.9,2232.5,1665.229
2024-03-06 03:00:00,2232.8,2248.5,2218.2,2236.8,394.1
2024-03-06 07:00:00,2236.9,2239.1,2193.6,2204.7,661.614
2024-03-06 11:00:00,2204.6,2208.3,2166.4,2187.2,552.446
2024-03-06 15:00:00,2187.3,2214.1,2166.4,2206.1,734.073
2024-03-06 19:00:00,2206.1,2215.0,2175.5,2182.1,424.203
2024-03-06 23:00:00,2182.5,2188.8,2160.7,2164.2,349.365
2024-03-07 03:00:00,2164.2,2172.2,2147.6,2164.2,433.653
2024-03-07 07:00:00,2164.1,2185.7,2159.4,2175.1,318.06
2024-03-07 11:00:00,2174.4,2195.7,2174.3,2188.4,275.406
2024-03-07 15:00:00,2188.3,2192.2,2163.0,2166.7,438.711
2024-03-07 19:00:00,2165.9,2178.9,2150.6,2151.1,236.65
2024-03-07 23:00:00,2151.1,2155.7,2130.0,2133.9,350.152
2024-03-08 03:00:00,2133.9,2136.1,2110.2,2130.0,506.586
2024-03-08 07:00:00,2130.4,2137.9,2126.4,2134.6,160.545
2024-03-08 11:00:00,2134.3,2135.0,2113.6,2127.0,211.718
2024-03-08 15:00:00,2127.3,2178.6,2106.9,2153.0,1202.726
2024-03-08 19:00:00,2153.1,2172.1,2141.2,2168.9,679.063
2024-03-08 23:00:00,2169.6,2179.6,2160.8,2165.3,498.689
2024-03-09 03:00:00,2165.8,2168.0,2143.9,2145.4,266.646
2024-03-09 07:00:00,2145.8,2150.9,2140.0,2144.2,165.495
2024-03-09 11:00:00,2144.7,2161.5,2138.6,2153.6,296.355
2024-03-09 15:00:00,2153.6,2164.4,2148.6,2150.2,179.144
2024-03-09 19:00:00,2150.2,2166.7,2148.7,2165.5,257.744
2024-03-09 23:00:00,2165.4,2166.2,2153.3,2156.4,110.278
2024-03-10 03:00:00,2156.4,2171.0,2149.7,2170.3,250.367
2024-03-10 07:00:00,2170.3,2180.3,2163.9,2165.8,301.507
2024-03-10 11:00:00,2166.5,2180.0,2164.5,2177.0,287.343
2024-03-10 15:00:00,2177.1,2197.0,2173.7,2193.5,475.799
2024-03-10 19:00:00,2193.9,2195.5,2181.2,2186.8,149.06
2024-03-10 23:00:00,2186.8,2205.1,2180.0,2181.7,306.537
2024-03-11 03:00:00,2181.8,2207.4,2174.0,2182.0,542.362
2024-03-11 07:00:00,2182.4,2203.4,2179.1,2189.1,420.92
2024-03-11 11:00:00,2188.8,2207.4,2186.1,2191.6,494.559
2024-03-11 15:00:00,2192.6,2221.6,2190.3,2203.4,421.271
2024-03-11 19:00:00,2203.4,2212.8,2180.5,2187.9,458.906
2024-03-11 23:00:00,2187.7,2195.2,2170.4,2172.5,198.427
2024-03-12 03:00:00,2172.5,2190.1,2163.2,2177.4,322.414
2024-03-12 07:00:00,2177.5,2199.2,2172.2,2195.2,317.721
2024-03-12 11:00:00,2195.2,2217.4,2190.5,2202.6,423.215
2024-03-12 15:00:00,2202.1,2214.8,2196.1,2197.7,505.879
2024-03-12 19:00:00,2197.6,2208.2,2186.9,2192.3,704.482
2024-03-12 23:00:00,2192.4,2207.2,2189.3,2196.1,194.433
2024-03-13 03:00:00,2196.1,2201.3,2189.0,2189.9,212.357
2024-03-13 07:00:00,2190.0,2206.0,2188.0,2204.4,169.09
2024-03-13 11:00:00,2204.4,2209.6,2198.2,2199.3,211.787
2024-03-13 15:00:00,2199.3,2223.1,2196.5,2219.5,391.36
2024-03-13 19:00:00,2219.5,2220.4,2206.4,2215.3,137.865
2024-03-13 23:00:00,2215.7,2220.0,2189.4,2193.6,202.265
2024-03-14 03:00:00,2193.0,2205.3,2191.0,2204.6,115.428
2024-03-14 07:00:00,2204.6,2215.9,2202.1,2208.9,208.384
2024-03-14 11:00:00,2208.9,2211.1,2182.3,2193.3,278.086
2024-03-14 15:00:00,2193.8,2220.5,2191.2,2197.6,579.181
2024-03-14 19:00:00,2197.7,2207.8,2181.2,2192.5,574.148
2024-03-14 23:00:00,2193.5,2196.0,2180.2,2181.5,237.09
2024-03-15 03:00:00,2181.1,2192.5,2171.6,2173.1,751.998
2024-03-15 07:00:00,2173.0,2183.1,2159.7,2167.9,573.447
2024-03-15 11:00:00,2167.8,2204.1,2166.5,2187.8,958.441
2024-03-15 15:00:00,2187.9,2191.8,2173.3,2178.4,306.614
2024-03-15 19:00:00,2178.4,2200.0,2171.0,2200.0,352.413
2024-03-15 23:00:00,2199.2,2209.3,2179.7,2180.6,448.149
2024-03-16 03:00:00,2180.6,2192.4,2175.0,2179.0,320.535
2024-03-16 07:00:00,2179.0,2189.5,2172.8,2176.5,262.131
2024-03-16 11:00:00,2176.8,2179.8,2156.7,2166.4,358.89
2024-03-16 15:00:00,2166.6,2196.5,2164.9,2184.9,402.077
2024-03-16 19:00:00,2184.5,2218.5,2183.5,2208.2,903.671
2024-03-16 23:00:00,2208.0,2219.2,2187.0,2187.5,441.512
2024-03-17 03:00:00,2187.5,2199.3,2184.3,2192.5,310.478
2024-03-17 07:00:00,2192.6,2242.0,2188.6,2230.0,1014.011
2024-03-17 11:00:00,2230.2,2240.0,2199.2,2203.0,903.969
2024-03-17 15:00:00,2203.0,2220.8,2197.1,2202.5,469.388
2024-03-17 19:00:00,2202.5,2218.1,2201.2,2211.2,182.978
2024-03-17 23:00:00,2211.3,2215.0,2200.7,2212.5,145.912
2024-03-18 03:00:00,2212.5,2223.1,2209.5,2217.5,280.861
2024-03-18 07:00:00,2217.6,2226.7,2207.1,2208.1,241.821
2024-03-18 11:00:00,2208.3,2235.1,2208.0,2222.8,254.134
2024-03-18 15:00:00,2223.9,2254.3,2222.4,2246.9,678.684
2024-03-18 19:00:00,2247.2,2270.0,2243.2,2260.5,499.174
2024-03-18 23:00:00,2260.7,2262.1,2245.4,2250.2,316.184
2024-03-19 03:00:00,2251.0,2295.1,2250.7,2272.1,1033.41
2024-03-19 07:00:00,2272.5,2288.1,2259.0,2271.5,867.244
2024-03-19 11:00:00,2271.5,2314.2,2267.6,2267.8,1348.897
2024-03-19 15:00:00,2267.8,2283.6,2259.8,2269.2,994.203
2024-03-19 19:00:00,2269.2,2298.1,2265.8,2270.4,495.864
2024-03-19 23:00:00,2270.7,2310.0,2268.0,2300.2,585.317
2024-03-20 03:00:00,2300.2,2310.0,2278.3,2291.4,482.328
2024-03-20 07:00:00,2291.3,2328.5,2278.3,2279.5,885.582
2024-03-20 11:00:00,2279.9,2290.5,2261.3,2262.2,543.516
2024-03-20 15:00:00,2262.8,2287.4,2241.1,2285.9,721.67
2024-03-20 19:00:00,2286.4,2320.2,2266.7,2279.7,1145.201
2024-03-20 23:00:00,2279.4,2286.9,2261.1,2273.1,708.182
2024-03-21 03:00:00,2272.5,2281.0,2233.9,2241.5,711.836
2024-03-21 07:00:00,2241.6,2265.8,2236.3,2250.2,427.574
2024-03-21 11:00:00,2250.0,2258.1,2224.4,2240.5,591.23
2024-03-21 15:00:00,2240.5,2247.7,2228.4,2236.7,356.583
2024-03-21 19:00:00,2237.1,2244.7,2220.6,2229.3,418.796
2024-03-21 23:00:00,2229.3,2230.9,2206.7,2213.9,448.323
2024-03-22 03:00:00,2213.9,2231.7,2208.5,2210.1,381.993
2024-03-22 07:00:00,2209.9,2221.5,2208.0,2213.2,295.302
2024-03-22 11:00:00,2213.3,2224.4,2210.5,2215.3,343.882
2024-03-22 15:00:00,2215.7,2242.0,2213.3,2237.4,814.302
2024-03-22 19:00:00,2237.8,2242.1,2230.7,2236.9,310.183
2024-03-22 23:00:00,2237.1,2246.6,2229.3,2229.3,372.076
2024-03-23 03:00:00,2229.3,2242.5,2220.7,2238.2,430.315
2024-03-23 07:00:00,2238.2,2246.9,2231.9,2237.7,225.75
2024-03-23 11:00:00,2237.5,2244.5,2229.9,2236.4,228.296
2024-03-23 15:00:00,2236.7,2238.4,2222.8,2228.5,267.61
2024-03-23 19:00:00,2228.6,2248.8,2228.1,2231.5,194.42
2024-03-23 23:00:00,2231.5,2239.2,2228.2,2235.0,152.616
2024-03-24 03:00:00,2235.0,2241.0,2228.0,2240.4,193.532
2024-03-24 07:00:00,2240.2,2243.2,2234.5,2241.5,164.061
2024-03-24 11:00:00,2241.7,2245.1,2237.1,2243.0,149.153
2024-03-24 15:00:00,2243.1,2247.1,2240.3,2244.2,195.344
2024-03-24 19:00:00,2244.2,2257.8,2243.2,2254.7,280.669
2024-03-24 23:00:00,2254.8,2260.9,2242.6,2256.9,216.584
2024-03-25 03:00:00,2256.9,2258.2,2239.7,2252.6,185.042
2024-03-25 07:00:00,2252.6,2252.8,2232.7,2240.0,187.614
2024-03-25 11:00:00,2240.0,2248.0,2230.2,2242.1,251.337
2024-03-25 15:00:00,2242.0,2261.5,2241.0,2257.7,340.891
2024-03-25 19:00:00,2257.8,2274.5,2253.6,2271.1,299.797
2024-03-25 23:00:00,2271.2,2276.0,2262.0,2268.3,244.75
2024-03-26 03:00:00,2268.3,2270.8,2258.8,2262.6,262.161
2024-03-26 07:00:00,2263.0,2267.4,2248.5,2255.6,204.628
2024-03-26 11:00:00,2256.5,2260.8,2250.7,2259.4,187.36
2024-03-26 15:00:00,2259.8,2281.7,2258.3,2279.0,406.901
2024-03-26 19:00:00,2279.1,2285.0,2272.9,2273.7,366.93
2024-03-26 23:00:00,2273.7,2277.0,2266.6,2271.5,185.793
2024-03-27 03:00:00,2271.5,2276.5,2269.2,2275.6,135.858
2024-03-27 07:00:00,2275.7,2285.0,2273.5,2282.8,127.201
2024-03-27 11:00:00,2282.9,2296.9,2280.2,2283.4,286.955
2024-03-27 15:00:00,2283.4,2301.0,2281.1,2286.7,546.009
2024-03-27 19:00:00,2287.2,2299.0,2280.0,2285.7,213.509
2024-03-27 23:00:00,2285.7,2298.3,2279.5,2296.7,136.978
2024-03-28 03:00:00,2297.0,2307.0,2288.0,2299.3,343.773
2024-03-28 07:00:00,2299.2,2300.4,2285.4,2287.8,210.033
2024-03-28 11:00:00,2287.7,2295.5,2285.0,2291.9,111.327
2024-03-28 15:00:00,2291.6,2311.6,2286.5,2308.3,473.866
2024-03-28 19:00:00,2308.0,2309.9,2293.2,2298.1,193.526
2024-03-28 23:00:00,2298.5,2304.6,2293.4,2295.8,101.605
2024-03-29 03:00:00,2295.7,2305.2,2283.5,2285.4,190.889
2024-03-29 07:00:00,2285.4,2293.3,2272.6,2289.6,328.064
2024-03-29 11:00:00,2289.5,2290.9,2264.7,2267.2,248.6
2024-03-29 15:00:00,2267.1,2275.7,2257.5,2267.7,216.292
2024-03-29 19:00:00,2267.2,2277.6,2263.4,2272.0,125.91
2024-03-29 23:00:00,2272.0,2275.5,2258.0,2264.7,131.552
2024-03-30 03:00:00,2263.9,2275.8,2263.7,2274.3,131.508
2024-03-30 07:00:00,2274.2,2278.6,2263.4,2278.6,87.054
2024-03-30 11:00:00,2278.7,2282.4,2255.2,2257.7,240.064
2024-03-30 15:00:00,2257.6,2267.2,2255.9,2262.7,183.037
2024-03-30 19:00:00,2262.5,2282.4,2260.7,2273.9,283.174
2024-03-30 23:00:00,2274.7,2279.9,2270.4,2273.7,169.924
2024-03-31 03:00:00,2273.8,2275.9,2266.5,2269.1,107.796
2024-03-31 07:00:00,2269.0,2274.5,2240.5,2240.8,327.01
2024-03-31 11:00:00,2240.7,2253.2,2234.5,2250.7,370.697
2024-03-31 15:00:00,2250.8,2255.3,2244.5,2247.2,177.953
2024-03-31 19:00:00,2246.8,2253.0,2243.3,2244.9,156.443
2024-03-31 23:00:00,2245.0,2247.7,2239.6,2246.2,145.79
2024-04-01 03:00:00,2245.9,2249.2,2239.6,2240.6,136.689
2024-04-01 07:00:00,2241.0,2278.1,2239.3,2252.9,455.436
2024-04-01 11:00:00,2252.9,2265.5,2252.9,2262.8,189.731
2024-04-01 15:00:00,2262.8,2287.5,2258.8,2283.1,541.861
2024-04-01 19:00:00,2283.1,2302.2,2279.3,2295.2,533.641
2024-04-01 23:00:00,2294.6,2302.4,2290.0,2292.5,301.04
2024-04-02 03:00:00,2292.4,2300.3,2284.1,2284.2,659.407
2024-04-02 07:00:00,2284.3,2291.0,2274.5,2281.2,429.48
2024-04-02 11:00:00,2281.1,2297.3,2279.6,2284.9,616.126
2024-04-02 15:00:00,2284.9,2294.7,2278.7,2290.2,510.446
2024-04-02 19:00:00,2290.7,2305.4,2290.2,2293.4,284.727
2024-04-02 23:00:00,2292.8,2300.0,2280.9,2287.5,604.103
2024-04-03 03:00:00,2287.6,2318.7,2279.6,2285.2,780.159
2024-04-03 07:00:00,2285.2,2297.3,2283.4,2285.6,226.406
2024-04-03 11:00:00,2285.7,2293.4,2273.0,2286.0,370.144
2024-04-03 15:00:00,2285.6,2292.0,2278.3,2278.4,205.932
2024-04-03 19:00:00,2278.3,2301.5,2275.0,2289.9,390.256
2024-04-03 23:00:00,2289.4,2307.2,2289.4,2298.8,286.89
2024-04-04 03:00:00,2299.0,2304.6,2286.6,2299.5,257.954
2024-04-04 07:00:00,2299.5,2302.6,2277.1,2280.5,349.747
2024-04-04 11:00:00,2280.5,2284.5,2274.4,2280.3,162.687
2024-04-04 15:00:00,2280.3,2303.5,2277.0,2301.8,293.831
2024-04-04 19:00:00,2302.0,2339.0,2295.9,2327.7,626.631
2024-04-04 23:00:00,2327.6,2359.1,2327.6,2355.5,609.866
2024-04-05 03:00:00,2355.6,2380.0,2345.6,2355.4,888.322
2024-04-05 07:00:00,2355.4,2372.2,2342.7,2344.1,565.742
2024-04-05 11:00:00,2344.2,2369.6,2343.4,2362.2,654.388
2024-04-05 15:00:00,2362.6,2378.9,2357.7,2365.1,920.072
2024-04-05 19:00:00,2365.3,2371.1,2343.6,2343.6,440.132
2024-04-05 23:00:00,2343.9,2364.0,2337.6,2363.5,199.719
2024-04-06 03:00:00,2363.5,2367.7,2342.0,2346.9,300.605
2024-04-06 07:00:00,2347.0,2352.4,2342.6,2347.7,154.038
2024-04-06 11:00:00,2347.5,2350.3,2336.2,2342.8,178.43
2024-04-06 15:00:00,2342.8,2356.1,2340.2,2347.8,158.73
2024-04-06 19:00:00,2347.7,2356.0,2343.4,2350.3,167.372
2024-04-06 23:00:00,2350.4,2366.8,2344.7,2362.8,157.237
2024-04-07 03:00:00,2362.9,2369.5,2352.4,2355.8,181.909
2024-04-07 07:00:00,2355.8,2360.0,2349.2,2359.0,95.625
2024-04-07 11:00:00,2359.1,2362.2,2350.0,2354.3,85.659
2024-04-07 15:00:00,2354.2,2363.2,2341.2,2361.5,272.048
2024-04-07 19:00:00,2361.6,2375.0,2357.5,2359.2,349.72
2024-04-07 23:00:00,2359.2,2364.0,2332.1,2332.4,358.556
2024-04-08 03:00:00,2332.2,2359.5,2331.4,2356.4,235.244
2024-04-08 07:00:00,2356.4,2366.8,2353.7,2363.0,106.568
2024-04-08 11:00:00,2363.1,2364.5,2330.9,2342.8,644.514
2024-04-08 15:00:00,2341.8,2343.5,2325.2,2335.4,377.491
2024-04-08 19:00:00,2334.4,2335.0,2309.6,2310.7,341.4
2024-04-08 23:00:00,2311.7,2315.7,2304.8,2309.6,147.912
2024-04-09 03:00:00,2309.6,2315.5,2299.3,2313.6,246.406
2024-04-09 07:00:00,2313.6,2318.7,2300.5,2312.6,270.318
2024-04-09 11:00:00,2313.0,2320.3,2308.5,2315.3,263.18
2024-04-09 15:00:00,2315.4,2331.2,2311.0,2318.7,443.598
2024-04-09 19:00:00,2318.6,2322.6,2305.7,2311.2,216.901
2024-04-09 23:00:00,2311.0,2338.6,2309.7,2326.8,416.134
2024-04-10 03:00:00,2326.8,2346.2,2322.9,2334.7,526.522
2024-04-10 07:00:00,2334.7,2337.0,2320.3,2325.4,183.837
2024-04-10 11:00:00,2325.5,2333.9,2320.5,2328.5,159.121
2024-04-10 15:00:00,2328.6,2353.8,2327.9,2331.8,676.299
2024-04-10 19:00:00,2331.8,2348.6,2320.1,2346.6,292.407
2024-04-10 23:00:00,2346.8,2357.5,2340.1,2350.0,230.952
2024-04-11 03:00:00,2350.1,2366.0,2345.0,2345.8,487.235
2024-04-11 07:00:00,2345.3,2349.7,2339.9,2340.6,265.91
2024-04-11 11:00:00,2340.6,2361.5,2335.5,2360.5,246.11
2024-04-11 15:00:00,2360.6,2369.5,2348.7,2358.8,646.526
2024-04-11 19:00:00,2358.9,2364.3,2353.6,2362.7,198.416
2024-04-11 23:00:00,2362.3,2365.7,2355.6,2357.9,206.249
2024-04-12 03:00:00,2357.9,2367.6,2349.3,2367.2,236.018
2024-04-12 07:00:00,2367.3,2368.1,2356.4,2367.6,292.875
2024-04-12 11:00:00,2367.7,2369.6,2359.1,2365.8,331.545
2024-04-12 15:00:00,2365.9,2391.8,2365.2,2378.5,1275.88
2024-04-12 19:00:00,2378.4,2847.3,2353.0,2497.8,6539.675
2024-04-12 23:00:00,2497.9,2504.8,2454.5,2467.4,1805.353
2024-04-13 03:00:00,2467.0,2509.2,2466.9,2483.9,1762.306
2024-04-13 07:00:00,2483.4,2489.5,2461.6,2479.0,895.6
2024-04-13 11:00:00,2479.0,2481.2,2458.5,2469.1,769.054
2024-04-13 15:00:00,2469.0,2495.2,2459.2,2490.1,932.709
2024-04-13 19:00:00,2490.0,2649.9,2484.9,2577.8,5099.05
2024-04-13 23:00:00,2578.9,2970.0,2553.8,2571.9,8018.44
2024-04-14 03:00:00,2571.9,2611.4,2558.3,2583.2,1939.387
2024-04-14 07:00:00,2583.1,2596.4,2500.0,2507.4,1798.043
2024-04-14 11:00:00,2507.6,2559.7,2500.2,2555.8,1652.219
2024-04-14 15:00:00,2555.9,2572.4,2526.0,2545.1,1628.578
2024-04-14 19:00:00,2544.7,2558.0,2516.0,2527.1,1325.727
2024-04-14 23:00:00,2526.6,2529.6,2479.3,2499.0,1295.12
2024-04-15 03:00:00,2499.0,2535.1,2494.0,2496.2,854.468
2024-04-15 07:00:00,2496.1,2507.0,2452.7,2459.6,1052.588
2024-04-15 11:00:00,2458.9,2468.8,2445.4,2458.5,742.056
2024-04-15 15:00:00,2457.4,2492.2,2454.7,2478.6,998.507
2024-04-15 19:00:00,2479.0,2518.0,2467.5,2480.1,1389.245
2024-04-15 23:00:00,2480.0,2490.6,2463.3,2483.1,508.275
2024-04-16 03:00:00,2482.7,2507.8,2481.2,2499.6,584.893
2024-04-16 07:00:00,2499.3,2523.6,2477.7,2485.0,859.09
2024-04-16 11:00:00,2484.7,2510.3,2483.2,2488.7,983.516
2024-04-16 15:00:00,2488.4,2522.7,2487.2,2522.4,948.394
2024-04-16 19:00:00,2522.6,2529.6,2499.9,2508.2,697.673
2024-04-16 23:00:00,2508.6,2519.5,2496.0,2518.7,334.912
2024-04-17 03:00:00,2518.4,2536.3,2515.0,2515.1,343.649
2024-04-17 07:00:00,2515.1,2520.4,2497.7,2499.2,419.616
2024-04-17 11:00:00,2499.2,2517.7,2488.7,2512.3,353.744
2024-04-17 15:00:00,2512.3,2533.6,2493.2,2499.2,842.929
2024-04-17 19:00:00,2499.9,2503.7,2460.8,2464.7,675.438
2024-04-17 23:00:00,2464.6,2493.8,2463.6,2491.0,285.479
2024-04-18 03:00:00,2491.1,2514.0,2480.1,2481.1,583.834
2024-04-18 07:00:00,2481.0,2503.7,2471.2,2499.1,422.774
2024-04-18 11:00:00,2499.3,2510.0,2492.3,2501.5,453.796
2024-04-18 15:00:00,2501.9,2525.8,2500.2,2513.7,407.224
2024-04-18 19:00:00,2513.8,2520.6,2505.4,2509.4,224.544
2024-04-18 23:00:00,2509.2,2512.2,2495.1,2502.4,142.977
2024-04-19 03:00:00,2502.8,2535.5,2496.5,2511.9,697.434
2024-04-19 07:00:00,2511.8,2538.1,2502.1,2533.6,580.791
2024-04-19 11:00:00,2533.5,2539.8,2515.7,2529.9,369.021
2024-04-19 15:00:00,2529.9,2545.7,2518.2,2519.7,225.273
2024-04-19 19:00:00,2520.2,2524.0,2499.6,2501.3,205.684
2024-04-19 23:00:00,2501.9,2515.1,2496.7,2512.2,590.274
2024-04-20 03:00:00,2512.2,2521.1,2500.9,2509.7,279.832
2024-04-20 07:00:00,2510.0,2511.9,2501.4,2502.3,143.007
2024-04-20 11:00:00,2502.1,2513.7,2501.3,2510.0,113.402
2024-04-20 15:00:00,2509.9,2511.7,2492.7,2493.8,213.974
2024-04-20 19:00:00,2493.8,2497.3,2456.9,2458.9,651.901
2024-04-20 23:00:00,2458.8,2458.9,2436.2,2454.1,391.549
2024-04-21 03:00:00,2454.0,2468.9,2450.3,2460.4,328.176
2024-04-21 07:00:00,2460.5,2463.2,2440.2,2449.6,214.033
2024-04-21 11:00:00,2449.1,2462.5,2442.4,2456.9,338.68
2024-04-21 15:00:00,2457.0,2471.2,2456.6,2464.1,287.391
2024-04-21 19:00:00,2464.0,2473.4,2457.8,2460.8,226.769
2024-04-21 23:00:00,2460.7,2471.5,2452.0,2468.3,262.673
2024-04-22 03:00:00,2468.2,2471.1,2454.0,2461.8,320.784
2024-04-22 07:00:00,2461.6,2463.1,2441.4,2457.1,209.615
2024-04-22 11:00:00,2456.8,2459.2,2441.1,2457.2,379.154
2024-04-22 15:00:00,2456.8,2473.6,2448.6,2464.3,201.158
2024-04-22 19:00:00,2464.2,2476.0,2462.8,2475.1,153.194
2024-04-22 23:00:00,2475.0,2476.3,2460.2,2470.7,158.426
2024-04-23 03:00:00,2470.7,2479.6,2462.5,2474.6,152.292
2024-04-23 07:00:00,2474.6,2485.4,2466.1,2477.2,176.21
2024-04-23 11:00:00,2477.3,2479.5,2461.4,2463.2,139.123
2024-04-23 15:00:00,2463.2,2468.7,2446.5,2449.0,212.045
2024-04-23 19:00:00,2449.1,2458.2,2447.1,2449.8,152.425
2024-04-23 23:00:00,2451.0,2458.4,2448.3,2458.4,66.029
2024-04-24 03:00:00,2458.4,2469.0,2449.9,2452.7,130.128
2024-04-24 07:00:00,2452.6,2453.4,2441.0,2444.2,100.689
2024-04-24 11:00:00,2444.1,2444.5,2420.4,2424.6,257.555
2024-04-24 15:00:00,2424.6,2444.1,2422.6,2440.2,221.044
2024-04-24 19:00:00,2440.8,2452.2,2431.4,2431.4,185.737
2024-04-24 23:00:00,2431.7,2454.4,2427.0,2445.2,200.306
2024-04-25 03:00:00,2445.8,2448.3,2433.9,2446.9,231.282
2024-04-25 07:00:00,2447.1,2458.0,2431.5,2441.7,227.616
2024-04-25 11:00:00,2441.7,2460.1,2433.8,2449.0,482.703
2024-04-25 15:00:00,2449.2,2450.2,2415.0,2424.8,369.56
2024-04-25 19:00:00,2424.8,2446.5,2423.2,2441.7,288.742
2024-04-25 23:00:00,2442.5,2447.6,2436.9,2444.9,104.395
2024-04-26 03:00:00,2445.5,2458.0,2441.9,2450.9,141.916
2024-04-26 07:00:00,2451.2,2455.2,2443.6,2451.5,77.343
2024-04-26 11:00:00,2451.2,2463.1,2449.9,2460.7,162.316
2024-04-26 15:00:00,2460.8,2461.5,2441.3,2442.5,213.346
2024-04-26 19:00:00,2442.4,2452.2,2436.0,2438.4,109.677
2024-04-26 23:00:00,2438.5,2462.5,2437.4,2454.7,161.699
2024-04-27 03:00:00,2454.7,2467.5,2439.4,2444.9,289.472
2024-04-27 07:00:00,2444.2,2446.6,2438.0,2445.5,103.69
2024-04-27 11:00:00,2445.2,2450.9,2441.8,2444.4,96.743
2024-04-27 15:00:00,2444.3,2445.7,2427.3,2434.2,127.158
2024-04-27 19:00:00,2433.8,2436.6,2372.0,2388.8,756.9
2024-04-27 23:00:00,2389.3,2393.1,2380.6,2385.2,177.243
2024-04-28 03:00:00,2385.2,2390.7,2365.0,2372.8,366.639
2024-04-28 07:00:00,2372.8,2377.1,2362.0,2367.3,178.395
2024-04-28 11:00:00,2367.3,2373.4,2362.9,2371.3,134.914
2024-04-28 15:00:00,2371.4,2374.2,2350.3,2357.7,224.595
2024-04-28 19:00:00,2357.6,2363.6,2350.4,2362.5,190.177
2024-04-28 23:00:00,2362.2,2380.4,2359.4,2378.2,167.239
2024-04-29 03:00:00,2378.5,2405.3,2373.1,2401.1,387.201
2024-04-29 07:00:00,2401.0,2410.0,2385.5,2407.6,311.758
2024-04-29 11:00:00,2407.6,2417.9,2402.9,2412.4,330.68
2024-04-29 15:00:00,2413.0,2429.9,2409.6,2419.9,413.381
2024-04-29 19:00:00,2419.9,2434.6,2418.0,2426.0,258.139
2024-04-29 23:00:00,2425.9,2435.0,2420.7,2432.9,347.254
2024-04-30 03:00:00,2432.9,2453.6,2430.8,2445.0,380.093
2024-04-30 07:00:00,2445.1,2447.2,2432.1,2438.0,137.834
2024-04-30 11:00:00,2438.3,2475.2,2436.2,2475.0,794.263
2024-04-30 15:00:00,2475.0,2493.8,2466.8,2478.8,1159.343
2024-04-30 19:00:00,2478.9,2500.0,2456.6,2456.6,1072.453
2024-04-30 23:00:00,2456.9,2461.1,2444.8,2454.3,600.44
2024-05-01 03:00:00,2454.2,2459.2,2437.9,2444.5,312.869
2024-05-01 07:00:00,2444.5,2460.0,2421.7,2435.3,633.546
2024-05-01 11:00:00,2435.5,2445.2,2411.7,2422.7,522.201
2024-05-01 15:00:00,2422.7,2422.9,2395.2,2395.2,252.998
2024-05-01 19:00:00,2395.2,2405.1,2342.5,2353.4,742.639
2024-05-01 23:00:00,2353.2,2363.2,2348.9,2361.4,298.444
2024-05-02 03:00:00,2361.8,2381.2,2346.8,2371.0,352.382
2024-05-02 07:00:00,2370.2,2383.1,2367.0,2378.2,116.683
2024-05-02 11:00:00,2379.0,2381.0,2337.3,2353.1,317.588
2024-05-02 15:00:00,2352.0,2378.4,2350.4,2376.1,201.888
2024-05-02 19:00:00,2376.1,2382.7,2367.2,2375.6,104.635
2024-05-02 23:00:00,2375.7,2379.7,2362.1,2376.2,102.632
2024-05-03 03:00:00,2375.6,2386.0,2366.8,2380.9,134.087
2024-05-03 07:00:00,2381.0,2395.5,2378.7,2392.3,130.998
2024-05-03 11:00:00,2392.4,2393.7,2383.0,2392.3,126.324
2024-05-03 15:00:00,2392.9,2426.6,2384.1,2412.4,358.83
2024-05-03 19:00:00,2412.4,2420.3,2403.8,2420.3,119.457
2024-05-03 23:00:00,2420.4,2435.0,2418.8,2430.3,154.595
2024-05-04 03:00:00,2429.7,2443.4,2421.3,2424.1,133.694
2024-05-04 07:00:00,2424.1,2441.4,2418.7,2440.3,99.22
2024-05-04 11:00:00,2440.4,2451.0,2435.4,2447.4,151.572
2024-05-04 15:00:00,2447.8,2449.9,2433.9,2435.7,137.574
2024-05-04 19:00:00,2435.9,2444.6,2434.0,2439.9,84.221
2024-05-04 23:00:00,2440.6,2463.8,2439.7,2460.3,143.205
2024-05-05 03:00:00,2460.2,2469.8,2449.7,2454.5,265.482
2024-05-05 07:00:00,2453.9,2461.9,2452.2,2460.4,70.788
2024-05-05 11:00:00,2460.5,2462.0,2428.6,2448.1,140.571
2024-05-05 15:00:00,2448.3,2453.0,2437.6,2447.6,153.191
2024-05-05 19:00:00,2447.6,2453.9,2438.3,2439.2,82.501
2024-05-05 23:00:00,2439.4,2451.7,2435.1,2447.8,56.079
2024-05-06 03:00:00,2447.8,2448.7,2437.4,2441.1,110.843
2024-05-06 07:00:00,2441.1,2445.6,2423.2,2432.7,127.753
2024-05-06 11:00:00,2432.5,2437.5,2425.8,2429.4,145.702
2024-05-06 15:00:00,2429.5,2450.0,2429.1,2440.0,245.251
2024-05-06 19:00:00,2440.8,2443.5,2432.6,2436.9,60.596
2024-05-06 23:00:00,2436.3,2444.8,2433.9,2442.7,62.551
2024-05-07 03:00:00,2442.2,2470.0,2438.1,2456.7,294.587
2024-05-07 07:00:00,2457.2,2465.4,2452.4,2459.2,93.187
2024-05-07 11:00:00,2459.4,2460.5,2444.4,2456.7,94.557
2024-05-07 15:00:00,2456.7,2458.2,2446.8,2456.7,196.951
2024-05-07 19:00:00,2457.2,2459.1,2449.3,2453.2,75.531
2024-05-07 23:00:00,2453.2,2463.7,2449.4,2463.1,106.231
2024-05-08 03:00:00,2463.1,2469.3,2456.8,2463.9,145.476
2024-05-08 07:00:00,2463.9,2471.9,2461.1,2469.0,79.042
2024-05-08 11:00:00,2469.3,2479.9,2464.4,2475.5,267.123
2024-05-08 15:00:00,2475.5,2479.2,2446.9,2458.4,254.852
2024-05-08 19:00:00,2458.5,2467.0,2456.0,2457.5,92.428
2024-05-08 23:00:00,2456.9,2477.5,2437.9,2440.3,257.056
2024-05-09 03:00:00,2440.2,2445.5,2429.2,2437.1,218.774
2024-05-09 07:00:00,2436.7,2437.1,2425.0,2430.8,65.309
2024-05-09 11:00:00,2430.8,2443.4,2428.2,2432.2,103.07
2024-05-09 15:00:00,2432.2,2449.1,2430.6,2448.4,163.276
2024-05-09 19:00:00,2448.2,2456.4,2440.4,2443.6,121.565
2024-05-09 23:00:00,2443.6,2456.3,2440.4,2454.3,160.781
2024-05-10 03:00:00,2454.4,2460.0,2443.1,2451.6,105.747
2024-05-10 07:00:00,2451.8,2456.4,2446.0,2450.4,59.914
2024-05-10 11:00:00,2450.5,2462.7,2448.8,2459.6,65.118
2024-05-10 15:00:00,2459.6,2467.5,2446.3,2458.9,317.673
2024-05-10 19:00:00,2459.0,2464.2,2446.6,2455.2,216.762
2024-05-10 23:00:00,2456.7,2470.0,2453.1,2460.5,122.579
2024-05-11 03:00:00,2460.3,2463.7,2449.5,2460.1,84.808
2024-05-11 07:00:00,2460.1,2462.8,2452.8,2458.8,62.641
2024-05-11 11:00:00,2458.8,2466.2,2457.2,2459.3,52.658
2024-05-11 15:00:00,2459.5,2466.9,2457.9,2462.7,103.465
2024-05-11 19:00:00,2462.2,2466.5,2454.4,2455.9,68.508
2024-05-11 23:00:00,2456.0,2462.2,2454.8,2457.2,32.729
2024-05-12 03:00:00,2458.0,2460.3,2452.9,2455.8,32.619
2024-05-12 07:00:00,2455.8,2466.1,2453.1,2466.0,34.086
2024-05-12 11:00:00,2466.2,2472.5,2457.4,2462.0,116.709
2024-05-12 15:00:00,2461.7,2470.3,2459.4,2467.0,69.127
2024-05-12 19:00:00,2467.2,2476.7,2466.4,2474.1,122.33
2024-05-12 23:00:00,2474.2,2483.0,2468.5,2482.8,68.591
2024-05-13 03:00:00,2483.0,2519.0,2475.8,2506.8,518.099
2024-05-13 07:00:00,2506.8,2514.3,2489.5,2499.6,361.034
2024-05-13 11:00:00,2498.4,2508.0,2489.9,2503.7,135.005
2024-05-13 15:00:00,2503.4,2514.5,2500.4,2510.0,97.867
2024-05-13 19:00:00,2510.1,2522.3,2500.0,2518.4,148.242
2024-05-13 23:00:00,2517.9,2522.8,2514.5,2519.8,133.167
2024-05-14 03:00:00,2519.9,2527.0,2506.8,2510.7,287.064
2024-05-14 07:00:00,2510.7,2520.0,2500.8,2502.1,164.506
2024-05-14 11:00:00,2502.4,2505.4,2496.5,2501.9,66.363
2024-05-14 15:00:00,2501.9,2532.1,2492.4,2524.7,365.501
2024-05-14 19:00:00,2524.8,2528.9,2511.9,2519.2,221.524
2024-05-14 23:00:00,2518.9,2540.3,2518.2,2533.1,202.779
2024-05-15 03:00:00,2533.1,2541.7,2528.9,2529.5,141.647
2024-05-15 07:00:00,2529.2,2534.2,2526.5,2532.5,64.586
2024-05-15 11:00:00,2532.5,2560.0,2531.3,2556.3,334.577
2024-05-15 15:00:00,2556.7,2571.8,2549.7,2567.3,787.448
2024-05-15 19:00:00,2567.6,2599.0,2565.5,2579.3,385.549
2024-05-15 23:00:00,2579.1,2591.7,2567.4,2577.9,263.481
2024-05-16 03:00:00,2577.9,2585.0,2569.0,2571.1,131.382
2024-05-16 07:00:00,2570.7,2580.0,2564.3,2578.2,135.026
2024-05-16 11:00:00,2577.9,2601.0,2576.3,2599.0,334.5
2024-05-16 15:00:00,2599.0,2629.4,2596.6,2612.5,640.88
2024-05-16 19:00:00,2612.6,2615.5,2580.5,2592.8,353.032
2024-05-16 23:00:00,2592.5,2609.4,2592.1,2593.6,106.019
2024-05-17 03:00:00,2593.8,2602.0,2588.5,2595.3,136.605
2024-05-17 07:00:00,2595.5,2609.3,2553.6,2564.3,396.01
2024-05-17 11:00:00,2564.8,2567.3,2545.9,2558.8,215.316
2024-05-17 15:00:00,2558.8,2568.2,2533.9,2551.2,415.249
2024-05-17 19:00:00,2550.7,2563.3,2544.8,2562.5,233.991
2024-05-17 23:00:00,2562.9,2563.5,2543.0,2554.9,122.091
2024-05-18 03:00:00,2554.9,2556.9,2531.0,2532.6,137.966
2024-05-18 07:00:00,2533.3,2549.0,2532.6,2540.8,89.172
2024-05-18 11:00:00,2540.8,2542.6,2528.4,2533.9,141.493
2024-05-18 15:00:00,2534.0,2546.0,2532.4,2536.8,135.169
2024-05-18 19:00:00,2536.7,2544.1,2533.7,2536.4,60.944
2024-05-18 23:00:00,2537.2,2540.8,2534.1,2535.9,45.812
2024-05-19 03:00:00,2536.1,2539.7,2527.9,2532.7,93.221
2024-05-19 07:00:00,2532.2,2549.7,2531.9,2548.5,126.018
2024-05-19 11:00:00,2548.7,2565.9,2546.3,2561.5,231.134
2024-05-19 15:00:00,2561.5,2578.4,2559.5,2570.2,475.661
2024-05-19 19:00:00,2570.2,2576.4,2544.4,2547.3,319.77
2024-05-19 23:00:00,2547.4,2557.4,2544.6,2552.1,143.548
2024-05-20 03:00:00,2552.6,2565.0,2543.1,2549.7,178.105
2024-05-20 07:00:00,2549.7,2553.2,2530.1,2545.3,164.679
2024-05-20 11:00:00,2545.3,2556.5,2538.1,2554.0,90.297
2024-05-20 15:00:00,2553.6,2563.7,2548.1,2551.2,175.582
2024-05-20 19:00:00,2551.1,2583.6,2460.6,2475.9,1220.545
2024-05-20 23:00:00,2475.6,2482.9,2373.0,2424.0,1970.087
2024-05-21 03:00:00,2424.0,2427.8,2397.4,2416.4,654.338
2024-05-21 07:00:00,2415.8,2436.3,2399.5,2399.5,457.56
2024-05-21 11:00:00,2399.5,2409.9,2365.3,2376.6,537.794
2024-05-21 15:00:00,2375.8,2391.2,2336.2,2340.8,1237.83
2024-05-21 19:00:00,2341.3,2362.1,2322.4,2350.3,973.419
2024-05-21 23:00:00,2350.5,2352.5,2332.2,2340.7,277.353
2024-05-22 03:00:00,2340.1,2346.7,2329.6,2334.3,300.487
2024-05-22 07:00:00,2334.1,2349.9,2331.3,2341.8,295.476
2024-05-22 11:00:00,2341.3,2370.9,2338.8,2370.7,419.095
2024-05-22 15:00:00,2370.7,2388.9,2354.3,2359.2,693.049
2024-05-22 19:00:00,2360.1,2366.7,2346.3,2356.2,441.643
2024-05-22 23:00:00,2356.7,2361.5,2332.0,2343.9,488.646
2024-05-23 03:00:00,2343.6,2352.7,2330.0,2332.1,307.732
2024-05-23 07:00:00,2331.9,2344.5,2327.0,2334.1,324.488
2024-05-23 11:00:00,2334.0,2342.9,2308.4,2309.4,754.447
2024-05-23 15:00:00,2309.2,2339.7,2291.2,2307.4,1662.81
2024-05-23 19:00:00,2307.4,2326.6,2292.7,2294.4,961.673
2024-05-23 23:00:00,2295.0,2380.0,2273.2,2304.4,3057.506
2024-05-24 03:00:00,2304.9,2315.6,2284.3,2298.0,420.463
2024-05-24 07:00:00,2298.2,2341.0,2287.9,2333.5,562.238
2024-05-24 11:00:00,2333.6,2346.8,2320.5,2322.0,300.002
2024-05-24 15:00:00,2321.9,2358.5,2312.5,2357.9,565.993
2024-05-24 19:00:00,2357.5,2378.5,2350.4,2360.0,598.118
2024-05-24 23:00:00,2359.3,2362.6,2348.0,2349.3,133.673
2024-05-25 03:00:00,2349.8,2363.0,2346.6,2346.7,118.97
2024-05-25 07:00:00,2346.7,2347.1,2333.1,2345.8,107.857
2024-05-25 11:00:00,2345.8,2365.8,2345.0,2357.6,185.38
2024-05-25 15:00:00,2358.4,2369.9,2352.8,2354.0,159.437
2024-05-25 19:00:00,2352.9,2361.1,2350.9,2354.9,122.413
2024-05-25 23:00:00,2355.0,2363.1,2354.9,2356.4,64.529
2024-05-26 03:00:00,2356.9,2360.4,2343.4,2343.7,83.466
2024-05-26 07:00:00,2344.0,2356.1,2344.0,2350.0,65.587
2024-05-26 11:00:00,2350.0,2353.6,2336.8,2339.4,128.193
2024-05-26 15:00:00,2339.4,2346.7,2314.8,2325.7,265.554
2024-05-26 19:00:00,2326.1,2329.3,2311.6,2314.8,136.201
2024-05-26 23:00:00,2314.8,2322.7,2311.0,2319.6,188.412
2024-05-27 03:00:00,2319.7,2322.2,2289.5,2295.3,170.202
2024-05-27 07:00:00,2294.6,2298.0,2286.9,2291.1,138.052
2024-05-27 11:00:00,2290.7,2295.9,2280.9,2284.9,129.655
2024-05-27 15:00:00,2284.9,2312.4,2281.4,2305.7,304.007
2024-05-27 19:00:00,2306.2,2318.7,2303.0,2314.5,216.218
2024-05-27 23:00:00,2314.0,2321.2,2305.7,2307.7,158.055
2024-05-28 03:00:00,2307.9,2314.0,2290.0,2291.8,310.294
2024-05-28 07:00:00,2292.6,2297.9,2286.0,2287.6,226.159
2024-05-28 11:00:00,2287.1,2290.4,2278.8,2280.1,199.386
2024-05-28 15:00:00,2280.1,2300.3,2274.1,2297.6,261.673
2024-05-28 19:00:00,2297.5,2309.8,2292.7,2302.7,188.826
2024-05-28 23:00:00,2302.5,2304.8,2298.4,2303.8,70.975
2024-05-29 03:00:00,2303.8,2314.4,2300.9,2306.2,150.524
2024-05-29 07:00:00,2306.2,2307.0,2290.0,2293.4,96.67
2024-05-29 11:00:00,2292.7,2308.8,2290.0,2295.7,358.517
2024-05-29 15:00:00,2296.0,2310.7,2294.1,2304.0,219.384
2024-05-29 19:00:00,2303.8,2308.5,2299.3,2304.5,122.724
2024-05-29 23:00:00,2304.6,2313.0,2302.2,2311.8,115.238
2024-05-30 03:00:00,2311.4,2317.0,2309.6,2312.9,75.328
2024-05-30 07:00:00,2312.9,2346.7,2312.9,2342.8,367.727
2024-05-30 11:00:00,2342.8,2347.0,2333.3,2336.3,207.522
2024-05-30 15:00:00,2336.1,2341.1,2327.7,2336.3,152.45
2024-05-30 19:00:00,2336.5,2348.8,2332.9,2348.8,177.172
2024-05-30 23:00:00,2348.9,2359.2,2348.3,2351.6,135.987
2024-05-31 03:00:00,2351.9,2358.3,2349.7,2351.2,96.153
2024-05-31 07:00:00,2351.2,2361.0,2349.7,2354.5,84.625
2024-05-31 11:00:00,2354.8,2357.4,2324.3,2327.1,292.605
2024-05-31 15:00:00,2327.1,2335.4,2309.9,2325.3,1023.802
2024-05-31 19:00:00,2325.4,2328.3,2310.4,2317.3,105.631
2024-05-31 23:00:00,2317.2,2322.3,2310.5,2322.3,60.033
2024-06-01 03:00:00,2322.3,2325.6,2312.4,2318.9,127.08
2024-06-01 07:00:00,2318.8,2322.0,2308.3,2318.6,157.704
2024-06-01 11:00:00,2318.6,2319.5,2308.7,2313.1,41.744
2024-06-01 15:00:00,2313.2,2314.0,2303.0,2307.0,132.083
2024-06-01 19:00:00,2307.0,2310.8,2304.4,2306.4,49.895
2024-06-01 23:00:00,2306.6,2306.8,2298.2,2306.0,50.703
2024-06-02 03:00:00,2306.1,2308.1,2296.2,2307.1,48.023
2024-06-02 07:00:00,2306.9,2313.9,2303.2,2313.8,46.4
2024-06-02 11:00:00,2313.7,2325.2,2313.4,2325.0,112.65
2024-06-02 15:00:00,2324.8,2330.4,2319.0,2325.8,148.722
2024-06-02 19:00:00,2325.8,2341.2,2325.0,2327.8,168.634
2024-06-02 23:00:00,2327.8,2332.7,2325.0,2326.6,96.664
2024-06-03 03:00:00,2326.4,2339.5,2325.7,2334.8,94.799
2024-06-03 07:00:00,2334.8,2337.8,2326.3,2331.5,94.723
2024-06-03 11:00:00,2331.5,2341.2,2331.5,2340.5,82.712
2024-06-03 15:00:00,2340.1,2365.0,2339.4,2362.7,304.277
2024-06-03 19:00:00,2362.8,2367.3,2353.0,2355.3,127.81
2024-06-03 23:00:00,2355.8,2361.8,2349.8,2353.0,72.653
2024-06-04 03:00:00,2352.5,2363.6,2352.1,2356.0,186.62
2024-06-04 07:00:00,2355.6,2359.3,2353.3,2354.4,95.984
2024-06-04 11:00:00,2354.0,2360.9,2347.0,2348.4,241.974
2024-06-04 15:00:00,2348.4,2366.8,2347.4,2363.0,266.966
2024-06-04 19:00:00,2363.5,2373.7,2356.2,2357.9,230.189
2024-06-04 23:00:00,2358.3,2363.5,2350.1,2351.0,74.505
2024-06-05 03:00:00,2351.3,2358.8,2345.3,2357.0,201.744
2024-06-05 07:00:00,2356.2,2371.1,2354.6,2361.7,169.747
2024-06-05 11:00:00,2361.8,2363.4,2356.2,2359.9,87.153
2024-06-05 15:00:00,2360.0,2372.2,2352.6,2371.5,120.509
2024-06-05 19:00:00,2371.6,2375.0,2340.3,2343.2,217.41
2024-06-05 23:00:00,2343.5,2350.0,2335.0,2339.2,128.118
2024-06-06 03:00:00,2339.2,2342.9,2336.6,2341.4,136.111
2024-06-06 07:00:00,2341.2,2348.7,2338.9,2344.9,60.092
2024-06-06 11:00:00,2344.9,2347.5,2341.4,2347.4,57.242
2024-06-06 15:00:00,2347.5,2361.6,2346.9,2353.4,215.032
2024-06-06 19:00:00,2353.0,2364.3,2345.1,2357.4,100.306
2024-06-06 23:00:00,2357.4,2365.4,2353.8,2355.2,97.654
2024-06-07 03:00:00,2355.2,2366.1,2354.5,2363.9,112.111
2024-06-07 07:00:00,2364.0,2366.6,2360.6,2363.1,43.676
2024-06-07 11:00:00,2362.9,2372.2,2361.4,2368.5,85.979
2024-06-07 15:00:00,2368.1,2374.9,2360.3,2367.3,178.079
2024-06-07 19:00:00,2367.2,2469.9,2363.2,2399.9,1615.546
2024-06-07 23:00:00,2398.8,2404.0,2390.7,2400.7,409.159
2024-06-08 03:00:00,2400.6,2412.7,2397.5,2398.7,294.682
2024-06-08 07:00:00,2398.8,2403.5,2390.0,2390.7,121.758
2024-06-08 11:00:00,2391.4,2412.4,2390.0,2409.8,258.137
2024-06-08 15:00:00,2410.0,2421.1,2402.9,2408.6,765.757
2024-06-08 19:00:00,2408.6,2420.5,2406.8,2414.9,156.412
2024-06-08 23:00:00,2414.8,2422.0,2412.0,2414.4,207.214
2024-06-09 03:00:00,2414.4,2424.0,2408.0,2417.6,187.52
2024-06-09 07:00:00,2418.3,2420.4,2407.6,2408.8,128.377
2024-06-09 11:00:00,2408.8,2413.7,2405.0,2408.7,85.443
2024-06-09 15:00:00,2409.4,2413.5,2406.4,2412.2,114.217
2024-06-09 19:00:00,2412.2,2566.2,2407.7,2411.7,810.248
2024-06-09 23:00:00,2411.6,2418.0,2407.1,2409.8,176.176
2024-06-10 03:00:00,2409.9,2425.3,2407.7,2423.2,90.858
2024-06-10 07:00:00,2423.2,2449.9,2422.7,2449.6,231.437
2024-06-10 11:00:00,2449.7,2449.9,2427.9,2436.4,238.918
2024-06-10 15:00:00,2436.6,2440.2,2426.8,2430.0,123.174
2024-06-10 19:00:00,2430.0,2437.1,2429.1,2433.8,73.419
2024-06-10 23:00:00,2434.3,2458.2,2434.3,2451.9,158.898
2024-06-11 03:00:00,2451.3,2479.3,2440.8,2450.9,498.494
2024-06-11 07:00:00,2451.1,2471.0,2446.9,2461.8,344.922
2024-06-11 11:00:00,2461.9,2464.1,2437.9,2443.8,266.475
2024-06-11 15:00:00,2443.5,2515.2,2442.1,2480.3,681.147
2024-06-11 19:00:00,2480.3,2494.7,2469.3,2485.9,555.778
2024-06-11 23:00:00,2486.1,2493.9,2483.0,2487.4,188.948
2024-06-12 03:00:00,2487.5,2507.6,2477.9,2478.6,417.238
2024-06-12 07:00:00,2478.5,2482.5,2462.9,2464.3,317.175
2024-06-12 11:00:00,2464.4,2479.3,2460.6,2478.8,199.515
2024-06-12 15:00:00,2479.3,2481.1,2452.3,2473.3,501.25
2024-06-12 19:00:00,2473.2,2479.4,2454.8,2457.6,356.469
2024-06-12 23:00:00,2457.6,2467.9,2450.0,2457.5,248.779
2024-06-13 03:00:00,2457.5,2493.0,2454.0,2473.6,414.521
2024-06-13 07:00:00,2473.8,2486.6,2461.7,2479.1,301.361
2024-06-13 11:00:00,2478.9,2495.0,2472.5,2493.7,147.962
2024-06-13 15:00:00,2493.6,2497.6,2470.5,2486.1,311.738
2024-06-13 19:00:00,2485.5,2487.6,2463.1,2464.3,185.597
2024-06-13 23:00:00,2464.9,2488.2,2464.2,2483.0,102.264
2024-06-14 03:00:00,2483.1,2486.0,2462.0,2468.2,107.371
2024-06-14 07:00:00,2468.2,2469.2,2456.0,2457.1,100.845
2024-06-14 11:00:00,2457.1,2466.3,2455.6,2459.5,38.391
2024-06-14 15:00:00,2459.5,2486.9,2458.9,2480.5,186.169
2024-06-14 19:00:00,2480.4,2510.0,2479.0,2488.9,478.907
2024-06-14 23:00:00,2488.8,2496.0,2456.6,2463.8,377.804
2024-06-15 03:00:00,2463.8,2470.8,2457.6,2459.2,128.728
2024-06-15 07:00:00,2459.2,2462.3,2433.4,2441.2,197.719
2024-06-15 11:00:00,2441.4,2447.8,2438.7,2442.2,70.534
2024-06-15 15:00:00,2442.2,2444.1,2418.1,2428.7,104.513
2024-06-15 19:00:00,2428.4,2431.9,2422.0,2426.0,61.001
2024-06-15 23:00:00,2426.2,2430.5,2421.6,2423.5,50.544
2024-06-16 03:00:00,2422.5,2432.3,2421.1,2431.1,142.908
2024-06-16 07:00:00,2431.4,2438.0,2425.4,2428.7,54.042
2024-06-16 11:00:00,2428.9,2439.6,2428.9,2435.8,59.866
2024-06-16 15:00:00,2436.0,2439.6,2419.9,2420.6,61.665
2024-06-16 19:00:00,2420.5,2423.0,2402.8,2413.2,164.014
2024-06-16 23:00:00,2413.3,2415.4,2393.3,2403.7,124.725
2024-06-17 03:00:00,2403.5,2419.8,2398.8,2418.0,100.457
2024-06-17 07:00:00,2417.5,2436.0,2415.6,2428.2,158.35
2024-06-17 11:00:00,2427.8,2454.8,2426.9,2435.9,197.347
2024-06-17 15:00:00,2435.9,2443.1,2420.0,2440.7,111.314
2024-06-17 19:00:00,2441.0,2462.5,2435.7,2445.2,277.163
2024-06-17 23:00:00,2445.1,2473.4,2445.1,2471.0,178.944
2024-06-18 03:00:00,2471.0,2615.0,2465.0,2506.1,1454.803
2024-06-18 07:00:00,2506.4,2515.2,2502.4,2507.3,391.894
2024-06-18 11:00:00,2507.6,2527.2,2499.9,2517.3,558.045
2024-06-18 15:00:00,2517.4,2536.4,2491.9,2496.3,1056.631
2024-06-18 19:00:00,2496.6,2521.6,2491.8,2492.9,655.288
2024-06-18 23:00:00,2492.8,2496.6,2474.1,2478.0,660.949
2024-06-19 03:00:00,2477.8,2480.8,2432.2,2433.4,358.391
2024-06-19 07:00:00,2433.5,2446.2,2426.8,2434.9,501.451
2024-06-19 11:00:00,2435.2,2456.2,2431.8,2445.4,274.032
2024-06-19 15:00:00,2445.7,2454.6,2436.8,2443.8,105.0
2024-06-19 19:00:00,2443.8,2444.7,2419.0,2430.5,163.957
2024-06-19 23:00:00,2430.6,2438.8,2426.0,2431.0,82.556
2024-06-20 03:00:00,2431.4,2450.0,2426.0,2447.8,96.574
2024-06-20 07:00:00,2448.1,2450.0,2429.1,2432.8,127.927
2024-06-20 11:00:00,2432.5,2447.5,2430.8,2442.8,156.865
2024-06-20 15:00:00,2442.8,2460.9,2441.2,2457.4,315.36
2024-06-20 19:00:00,2457.2,2463.8,2441.4,2446.7,167.421
2024-06-20 23:00:00,2446.5,2463.0,2445.8,2456.7,115.318
2024-06-21 03:00:00,2457.0,2467.0,2446.3,2451.7,85.283
2024-06-21 07:00:00,2451.5,2467.2,2445.7,2456.1,123.219
2024-06-21 11:00:00,2456.1,2460.5,2420.0,2420.6,212.845
2024-06-21 15:00:00,2421.0,2445.8,2418.6,2432.8,157.2
2024-06-21 19:00:00,2432.5,2448.9,2423.8,2427.8,106.464
2024-06-21 23:00:00,2427.6,2433.4,2423.8,2430.8,63.569
2024-06-22 03:00:00,2431.0,2443.0,2431.0,2441.5,48.593
2024-06-22 07:00:00,2441.5,2456.0,2441.0,2454.0,62.418
2024-06-22 11:00:00,2454.3,2462.1,2443.0,2445.1,136.935
2024-06-22 15:00:00,2445.1,2451.7,2432.7,2438.9,160.687
2024-06-22 19:00:00,2438.8,2444.7,2437.6,2443.6,26.923
2024-06-22 23:00:00,2443.5,2446.8,2437.9,2443.6,55.462
2024-06-23 03:00:00,2443.6,2445.4,2433.3,2433.3,60.276
2024-06-23 07:00:00,2433.3,2439.9,2432.8,2437.6,36.686
2024-06-23 11:00:00,2437.5,2447.4,2436.8,2443.3,81.525
2024-06-23 15:00:00,2443.1,2456.6,2442.0,2455.2,101.007
2024-06-23 19:00:00,2454.7,2460.6,2450.8,2455.0,125.879
2024-06-23 23:00:00,2455.0,2478.0,2454.3,2459.5,151.543
2024-06-24 03:00:00,2459.2,2467.4,2447.6,2457.7,201.909
2024-06-24 07:00:00,2458.0,2480.7,2456.5,2468.2,381.002
2024-06-24 11:00:00,2467.7,2499.0,2430.9,2441.6,627.182
2024-06-24 15:00:00,2441.6,2456.7,2434.5,2449.3,287.97
2024-06-24 19:00:00,2450.1,2453.7,2384.7,2386.2,552.558
2024-06-24 23:00:00,2386.2,2388.3,2362.8,2376.2,485.041
2024-06-25 03:00:00,2376.1,2394.0,2365.7,2389.3,286.63
2024-06-25 07:00:00,2390.0,2391.8,2372.9,2373.7,118.621
2024-06-25 11:00:00,2373.8,2390.5,2370.0,2381.3,104.482
2024-06-25 15:00:00,2381.2,2395.3,2373.7,2375.7,119.674
2024-06-25 19:00:00,2375.5,2391.5,2370.8,2384.4,127.461
2024-06-25 23:00:00,2384.4,2394.6,2381.2,2390.4,73.175
2024-06-26 03:00:00,2390.2,2397.3,2381.2,2393.6,193.038
2024-06-26 07:00:00,2393.6,2396.1,2383.2,2384.2,73.73
2024-06-26 11:00:00,2384.2,2391.1,2383.8,2388.9,73.177
2024-06-26 15:00:00,2388.5,2404.5,2387.3,2400.2,130.82
2024-06-26 19:00:00,2400.6,2403.6,2358.1,2358.4,238.74
2024-06-26 23:00:00,2358.1,2376.7,2355.1,2376.3,99.201
2024-06-27 03:00:00,2376.1,2382.5,2371.4,2376.1,99.28
2024-06-27 07:00:00,2375.7,2383.6,2375.2,2376.7,48.972
2024-06-27 11:00:00,2376.6,2379.8,2369.6,2369.9,82.069
2024-06-27 15:00:00,2369.9,2370.5,2342.1,2343.3,287.617
2024-06-27 19:00:00,2343.6,2354.2,2336.3,2336.7,77.086
2024-06-27 23:00:00,2337.1,2340.9,2333.4,2339.6,70.169
2024-06-28 03:00:00,2339.7,2347.1,2335.1,2342.5,144.134
2024-06-28 07:00:00,2342.5,2347.7,2340.1,2343.5,50.877
2024-06-28 11:00:00,2343.5,2347.5,2339.7,2342.9,85.951
2024-06-28 15:00:00,2343.5,2345.5,2329.7,2343.9,247.775
2024-06-28 19:00:00,2343.9,2354.7,2331.2,2331.6,136.758
2024-06-28 23:00:00,2331.1,2352.5,2328.9,2350.1,165.593
2024-06-29 03:00:00,2350.2,2357.8,2347.0,2350.0,165.08
2024-06-29 07:00:00,2350.0,2357.1,2350.0,2354.5,88.114
2024-06-29 11:00:00,2354.4,2357.2,2350.7,2355.7,42.54
2024-06-29 15:00:00,2355.7,2366.4,2354.5,2360.0,169.257
2024-06-29 19:00:00,2360.0,2366.5,2358.6,2362.8,107.189
2024-06-29 23:00:00,2362.9,2373.0,2361.5,2369.5,60.453
2024-06-30 03:00:00,2369.5,2379.1,2365.8,2374.6,107.246
2024-06-30 07:00:00,2374.6,2383.2,2370.4,2376.9,114.75
2024-06-30 11:00:00,2376.9,2383.1,2372.4,2382.2,55.336
2024-06-30 15:00:00,2382.1,2384.3,2375.1,2376.4,62.611
2024-06-30 19:00:00,2376.4,2381.5,2365.1,2371.7,100.345
2024-06-30 23:00:00,2371.6,2390.8,2370.9,2388.8,97.211
2024-07-01 03:00:00,2389.3,2396.1,2375.9,2381.1,207.223
2024-07-01 07:00:00,2381.1,2388.0,2378.6,2381.1,59.477
2024-07-01 11:00:00,2381.1,2381.1,2368.7,2377.1,65.131
2024-07-01 15:00:00,2377.1,2385.6,2372.6,2385.6,62.96
2024-07-01 19:00:00,2385.6,2400.0,2384.0,2388.7,88.318
2024-07-01 23:00:00,2388.5,2399.2,2385.5,2393.9,36.862
2024-07-02 03:00:00,2393.7,2424.3,2390.7,2392.3,193.703
2024-07-02 07:00:00,2392.1,2393.4,2382.9,2384.1,43.511
2024-07-02 11:00:00,2384.3,2386.2,2375.4,2378.2,28.944
2024-07-02 15:00:00,2378.2,2382.7,2367.0,2367.1,74.659
2024-07-02 19:00:00,2367.1,2370.4,2352.7,2355.1,146.944
2024-07-02 23:00:00,2355.4,2360.3,2352.4,2358.3,54.053
2024-07-03 03:00:00,2358.4,2362.7,2345.5,2353.7,111.097
2024-07-03 07:00:00,2354.4,2365.7,2354.3,2362.1,94.539
2024-07-03 11:00:00,2363.3,2375.0,2347.3,2371.7,157.845
2024-07-03 15:00:00,2372.4,2383.2,2370.9,2374.7,182.374
2024-07-03 19:00:00,2374.1,2396.8,2374.1,2382.9,144.383
2024-07-03 23:00:00,2382.6,2390.0,2375.9,2385.6,149.332
2024-07-04 03:00:00,2385.1,2413.3,2382.6,2390.6,395.761
2024-07-04 07:00:00,2390.4,2407.7,2383.6,2396.1,153.11
2024-07-04 11:00:00,2396.0,2399.3,2373.8,2395.6,352.7
2024-07-04 15:00:00,2395.6,2421.8,2385.5,2421.0,620.304
2024-07-04 19:00:00,2421.1,2439.0,2418.3,2437.2,465.744
2024-07-04 23:00:00,2437.1,2460.0,2425.8,2448.8,608.52
2024-07-05 03:00:00,2448.3,2552.0,2442.0,2518.3,3002.627
2024-07-05 07:00:00,2517.9,2542.9,2463.7,2483.8,1666.834
2024-07-05 11:00:00,2483.6,2521.3,2463.3,2468.1,1286.685
2024-07-05 15:00:00,2468.0,2475.4,2450.0,2474.0,1192.036
2024-07-05 19:00:00,2474.0,2481.9,2454.1,2460.5,490.889
2024-07-05 23:00:00,2460.8,2475.8,2460.7,2470.8,163.758
2024-07-06 03:00:00,2470.9,2477.5,2444.1,2459.5,301.939
2024-07-06 07:00:00,2459.7,2468.2,2435.3,2444.9,225.449
2024-07-06 11:00:00,2445.0,2448.2,2434.8,2437.6,120.617
2024-07-06 15:00:00,2437.7,2449.7,2437.7,2444.2,132.863
2024-07-06 19:00:00,2443.3,2448.0,2430.0,2430.1,131.329
2024-07-06 23:00:00,2430.5,2442.7,2426.7,2439.0,179.02
2024-07-07 03:00:00,2439.1,2460.0,2438.8,2446.3,254.059
2024-07-07 07:00:00,2446.1,2468.1,2444.3,2462.9,192.049
2024-07-07 11:00:00,2462.9,2470.0,2455.4,2457.7,169.302
2024-07-07 15:00:00,2457.7,2484.3,2456.3,2475.1,268.239
2024-07-07 19:00:00,2475.1,2480.2,2463.1,2478.5,221.497
2024-07-07 23:00:00,2478.4,2507.9,2473.5,2475.5,283.098
2024-07-08 03:00:00,2475.3,2505.4,2463.9,2478.8,492.964
2024-07-08 07:00:00,2478.8,2480.1,2454.6,2466.1,209.247
2024-07-08 11:00:00,2466.2,2467.3,2418.7,2418.8,578.357
2024-07-08 15:00:00,2418.8,2455.3,2418.1,2427.0,494.98
2024-07-08 19:00:00,2427.2,2443.9,2423.8,2431.3,224.39
2024-07-08 23:00:00,2431.1,2437.7,2416.1,2428.9,359.256
2024-07-09 03:00:00,2428.5,2431.4,2416.0,2421.2,184.747
2024-07-09 07:00:00,2421.2,2430.1,2414.5,2417.0,178.915
2024-07-09 11:00:00,2417.2,2426.7,2414.3,2416.4,79.923
2024-07-09 15:00:00,2416.9,2433.5,2416.9,2430.3,153.386
2024-07-09 19:00:00,2429.4,2450.0,2427.7,2441.8,91.845
2024-07-09 23:00:00,2441.1,2451.7,2438.1,2451.5,67.129
2024-07-10 03:00:00,2451.5,2457.0,2441.5,2449.7,76.859
2024-07-10 07:00:00,2449.7,2470.2,2448.2,2461.3,179.166
2024-07-10 11:00:00,2462.4,2463.0,2439.5,2442.1,81.17
2024-07-10 15:00:00,2441.0,2442.1,2400.6,2403.4,322.481
2024-07-10 19:00:00,2403.5,2412.4,2393.7,2399.4,93.777
2024-07-10 23:00:00,2399.9,2414.9,2397.3,2411.9,97.598
2024-07-11 03:00:00,2411.6,2419.5,2403.2,2418.6,98.585
2024-07-11 07:00:00,2418.6,2425.7,2414.3,2416.3,92.725
2024-07-11 11:00:00,2416.2,2418.0,2403.9,2416.8,102.067
2024-07-11 15:00:00,2416.8,2420.3,2378.8,2395.3,339.641
2024-07-11 19:00:00,2395.4,2401.2,2390.7,2398.7,67.81
2024-07-11 23:00:00,2399.1,2406.6,2398.0,2405.1,75.321
2024-07-12 03:00:00,2404.8,2405.6,2389.8,2392.6,139.293
2024-07-12 07:00:00,2392.8,2408.6,2392.4,2406.4,75.318
2024-07-12 11:00:00,2404.7,2414.2,2402.8,2409.6,65.388
2024-07-12 15:00:00,2409.6,2414.3,2397.6,2406.7,102.162
2024-07-12 19:00:00,2407.0,2409.6,2387.1,2388.8,56.529
2024-07-12 23:00:00,2388.0,2396.1,2385.9,2387.5,67.952
2024-07-13 03:00:00,2387.5,2389.7,2382.2,2383.5,43.501
2024-07-13 07:00:00,2384.4,2388.1,2375.9,2378.4,52.879
2024-07-13 11:00:00,2378.6,2387.6,2371.8,2387.4,80.167
2024-07-13 15:00:00,2387.1,2398.3,2381.0,2393.0,110.851
2024-07-13 19:00:00,2393.1,2395.0,2376.5,2376.7,31.039
2024-07-13 23:00:00,2376.5,2402.2,2374.3,2396.1,119.786
2024-07-14 03:00:00,2396.0,2408.6,2393.9,2404.6,83.91
2024-07-14 07:00:00,2405.0,2419.4,2403.6,2411.4,58.085
2024-07-14 11:00:00,2412.2,2415.4,2402.1,2412.7,28.991
2024-07-14 15:00:00,2412.6,2419.8,2404.5,2418.7,50.767
2024-07-14 19:00:00,2418.7,2419.1,2410.2,2410.4,19.633
2024-07-14 23:00:00,2410.4,2423.9,2404.9,2409.0,117.697
2024-07-15 03:00:00,2409.2,2431.6,2395.4,2428.6,181.57
2024-07-15 07:00:00,2429.1,2433.0,2414.4,2418.8,93.323
2024-07-15 11:00:00,2418.1,2424.0,2413.6,2415.3,52.584
2024-07-15 15:00:00,2414.3,2420.1,2407.1,2416.2,181.189
2024-07-15 19:00:00,2417.7,2419.5,2400.4,2402.3,120.617
2024-07-15 23:00:00,2401.1,2410.0,2389.7,2401.7,253.34
2024-07-16 03:00:00,2401.7,2418.1,2396.1,2409.9,185.423
2024-07-16 07:00:00,2409.7,2414.7,2396.8,2410.8,246.695
2024-07-16 11:00:00,2410.1,2417.1,2400.6,2412.1,185.566
2024-07-16 15:00:00,2412.4,2425.0,2404.4,2406.3,211.232
2024-07-16 19:00:00,2406.4,2417.3,2391.3,2416.0,158.39
2024-07-16 23:00:00,2416.4,2433.4,2410.7,2429.6,160.062
2024-07-17 03:00:00,2429.3,2440.3,2421.5,2434.8,168.349
2024-07-17 07:00:00,2434.8,2436.8,2412.8,2412.8,97.155
2024-07-17 11:00:00,2412.9,2415.7,2406.5,2412.7,92.82
2024-07-17 15:00:00,2412.8,2427.2,2406.7,2424.5,162.959
2024-07-17 19:00:00,2424.7,2441.8,2419.1,2427.1,122.187
2024-07-17 23:00:00,2428.4,2430.8,2419.8,2427.6,50.471
2024-07-18 03:00:00,2427.4,2431.9,2418.0,2428.8,61.175
2024-07-18 07:00:00,2428.9,2435.5,2426.5,2429.8,57.811
2024-07-18 11:00:00,2429.8,2434.7,2418.2,2420.5,84.733
2024-07-18 15:00:00,2420.3,2427.6,2408.0,2426.5,151.863
2024-07-18 19:00:00,2426.3,2433.3,2414.1,2415.8,102.371
2024-07-18 23:00:00,2416.5,2421.1,2412.3,2416.9,33.398
2024-07-19 03:00:00,2416.5,2427.5,2411.5,2422.7,134.616
2024-07-19 07:00:00,2422.8,2430.8,2411.5,2423.3,93.754
2024-07-19 11:00:00,2423.3,2433.1,2421.2,2428.9,74.688
2024-07-19 15:00:00,2429.1,2444.2,2427.2,2437.7,182.569
2024-07-19 19:00:00,2438.0,2455.1,2432.1,2450.3,171.628
2024-07-19 23:00:00,2450.3,2459.8,2440.2,2443.7,81.778
2024-07-20 03:00:00,2444.0,2451.1,2439.1,2448.7,77.165
2024-07-20 07:00:00,2447.5,2448.2,2437.0,2446.0,59.531
2024-07-20 11:00:00,2446.2,2451.5,2444.0,2449.3,45.19
2024-07-20 15:00:00,2449.5,2450.2,2438.6,2442.9,149.946
2024-07-20 19:00:00,2443.0,2456.6,2438.7,2446.1,96.196
2024-07-20 23:00:00,2446.4,2446.4,2437.3,2441.6,46.345
2024-07-21 03:00:00,2441.7,2447.4,2439.0,2446.3,101.033
2024-07-21 07:00:00,2446.3,2450.4,2442.3,2447.0,48.065
2024-07-21 11:00:00,2447.6,2451.0,2443.6,2444.8,70.729
2024-07-21 15:00:00,2444.5,2451.5,2444.4,2448.4,41.195
2024-07-21 19:00:00,2448.5,2502.0,2444.2,2458.9,360.647
2024-07-21 23:00:00,2458.9,2462.3,2441.0,2446.1,115.078
2024-07-22 03:00:00,2446.0,2453.1,2441.6,2451.5,70.775
2024-07-22 07:00:00,2451.5,2466.3,2450.8,2458.2,102.964
2024-07-22 11:00:00,2458.3,2461.9,2444.7,2446.1,154.761
2024-07-22 15:00:00,2445.8,2459.2,2445.8,2457.6,76.804
2024-07-22 19:00:00,2457.1,2473.0,2452.4,2471.2,67.156
2024-07-22 23:00:00,2470.6,2492.5,2465.7,2488.6,168.671
2024-07-23 03:00:00,2488.7,2495.4,2459.1,2467.4,195.416
2024-07-23 07:00:00,2467.2,2476.5,2461.2,2463.3,113.113
2024-07-23 11:00:00,2463.4,2464.6,2429.4,2437.2,264.593
2024-07-23 15:00:00,2436.7,2466.9,2433.5,2459.0,217.866
2024-07-23 19:00:00,2459.1,2482.3,2425.1,2432.0,316.051
2024-07-23 23:00:00,2432.0,2444.3,2424.6,2435.8,154.606
2024-07-24 03:00:00,2435.6,2448.0,2430.4,2447.6,101.993
2024-07-24 07:00:00,2447.5,2451.0,2445.4,2447.1,65.494
2024-07-24 11:00:00,2447.7,2449.3,2439.8,2440.8,48.321
2024-07-24 15:00:00,2440.8,2465.6,2438.8,2458.9,165.54
2024-07-24 19:00:00,2459.3,2470.9,2457.8,2466.3,81.716
2024-07-24 23:00:00,2464.7,2492.7,2463.9,2474.5,205.751
2024-07-25 03:00:00,2474.7,2545.1,2473.3,2535.6,874.529
2024-07-25 07:00:00,2535.6,2546.7,2522.0,2529.6,500.584
2024-07-25 11:00:00,2529.6,2539.8,2522.3,2527.6,312.761
2024-07-25 15:00:00,2528.1,2564.0,2525.4,2563.0,754.074
2024-07-25 19:00:00,2563.1,2587.7,2549.2,2579.6,1007.894
2024-07-25 23:00:00,2580.1,2609.8,2571.1,2581.4,1059.977
2024-07-26 03:00:00,2581.5,2597.0,2577.2,2583.4,341.995
2024-07-26 07:00:00,2583.5,2583.8,2554.6,2567.5,431.193
2024-07-26 11:00:00,2567.6,2587.9,2565.6,2582.5,198.204
2024-07-26 15:00:00,2582.5,2603.2,2579.6,2582.8,506.086
2024-07-26 19:00:00,2582.9,2585.2,2572.0,2583.5,149.619
2024-07-26 23:00:00,2582.5,2588.3,2571.0,2577.6,145.567
2024-07-27 03:00:00,2577.6,2594.7,2577.6,2588.3,159.432
2024-07-27 07:00:00,2588.4,2589.4,2578.6,2578.9,83.051
2024-07-27 11:00:00,2578.9,2586.1,2572.6,2580.6,103.513
2024-07-27 15:00:00,2580.6,2610.0,2575.5,2609.0,335.619
2024-07-27 19:00:00,2608.5,2621.8,2590.5,2594.6,367.538
2024-07-27 23:00:00,2594.6,2608.2,2576.3,2590.2,505.992
2024-07-28 03:00:00,2590.1,2600.0,2585.7,2597.6,85.478
2024-07-28 07:00:00,2597.6,2599.6,2589.0,2590.2,83.702
2024-07-28 11:00:00,2590.2,2591.7,2572.7,2583.1,91.313
2024-07-28 15:00:00,2583.1,2585.3,2573.9,2575.6,75.111
2024-07-28 19:00:00,2575.6,2591.0,2572.8,2587.5,99.125
2024-07-28 23:00:00,2587.3,2598.0,2587.0,2594.2,81.146
2024-07-29 03:00:00,2593.4,2605.0,2572.5,2575.8,281.551
2024-07-29 07:00:00,2576.2,2584.3,2565.8,2569.9,215.197
2024-07-29 11:00:00,2570.4,2576.7,2557.0,2572.1,246.064
2024-07-29 15:00:00,2572.0,2582.3,2553.1,2564.7,273.215
2024-07-29 19:00:00,2564.8,2566.2,2522.6,2538.2,374.85
2024-07-29 23:00:00,2538.4,2538.8,2520.7,2528.7,109.448
2024-07-30 03:00:00,2528.7,2529.6,2511.1,2518.0,174.536
2024-07-30 07:00:00,2517.8,2528.8,2515.8,2522.7,55.209
2024-07-30 11:00:00,2522.7,2524.5,2502.3,2506.7,170.21
2024-07-30 15:00:00,2506.5,2511.0,2497.4,2504.9,160.933
2024-07-30 19:00:00,2505.2,2526.3,2501.9,2522.4,129.629
2024-07-30 23:00:00,2522.5,2533.2,2519.2,2519.4,164.307
2024-07-31 03:00:00,2519.4,2524.5,2502.5,2504.6,125.412
2024-07-31 07:00:00,2503.4,2511.0,2481.0,2493.3,277.91
2024-07-31 11:00:00,2493.0,2497.2,2483.3,2491.0,90.707
2024-07-31 15:00:00,2490.9,2516.2,2489.5,2514.8,131.608
2024-07-31 19:00:00,2515.0,2525.5,2504.7,2505.7,150.614
2024-07-31 23:00:00,2504.8,2517.3,2501.1,2509.8,136.516
2024-08-01 03:00:00,2509.7,2520.2,2502.6,2519.3,132.117
2024-08-01 07:00:00,2519.5,2545.0,2516.9,2543.9,243.63
2024-08-01 11:00:00,2543.8,2545.5,2533.3,2538.5,106.204
2024-08-01 15:00:00,2538.5,2560.6,2532.8,2538.3,407.203
2024-08-01 19:00:00,2538.4,2578.3,2538.3,2557.2,668.461
2024-08-01 23:00:00,2557.1,2579.7,2551.1,2567.7,362.392
2024-08-02 03:00:00,2567.7,2572.6,2552.7,2566.9,279.061
2024-08-02 07:00:00,2567.6,2595.0,2562.2,2573.9,341.582
2024-08-02 11:00:00,2574.3,2584.0,2571.7,2580.6,148.323
2024-08-02 15:00:00,2580.3,2646.4,2579.2,2620.1,868.418
2024-08-02 19:00:00,2620.3,2635.8,2610.0,2615.1,335.847
2024-08-02 23:00:00,2615.1,2623.1,2585.8,2589.8,409.173
2024-08-03 03:00:00,2590.0,2617.4,2580.7,2601.9,533.325
2024-08-03 07:00:00,2601.8,2606.7,2587.5,2593.2,144.305
2024-08-03 11:00:00,2593.1,2604.3,2592.0,2597.6,158.565
2024-08-03 15:00:00,2597.1,2616.5,2591.2,2612.4,235.05
2024-08-03 19:00:00,2612.6,2644.6,2612.4,2640.8,845.2
2024-08-03 23:00:00,2640.8,2650.6,2627.6,2636.9,591.515
2024-08-04 03:00:00,2636.9,2641.2,2623.3,2627.4,297.987
2024-08-04 07:00:00,2627.4,2642.5,2620.4,2639.5,298.274
2024-08-04 11:00:00,2639.5,2646.3,2631.0,2645.0,299.484
2024-08-04 15:00:00,2645.1,2665.4,2630.6,2662.5,888.046
2024-08-04 19:00:00,2662.2,2722.0,2654.6,2681.6,1795.272
2024-08-04 23:00:00,2682.0,2710.2,2671.1,2697.0,420.329
2024-08-05 03:00:00,2697.0,3005.8,2687.8,2851.9,5331.291
2024-08-05 07:00:00,2852.3,2871.4,2767.8,2768.2,2940.675
2024-08-05 11:00:00,2769.4,2847.8,2769.4,2793.0,1723.546
2024-08-05 15:00:00,2793.0,2832.6,2732.1,2737.3,2479.222
2024-08-05 19:00:00,2737.2,2751.0,2712.9,2741.1,1421.995
2024-08-05 23:00:00,2740.8,2755.8,2723.1,2741.6,421.49
2024-08-06 03:00:00,2742.6,2750.0,2700.0,2729.6,750.829
2024-08-06 07:00:00,2729.7,2732.9,2690.3,2704.9,504.234
2024-08-06 11:00:00,2705.5,2735.9,2702.9,2729.8,501.246
2024-08-06 15:00:00,2730.2,2747.2,2697.0,2714.6,651.94
2024-08-06 19:00:00,2714.8,2757.7,2711.0,2755.0,342.636
2024-08-06 23:00:00,2755.0,2759.5,2729.5,2751.5,240.099
2024-08-07 03:00:00,2751.6,2776.5,2731.1,2733.4,322.428
2024-08-07 07:00:00,2733.7,2743.2,2714.1,2732.9,246.209
2024-08-07 11:00:00,2733.0,2764.6,2726.9,2763.6,318.623
2024-08-07 15:00:00,2763.6,2814.8,2762.3,2783.2,920.025
2024-08-07 19:00:00,2783.0,2811.6,2768.3,2772.2,509.067
2024-08-07 23:00:00,2771.8,2793.4,2754.2,2775.2,390.785
2024-08-08 03:00:00,2775.5,2796.8,2753.2,2774.0,458.929
2024-08-08 07:00:00,2773.8,2792.5,2764.3,2790.1,328.006
2024-08-08 11:00:00,2790.1,2791.9,2764.2,2772.3,239.895
2024-08-08 15:00:00,2772.7,2810.0,2752.2,2804.2,684.914
2024-08-08 19:00:00,2804.2,2805.1,2752.5,2776.5,430.972
2024-08-08 23:00:00,2776.6,2802.3,2775.0,2776.4,453.706
2024-08-09 03:00:00,2776.6,2787.7,2761.7,2770.1,405.672
2024-08-09 07:00:00,2770.8,2786.9,2764.4,2776.6,210.357
2024-08-09 11:00:00,2776.5,2803.0,2770.3,2797.7,225.791
2024-08-09 15:00:00,2797.8,2830.0,2795.1,2825.8,548.242
2024-08-09 19:00:00,2825.8,2832.3,2806.5,2832.3,231.294
2024-08-09 23:00:00,2832.3,2835.3,2815.8,2825.7,185.768
2024-08-10 03:00:00,2825.2,2834.2,2803.7,2806.5,227.959
2024-08-10 07:00:00,2807.2,2813.9,2794.6,2804.7,105.869
2024-08-10 11:00:00,2804.6,2809.4,2798.5,2799.5,79.253
2024-08-10 15:00:00,2799.5,2804.3,2793.0,2804.2,138.09
2024-08-10 19:00:00,2803.7,2821.1,2803.7,2819.7,131.295
2024-08-10 23:00:00,2819.7,2824.4,2810.8,2815.0,73.15
2024-08-11 03:00:00,2814.9,2821.1,2780.6,2789.3,176.397
2024-08-11 07:00:00,2789.2,2790.7,2768.2,2770.2,274.929
2024-08-11 11:00:00,2770.1,2783.3,2760.1,2781.2,260.354
2024-08-11 15:00:00,2782.2,2816.6,2781.6,2805.4,237.553
2024-08-11 19:00:00,2805.5,2813.1,2791.2,2812.2,162.871
2024-08-11 23:00:00,2812.6,2825.0,2793.1,2817.1,317.819
2024-08-12 03:00:00,2817.1,2830.3,2799.7,2802.0,332.583
2024-08-12 07:00:00,2801.9,2808.3,2778.6,2782.2,248.6
2024-08-12 11:00:00,2782.6,2782.6,2733.6,2750.5,521.063
2024-08-12 15:00:00,2750.5,2765.2,2733.4,2763.7,519.011
2024-08-12 19:00:00,2763.9,2768.6,2746.9,2751.9,144.001
2024-08-12 23:00:00,2751.2,2754.8,2695.2,2715.3,312.787
2024-08-13 03:00:00,2715.2,2752.2,2713.7,2750.2,205.863
2024-08-13 07:00:00,2750.8,2758.0,2744.8,2750.5,78.401
2024-08-13 11:00:00,2750.7,2755.2,2738.6,2739.3,155.723
2024-08-13 15:00:00,2739.3,2765.5,2727.0,2761.0,445.773
2024-08-13 19:00:00,2761.0,2796.6,2758.1,2782.0,314.565
2024-08-13 23:00:00,2781.7,2787.3,2763.6,2773.3,81.569
2024-08-14 03:00:00,2773.3,2792.9,2772.7,2788.5,235.525
2024-08-14 07:00:00,2789.1,2795.0,2764.5,2779.9,149.784
2024-08-14 11:00:00,2779.9,2781.2,2765.3,2772.8,101.353
2024-08-14 15:00:00,2773.0,2780.0,2740.5,2740.6,325.567
2024-08-14 19:00:00,2740.7,2751.6,2730.7,2730.7,199.049
2024-08-14 23:00:00,2731.0,2739.5,2725.0,2725.5,90.302
2024-08-15 03:00:00,2725.5,2737.7,2710.7,2715.5,132.795
2024-08-15 07:00:00,2715.5,2738.4,2713.5,2729.2,192.152
2024-08-15 11:00:00,2728.6,2746.5,2728.0,2740.7,118.977
2024-08-15 15:00:00,2740.8,2754.8,2732.8,2749.1,178.363
2024-08-15 19:00:00,2749.0,2783.4,2738.3,2739.2,352.246
2024-08-15 23:00:00,2738.7,2751.6,2721.5,2741.7,215.091
2024-08-16 03:00:00,2741.0,2761.6,2727.1,2750.5,186.793
2024-08-16 07:00:00,2750.5,2756.6,2738.0,2740.4,69.87
2024-08-16 11:00:00,2740.4,2750.0,2733.6,2750.0,44.451
2024-08-16 15:00:00,2749.9,2782.0,2748.0,2780.5,350.41
2024-08-16 19:00:00,2780.9,2807.3,2771.6,2802.3,252.263
2024-08-16 23:00:00,2801.7,2803.3,2785.2,2792.4,93.722
2024-08-17 03:00:00,2792.7,2803.4,2790.2,2803.4,119.496
2024-08-17 07:00:00,2802.7,2804.2,2792.5,2799.4,64.311
2024-08-17 11:00:00,2799.2,2806.0,2788.7,2790.6,86.096
2024-08-17 15:00:00,2790.6,2796.8,2782.0,2791.5,121.608
2024-08-17 19:00:00,2791.5,2791.5,2778.1,2778.6,77.888
2024-08-17 23:00:00,2778.6,2782.7,2774.3,2780.6,49.794
2024-08-18 03:00:00,2781.3,2801.4,2778.0,2785.5,95.89
2024-08-18 07:00:00,2784.7,2797.6,2784.0,2791.6,70.486
2024-08-18 11:00:00,2792.5,2797.5,2771.7,2778.0,117.905
2024-08-18 15:00:00,2778.0,2783.2,2754.0,2754.3,172.664
2024-08-18 19:00:00,2754.3,2760.5,2746.3,2747.2,92.124
2024-08-18 23:00:00,2747.4,2758.1,2742.8,2745.1,68.081
2024-08-19 03:00:00,2745.3,2746.8,2731.5,2732.4,74.274
2024-08-19 07:00:00,2732.4,2742.8,2728.5,2741.8,120.832
2024-08-19 11:00:00,2742.5,2755.7,2731.3,2744.6,134.931
2024-08-19 15:00:00,2744.9,2755.7,2742.6,2747.5,122.382
2024-08-19 19:00:00,2748.1,2750.6,2734.0,2740.9,66.159
2024-08-19 23:00:00,2741.1,2741.7,2730.0,2735.4,77.235
2024-08-20 03:00:00,2735.3,2765.0,2730.1,2756.0,149.998
2024-08-20 07:00:00,2756.0,2766.0,2752.9,2754.9,93.345
2024-08-20 11:00:00,2754.6,2767.8,2753.4,2763.1,65.163
2024-08-20 15:00:00,2762.9,2776.1,2742.8,2746.0,270.874
2024-08-20 19:00:00,2746.0,2751.8,2735.0,2741.6,96.768
2024-08-20 23:00:00,2742.8,2750.4,2739.7,2741.7,53.521
2024-08-21 03:00:00,2741.7,2752.7,2740.3,2746.8,66.641
2024-08-21 07:00:00,2746.8,2755.9,2745.5,2753.5,61.367
2024-08-21 11:00:00,2753.5,2761.9,2753.1,2760.6,90.295
2024-08-21 15:00:00,2760.6,2784.8,2757.6,2758.4,261.518
2024-08-21 19:00:00,2758.3,2791.5,2744.8,2789.6,162.467
2024-08-21 23:00:00,2790.0,2794.2,2777.5,2787.9,118.774
2024-08-22 03:00:00,2787.9,2794.4,2770.0,2775.3,95.526
2024-08-22 07:00:00,2776.0,2783.5,2771.1,2775.3,70.184
2024-08-22 11:00:00,2774.9,2780.6,2771.5,2773.4,50.314
2024-08-22 15:00:00,2773.8,2778.7,2756.4,2766.4,177.256
2024-08-22 19:00:00,2765.7,2766.7,2754.1,2755.2,47.204
2024-08-22 23:00:00,2755.4,2757.8,2743.2,2746.5,77.198
2024-08-23 03:00:00,2746.5,2752.2,2740.8,2747.3,106.936
2024-08-23 07:00:00,2747.4,2752.6,2730.0,2743.1,167.83
2024-08-23 11:00:00,2743.1,2752.8,2742.2,2745.8,88.266
2024-08-23 15:00:00,2745.7,2768.0,2743.5,2759.0,250.17
2024-08-23 19:00:00,2758.7,2791.8,2751.4,2784.2,287.574
2024-08-23 23:00:00,2784.8,2809.3,2775.4,2782.1,236.98
2024-08-24 03:00:00,2781.4,2792.6,2778.8,2791.5,72.289
2024-08-24 07:00:00,2791.5,2803.7,2785.6,2802.5,163.478
2024-08-24 11:00:00,2803.1,2804.5,2777.7,2783.7,131.569
2024-08-24 15:00:00,2784.0,2789.4,2772.9,2775.0,149.069
2024-08-24 19:00:00,2775.0,2777.2,2746.1,2753.5,264.508
2024-08-24 23:00:00,2753.1,2786.7,2746.7,2775.1,264.954
2024-08-25 03:00:00,2775.2,2801.2,2772.9,2788.9,397.527
2024-08-25 07:00:00,2788.3,2828.6,2783.2,2809.0,423.868
2024-08-25 11:00:00,2809.2,2812.0,2793.3,2799.4,208.209
2024-08-25 15:00:00,2799.1,2801.2,2786.4,2788.4,120.299
2024-08-25 19:00:00,2788.4,2798.5,2786.9,2798.1,79.927
2024-08-25 23:00:00,2798.1,2814.2,2785.1,2808.4,253.009
2024-08-26 03:00:00,2808.4,2816.9,2800.6,2810.1,171.678
2024-08-26 07:00:00,2810.1,2814.9,2798.9,2804.0,130.938
2024-08-26 11:00:00,2804.3,2809.1,2798.3,2805.9,64.49
2024-08-26 15:00:00,2805.8,2820.4,2805.2,2814.6,236.181
2024-08-26 19:00:00,2814.7,2846.9,2813.9,2842.5,472.265
2024-08-26 23:00:00,2842.6,2848.4,2823.0,2830.0,229.68
2024-08-27 03:00:00,2829.9,2831.6,2819.0,2823.7,183.067
2024-08-27 07:00:00,2823.7,2825.2,2813.2,2815.0,182.309
2024-08-27 11:00:00,2815.3,2850.0,2814.5,2845.0,431.728
2024-08-27 15:00:00,2845.0,2862.9,2829.5,2843.2,462.051
2024-08-27 19:00:00,2843.2,2852.3,2842.0,2851.1,185.763
2024-08-27 23:00:00,2851.6,2903.5,2847.9,2860.0,734.418
2024-08-28 03:00:00,2859.9,2876.4,2847.1,2848.4,392.04
2024-08-28 07:00:00,2848.4,2850.5,2833.4,2845.0,298.718
2024-08-28 11:00:00,2845.0,2851.5,2817.5,2826.9,307.364
2024-08-28 15:00:00,2826.7,2841.5,2806.4,2822.6,381.461
2024-08-28 19:00:00,2822.7,2831.8,2806.1,2814.2,226.708
2024-08-28 23:00:00,2814.2,2817.2,2800.3,2803.7,176.707
2024-08-29 03:00:00,2804.0,2810.8,2799.7,2806.9,100.64
2024-08-29 07:00:00,2806.8,2812.5,2796.9,2805.7,124.763
2024-08-29 11:00:00,2805.7,2821.4,2803.0,2818.7,102.696
2024-08-29 15:00:00,2818.7,2847.3,2815.0,2838.7,181.264
2024-08-29 19:00:00,2838.8,2839.3,2824.1,2826.0,206.319
2024-08-29 23:00:00,2826.3,2840.8,2825.2,2831.8,113.567
2024-08-30 03:00:00,2831.8,2836.2,2820.3,2829.1,125.637
2024-08-30 07:00:00,2829.1,2833.7,2820.2,2832.7,64.555
2024-08-30 11:00:00,2832.2,2842.7,2832.2,2841.4,65.584
2024-08-30 15:00:00,2841.3,2864.9,2829.3,2859.4,473.448
2024-08-30 19:00:00,2859.3,2867.7,2822.0,2827.9,343.494
2024-08-30 23:00:00,2827.9,2834.2,2819.7,2822.2,101.901
2024-08-31 03:00:00,2822.2,2832.7,2819.0,2826.1,82.86
2024-08-31 07:00:00,2826.1,2828.8,2820.4,2826.5,48.362
2024-08-31 11:00:00,2826.4,2832.3,2819.7,2824.6,63.939
2024-08-31 15:00:00,2824.6,2834.0,2823.9,2828.2,83.747
2024-08-31 19:00:00,2828.0,2844.6,2827.8,2837.0,81.014
2024-08-31 23:00:00,2837.6,2841.6,2830.1,2834.4,47.097
2024-09-01 03:00:00,2834.4,2858.2,2834.4,2839.9,186.628
2024-09-01 07:00:00,2839.9,2853.2,2832.1,2846.2,146.62
2024-09-01 11:00:00,2846.2,2849.7,2839.5,2846.6,66.06
2024-09-01 15:00:00,2846.6,2860.1,2838.3,2838.4,243.804
2024-09-01 19:00:00,2838.3,2855.2,2836.0,2836.5,155.554
2024-09-01 23:00:00,2836.6,2883.1,2830.0,2861.3,342.307
2024-09-02 03:00:00,2861.5,2868.0,2848.7,2858.6,301.998
2024-09-02 07:00:00,2858.6,2879.0,2855.4,2877.5,192.99
2024-09-02 11:00:00,2877.6,2878.4,2826.2,2837.0,401.407
2024-09-02 15:00:00,2837.1,2854.0,2832.3,2843.0,138.42
2024-09-02 19:00:00,2843.3,2845.0,2826.6,2826.6,84.079
2024-09-02 23:00:00,2826.6,2843.2,2817.9,2839.2,198.066
2024-09-03 03:00:00,2839.6,2848.0,2836.8,2841.4,104.779
2024-09-03 07:00:00,2841.5,2848.0,2836.5,2838.5,73.947
2024-09-03 11:00:00,2838.9,2853.8,2838.5,2846.2,76.186
2024-09-03 15:00:00,2845.9,2866.5,2845.4,2858.0,190.568
2024-09-03 19:00:00,2858.1,2864.7,2852.3,2862.7,106.824
2024-09-03 23:00:00,2862.9,2872.7,2851.8,2867.4,81.181
2024-09-04 03:00:00,2867.6,2910.0,2864.6,2866.4,576.673
2024-09-04 07:00:00,2866.5,2871.3,2838.3,2847.1,267.422
2024-09-04 11:00:00,2847.1,2867.7,2828.6,2862.9,1488.32
2024-09-04 15:00:00,2862.8,2869.0,2836.0,2866.8,442.872
2024-09-04 19:00:00,2866.5,2870.0,2850.8,2859.8,111.935
2024-09-04 23:00:00,2859.1,2870.9,2857.9,2865.8,55.199
2024-09-05 03:00:00,2865.8,2867.7,2852.0,2862.1,70.649
2024-09-05 07:00:00,2862.1,2867.7,2850.9,2851.4,105.294
2024-09-05 11:00:00,2851.6,2861.0,2851.1,2851.6,36.136
2024-09-05 15:00:00,2851.2,2864.6,2838.3,2838.3,189.769
2024-09-05 19:00:00,2838.6,2860.0,2838.3,2856.8,87.68
2024-09-05 23:00:00,2857.0,2861.2,2845.4,2850.1,64.275
2024-09-06 03:00:00,2851.6,2857.9,2838.7,2839.3,58.934
2024-09-06 07:00:00,2839.2,2863.6,2839.2,2859.0,82.54
2024-09-06 11:00:00,2860.9,2863.6,2840.0,2840.0,54.352
2024-09-06 15:00:00,2840.0,2855.8,2821.7,2821.7,210.477
2024-09-06 19:00:00,2821.8,2877.5,2821.7,2867.1,287.294
2024-09-06 23:00:00,2867.3,2887.4,2858.6,2868.8,255.358
2024-09-07 03:00:00,2868.8,2873.1,2857.4,2859.4,140.926
2024-09-07 07:00:00,2859.2,2862.6,2830.7,2832.9,116.087
2024-09-07 11:00:00,2832.9,2845.7,2831.3,2836.7,79.966
2024-09-07 15:00:00,2836.7,2848.1,2828.6,2836.3,86.799
2024-09-07 19:00:00,2836.4,2839.0,2832.2,2833.5,42.777
2024-09-07 23:00:00,2833.6,2844.7,2828.6,2833.1,47.802
2024-09-08 03:00:00,2833.0,2835.0,2825.6,2826.0,48.997
2024-09-08 07:00:00,2826.6,2828.1,2801.3,2812.0,185.452
2024-09-08 11:00:00,2812.7,2817.3,2802.3,2815.4,115.069
2024-09-08 15:00:00,2815.6,2835.6,2814.0,2830.1,199.715
2024-09-08 19:00:00,2830.1,2836.5,2824.5,2831.9,74.258
2024-09-08 23:00:00,2831.9,2835.2,2815.3,2828.2,76.915
2024-09-09 03:00:00,2827.9,2841.3,2822.3,2836.8,61.105
2024-09-09 07:00:00,2837.1,2839.4,2819.0,2819.9,46.784
2024-09-09 11:00:00,2819.9,2831.0,2818.4,2830.4,47.032
2024-09-09 15:00:00,2830.2,2855.0,2829.0,2852.8,212.781
2024-09-09 19:00:00,2852.7,2867.0,2834.5,2866.1,214.351
2024-09-09 23:00:00,2864.7,2881.0,2857.9,2857.9,240.301
2024-09-10 03:00:00,2858.9,2873.2,2855.2,2858.0,74.221
2024-09-10 07:00:00,2858.0,2868.6,2850.0,2865.4,85.316
2024-09-10 11:00:00,2865.4,2871.8,2859.7,2870.5,33.481
2024-09-10 15:00:00,2870.5,2875.0,2862.2,2869.3,71.156
2024-09-10 19:00:00,2869.3,2878.8,2862.2,2878.7,96.738
2024-09-10 23:00:00,2878.7,2880.0,2859.1,2867.3,59.694
2024-09-11 03:00:00,2867.3,2876.0,2859.0,2863.9,104.645
2024-09-11 07:00:00,2864.2,2870.0,2858.6,2868.5,40.06
2024-09-11 11:00:00,2867.5,2886.0,2866.7,2880.5,149.177
2024-09-11 15:00:00,2880.4,2883.7,2864.3,2879.2,258.835
2024-09-11 19:00:00,2879.2,2897.2,2871.2,2891.2,237.195
2024-09-11 23:00:00,2890.6,2890.6,2878.7,2879.3,75.978
2024-09-12 03:00:00,2879.4,2884.4,2871.9,2884.0,118.741
2024-09-12 07:00:00,2883.9,2887.4,2880.5,2886.7,87.492
2024-09-12 11:00:00,2886.6,2892.5,2883.8,2889.5,73.596
2024-09-12 15:00:00,2889.3,2893.0,2861.8,2890.4,209.324
2024-09-12 19:00:00,2890.4,2897.7,2882.7,2890.3,159.454
2024-09-12 23:00:00,2891.2,2893.1,2874.6,2876.8,93.215
2024-09-13 03:00:00,2876.7,2883.3,2873.7,2875.1,39.15
2024-09-13 07:00:00,2874.0,2889.0,2872.8,2888.0,60.505
2024-09-13 11:00:00,2888.1,2888.7,2877.0,2878.1,49.337
2024-09-13 15:00:00,2878.2,2899.0,2870.9,2894.8,165.535
2024-09-13 19:00:00,2895.8,2899.9,2888.9,2892.5,126.852
2024-09-13 23:00:00,2891.6,2933.3,2885.5,2913.9,346.407
2024-09-14 03:00:00,2913.4,2924.4,2907.8,2908.3,125.545
2024-09-14 07:00:00,2908.4,2913.6,2902.7,2912.2,71.98
2024-09-14 11:00:00,2911.6,2914.9,2900.3,2901.5,69.24
2024-09-14 15:00:00,2901.5,2909.2,2897.5,2904.5,85.167
2024-09-14 19:00:00,2904.9,2914.0,2901.2,2909.3,61.828
2024-09-14 23:00:00,2908.6,2913.9,2905.9,2909.4,30.777
2024-09-15 03:00:00,2909.1,2911.7,2900.0,2911.7,38.103
2024-09-15 07:00:00,2911.9,2918.6,2908.3,2912.7,49.591
2024-09-15 11:00:00,2912.7,2924.3,2909.6,2923.1,93.9
2024-09-15 15:00:00,2923.1,2930.0,2916.2,2926.9,98.505
2024-09-15 19:00:00,2926.9,2949.2,2925.6,2943.8,186.688
2024-09-15 23:00:00,2944.2,2966.3,2937.9,2962.3,355.885
2024-09-16 03:00:00,2962.7,2987.5,2950.4,2974.6,353.504
2024-09-16 07:00:00,2974.4,2976.1,2958.7,2962.2,179.305
2024-09-16 11:00:00,2962.2,2971.8,2949.8,2951.7,179.656
2024-09-16 15:00:00,2952.4,2961.2,2934.9,2943.2,311.624
2024-09-16 19:00:00,2943.7,2954.1,2934.6,2953.4,238.839
2024-09-16 23:00:00,2953.4,2959.4,2946.4,2950.5,122.26
2024-09-17 03:00:00,2950.1,2958.4,2948.1,2949.7,114.896
2024-09-17 07:00:00,2949.5,2959.8,2944.0,2958.6,127.997
2024-09-17 11:00:00,2958.7,2978.6,2953.8,2977.3,133.324
2024-09-17 15:00:00,2975.4,3015.1,2970.0,3001.8,540.743
2024-09-17 19:00:00,3002.0,3030.0,2984.0,2987.0,527.679
2024-09-17 23:00:00,2986.6,3014.2,2980.5,3012.2,193.441
2024-09-18 03:00:00,3012.7,3031.0,3010.3,3025.3,166.72
2024-09-18 07:00:00,3025.5,3049.1,3025.3,3032.0,416.335
2024-09-18 11:00:00,3031.6,3044.0,3023.7,3038.2,128.138
2024-09-18 15:00:00,3038.3,3039.8,3023.6,3033.6,110.926
2024-09-18 19:00:00,3033.5,3044.0,3026.5,3028.8,320.819
2024-09-18 23:00:00,3028.7,3034.5,3012.6,3031.8,226.964
2024-09-19 03:00:00,3031.7,3041.0,3009.6,3017.7,310.783
2024-09-19 07:00:00,3017.9,3018.2,2988.5,2993.5,204.64
2024-09-19 11:00:00,2993.9,3022.7,2991.0,3017.1,178.052
2024-09-19 15:00:00,3017.6,3041.6,3015.7,3025.0,226.875
2024-09-19 19:00:00,3025.0,3025.2,2997.0,3009.8,232.465
2024-09-19 23:00:00,3010.0,3010.1,2993.2,2995.4,190.294
2024-09-20 03:00:00,2995.2,3016.6,2985.4,2986.7,199.004
2024-09-20 07:00:00,2986.2,2989.3,2930.0,2931.0,438.774
2024-09-20 11:00:00,2931.0,2960.0,2926.8,2950.2,216.854
2024-09-20 15:00:00,2950.7,2951.2,2937.5,2938.8,268.679
2024-09-20 19:00:00,2938.5,2945.9,2928.9,2938.1,192.555
2024-09-20 23:00:00,2937.4,2948.5,2930.7,2940.6,106.9
2024-09-21 03:00:00,2940.5,2949.0,2925.0,2939.8,164.465
2024-09-21 07:00:00,2940.5,2952.5,2926.4,2927.4,97.304
2024-09-21 11:00:00,2927.4,2932.6,2925.0,2927.7,58.365
2024-09-21 15:00:00,2927.7,2930.2,2905.0,2918.8,258.226
2024-09-21 19:00:00,2918.8,2921.0,2906.7,2908.7,84.098
2024-09-21 23:00:00,2908.6,2913.2,2881.3,2883.7,136.048
2024-09-22 03:00:00,2884.0,2895.8,2875.2,2892.9,216.844
2024-09-22 07:00:00,2893.0,2902.9,2888.4,2895.7,106.855
2024-09-22 11:00:00,2895.4,2901.1,2881.1,2900.6,158.513
2024-09-22 15:00:00,2900.6,2917.6,2895.5,2912.3,174.209
2024-09-22 19:00:00,2912.3,2921.3,2906.6,2920.3,106.52
2024-09-22 23:00:00,2920.6,2945.0,2915.0,2935.2,244.901
2024-09-23 03:00:00,2935.2,2938.7,2891.9,2894.6,256.945
2024-09-23 07:00:00,2894.8,2899.8,2876.6,2891.8,245.007
2024-09-23 11:00:00,2890.8,2900.0,2887.3,2890.7,83.817
2024-09-23 15:00:00,2890.9,2892.4,2867.0,2869.5,192.542
2024-09-23 19:00:00,2869.5,2872.9,2846.0,2850.3,268.1
2024-09-23 23:00:00,2850.4,2868.8,2847.1,2866.4,78.932
2024-09-24 03:00:00,2866.9,2872.1,2861.4,2863.4,131.429
2024-09-24 07:00:00,2863.4,2874.4,2862.4,2872.0,70.897
2024-09-24 11:00:00,2871.8,2876.5,2865.1,2869.2,69.075
2024-09-24 15:00:00,2869.2,2880.8,2863.0,2874.7,122.464
2024-09-24 19:00:00,2874.5,2888.9,2864.1,2887.0,111.543
2024-09-24 23:00:00,2886.3,2891.6,2871.1,2872.8,94.331
2024-09-25 03:00:00,2872.4,2885.0,2870.1,2884.6,82.067
2024-09-25 07:00:00,2884.7,2899.9,2880.3,2888.1,98.497
2024-09-25 11:00:00,2888.4,2890.1,2874.5,2878.6,95.89
2024-09-25 15:00:00,2879.0,2886.1,2876.7,2884.7,54.88
2024-09-25 19:00:00,2884.7,2895.0,2879.8,2894.4,61.572
2024-09-25 23:00:00,2893.8,2907.0,2891.7,2896.4,59.372
2024-09-26 03:00:00,2896.5,2904.7,2886.1,2894.7,75.539
2024-09-26 07:00:00,2894.7,2897.4,2868.4,2871.4,77.299
2024-09-26 11:00:00,2871.5,2895.0,2870.3,2891.9,61.071
2024-09-26 15:00:00,2890.8,2905.1,2888.1,2893.3,188.608
2024-09-26 19:00:00,2893.0,2910.3,2883.3,2884.1,76.028
2024-09-26 23:00:00,2884.8,2911.0,2883.5,2909.5,79.92
2024-09-27 03:00:00,2909.5,2914.1,2902.5,2907.7,87.536
2024-09-27 07:00:00,2907.6,2908.5,2880.8,2890.9,126.755
2024-09-27 11:00:00,2890.9,2910.5,2881.4,2897.0,110.781
2024-09-27 15:00:00,2897.3,2904.8,2885.3,2890.5,91.732
2024-09-27 19:00:00,2890.1,2892.9,2872.5,2874.9,86.984
2024-09-27 23:00:00,2874.6,2885.2,2874.0,2882.3,39.119
2024-09-28 03:00:00,2882.1,2887.9,2874.0,2885.9,44.548
2024-09-28 07:00:00,2885.6,2905.4,2881.3,2898.6,96.039
2024-09-28 11:00:00,2898.5,2915.0,2889.5,2890.4,102.498
2024-09-28 15:00:00,2891.1,2900.0,2878.5,2885.0,97.77
2024-09-28 19:00:00,2884.7,2887.1,2878.1,2884.0,41.896
2024-09-28 23:00:00,2883.8,2896.4,2883.8,2894.4,31.632
2024-09-29 03:00:00,2895.2,2898.5,2889.1,2891.7,54.727
2024-09-29 07:00:00,2891.4,2921.0,2888.8,2910.3,194.476
2024-09-29 11:00:00,2910.1,2916.2,2902.0,2906.2,88.02
2024-09-29 15:00:00,2906.2,2916.4,2888.0,2889.2,120.178
2024-09-29 19:00:00,2889.2,2898.3,2885.1,2888.5,63.708
2024-09-29 23:00:00,2887.9,2902.7,2882.6,2893.1,88.595
2024-09-30 03:00:00,2893.1,2908.6,2883.2,2886.1,190.798
2024-09-30 07:00:00,2886.2,2889.0,2873.0,2875.6,87.458
2024-09-30 11:00:00,2876.1,2879.3,2852.2,2864.1,228.995
2024-09-30 15:00:00,2864.1,2887.0,2861.7,2885.6,100.871
2024-09-30 19:00:00,2886.2,2890.0,2873.7,2879.5,118.584
2024-09-30 23:00:00,2879.4,2889.8,2870.4,2886.9,124.951
2024-10-01 03:00:00,2886.9,2887.8,2860.7,2864.1,88.625
2024-10-01 07:00:00,2863.9,2865.1,2851.0,2858.9,82.169
2024-10-01 11:00:00,2859.0,2861.2,2854.2,2858.5,41.982
2024-10-01 15:00:00,2858.6,2950.6,2857.2,2924.4,826.704
2024-10-01 19:00:00,2924.7,2974.0,2918.1,2938.1,764.191
2024-10-01 23:00:00,2938.0,2938.0,2912.6,2924.2,328.86
2024-10-02 03:00:00,2924.5,2932.4,2917.6,2923.9,357.579
2024-10-02 07:00:00,2924.4,2929.4,2912.8,2925.7,155.472
2024-10-02 11:00:00,2926.1,2944.2,2923.1,2938.8,304.052
2024-10-02 15:00:00,2938.7,2964.7,2934.0,2962.8,515.524
2024-10-02 19:00:00,2962.6,3002.2,2960.7,2978.8,643.207
2024-10-02 23:00:00,2978.5,3020.0,2977.8,3010.2,355.869
2024-10-03 03:00:00,3010.3,3025.9,3000.0,3008.7,334.469
2024-10-03 07:00:00,3008.8,3031.8,3001.8,3030.0,272.514
2024-10-03 11:00:00,3030.0,3054.0,3024.0,3042.0,835.969
2024-10-03 15:00:00,3041.5,3060.7,3020.0,3044.7,635.173
2024-10-03 19:00:00,3044.7,3056.7,3034.3,3043.3,288.995
2024-10-03 23:00:00,3043.0,3049.0,3032.9,3034.4,173.484
2024-10-04 03:00:00,3034.4,3039.3,3020.9,3027.4,152.597
2024-10-04 07:00:00,3027.4,3028.7,3013.4,3027.5,131.1
2024-10-04 11:00:00,3027.6,3029.3,3018.4,3021.7,119.103
2024-10-04 15:00:00,3021.1,3034.1,3011.5,3013.1,180.791
2024-10-04 19:00:00,3012.6,3021.9,2998.0,3017.1,269.497
2024-10-04 23:00:00,3016.5,3024.5,3015.1,3017.2,57.944
2024-10-05 03:00:00,3016.9,3030.0,3007.6,3027.6,78.861
2024-10-05 07:00:00,3027.5,3031.3,3008.1,3011.7,61.719
2024-10-05 11:00:00,3011.7,3016.6,3005.9,3014.7,74.346
2024-10-05 15:00:00,3014.8,3027.7,3013.4,3015.4,75.708
2024-10-05 19:00:00,3015.4,3026.9,3014.4,3022.7,120.559
2024-10-05 23:00:00,3022.7,3028.6,3009.0,3017.8,58.277
2024-10-06 03:00:00,3017.6,3020.5,3006.0,3012.7,58.447
2024-10-06 07:00:00,3012.6,3016.2,3007.8,3010.9,58.667
2024-10-06 11:00:00,3010.5,3013.7,3005.0,3008.2,90.576
2024-10-06 15:00:00,3008.9,3013.4,3002.1,3009.0,117.622
2024-10-06 19:00:00,3009.1,3016.7,3006.5,3011.4,71.135
2024-10-06 23:00:00,3012.0,3023.3,3007.7,3013.0,89.261
2024-10-07 03:00:00,3013.1,3014.8,2985.0,2991.3,274.255
2024-10-07 07:00:00,2991.3,3013.3,2990.6,3008.0,156.552
2024-10-07 11:00:00,3008.2,3029.4,3001.6,3003.3,207.365
2024-10-07 15:00:00,3003.3,3018.0,2998.2,3017.5,263.948
2024-10-07 19:00:00,3017.5,3035.9,3009.9,3030.0,181.092
2024-10-07 23:00:00,3029.5,3031.6,3014.1,3014.9,119.743
2024-10-08 03:00:00,3014.4,3019.6,3008.9,3014.4,96.109
2024-10-08 07:00:00,3014.9,3031.5,3013.4,3023.2,207.52
2024-10-08 11:00:00,3023.4,3027.5,3012.1,3013.1,64.539
2024-10-08 15:00:00,3013.0,3028.0,3012.7,3020.2,157.596
2024-10-08 19:00:00,3020.0,3022.5,2989.9,2994.5,257.704
2024-10-08 23:00:00,2994.4,2999.6,2988.3,2992.6,85.883
2024-10-09 03:00:00,2992.5,2999.5,2977.5,2997.1,86.224
2024-10-09 07:00:00,2997.1,3001.2,2994.0,2997.7,84.34
2024-10-09 11:00:00,2997.7,3000.0,2989.7,2989.9,83.267
2024-10-09 15:00:00,2989.9,3001.8,2966.6,2985.2,324.207
2024-10-09 19:00:00,2985.1,2991.3,2965.8,2967.2,119.409
2024-10-09 23:00:00,2967.3,2998.4,2965.6,2988.8,364.969
2024-10-10 03:00:00,2988.8,2993.9,2975.8,2981.5,279.88
2024-10-10 07:00:00,2981.6,2986.4,2972.4,2984.6,94.32
2024-10-10 11:00:00,2984.5,3002.2,2981.4,2993.9,191.418
2024-10-10 15:00:00,2993.5,3002.3,2981.8,2983.5,172.502
2024-10-10 19:00:00,2983.9,2988.7,2959.0,2962.3,269.424
2024-10-10 23:00:00,2962.3,2972.7,2960.6,2969.4,83.059
2024-10-11 03:00:00,2969.3,2971.7,2956.8,2957.1,57.297
2024-10-11 07:00:00,2956.8,2966.2,2956.2,2963.6,53.173
2024-10-11 11:00:00,2963.9,2968.6,2949.9,2966.0,88.025
2024-10-11 15:00:00,2966.1,2983.9,2961.1,2981.9,121.277
2024-10-11 19:00:00,2981.9,3008.1,2979.1,3000.6,225.329
2024-10-11 23:00:00,3000.1,3005.0,2985.1,2994.3,132.758
2024-10-12 03:00:00,2994.4,3003.1,2989.9,2991.8,150.691
2024-10-12 07:00:00,2991.8,2996.6,2984.3,2996.0,47.073
2024-10-12 11:00:00,2996.6,2996.8,2990.7,2992.8,27.772
2024-10-12 15:00:00,2992.8,2996.0,2988.3,2993.0,32.878
2024-10-12 19:00:00,2992.9,2992.9,2981.4,2982.4,37.013
2024-10-12 23:00:00,2982.4,2995.3,2982.2,2991.6,37.229
2024-10-13 03:00:00,2991.0,2996.0,2983.3,2988.1,89.242
2024-10-13 07:00:00,2988.1,2992.2,2983.3,2987.1,32.249
2024-10-13 11:00:00,2987.0,2989.9,2978.1,2984.9,42.222
2024-10-13 15:00:00,2985.0,2993.7,2979.8,2992.7,87.895
2024-10-13 19:00:00,2992.6,3003.7,2991.4,2999.3,121.509
2024-10-13 23:00:00,2999.8,3000.8,2988.3,2989.5,45.11
2024-10-14 03:00:00,2989.5,3000.0,2988.2,2997.2,133.644
2024-10-14 07:00:00,2997.2,3006.9,2980.1,3004.8,143.444
2024-10-14 11:00:00,3004.8,3018.7,3002.9,3015.3,165.831
2024-10-14 15:00:00,3015.2,3017.0,2978.6,2979.6,283.135
2024-10-14 19:00:00,2979.6,2994.6,2974.8,2992.2,161.07
2024-10-14 23:00:00,2992.1,2993.3,2983.9,2985.9,52.348
2024-10-15 03:00:00,2985.8,2990.4,2967.8,2975.7,76.122
2024-10-15 07:00:00,2975.3,2992.4,2972.7,2989.0,64.205
2024-10-15 11:00:00,2989.2,3014.0,2983.7,3011.2,157.8
2024-10-15 15:00:00,3011.3,3040.3,3000.0,3039.0,686.072
2024-10-15 19:00:00,3039.0,3071.3,3037.9,3058.0,438.657
2024-10-15 23:00:00,3058.0,3074.0,3043.7,3051.8,312.742
2024-10-16 03:00:00,3051.9,3060.3,3046.5,3050.1,145.863
2024-10-16 07:00:00,3049.9,3063.5,3046.9,3060.1,111.771
2024-10-16 11:00:00,3060.1,3076.8,3048.0,3062.4,172.83
2024-10-16 15:00:00,3062.3,3077.3,3052.2,3074.7,204.744
2024-10-16 19:00:00,3074.8,3088.3,3066.6,3068.0,264.982
2024-10-16 23:00:00,3067.6,3071.4,3060.9,3069.6,65.985
2024-10-17 03:00:00,3069.6,3070.1,3042.6,3045.0,117.461
2024-10-17 07:00:00,3044.9,3057.9,3035.3,3054.8,163.112
2024-10-17 11:00:00,3054.5,3067.2,3054.5,3066.1,113.113
2024-10-17 15:00:00,3066.2,3073.9,3056.6,3066.4,143.074
2024-10-17 19:00:00,3066.5,3093.6,3063.5,3074.2,308.693
2024-10-17 23:00:00,3075.0,3082.4,3068.2,3081.9,97.928
2024-10-18 03:00:00,3081.9,3083.5,3063.2,3074.2,114.515
2024-10-18 07:00:00,3074.2,3083.3,3062.0,3062.5,71.359
2024-10-18 11:00:00,3062.0,3073.9,3058.5,3070.7,104.147
2024-10-18 15:00:00,3070.6,3087.0,3069.5,3081.1,169.241
2024-10-18 19:00:00,3081.1,3086.6,3070.6,3078.7,156.838
2024-10-18 23:00:00,3078.7,3082.8,3072.7,3077.2,45.389
2024-10-19 03:00:00,3077.1,3078.5,3062.7,3069.7,90.368
2024-10-19 07:00:00,3069.0,3072.4,3064.1,3069.9,53.278
2024-10-19 11:00:00,3069.9,3073.9,3062.1,3073.8,64.331
2024-10-19 15:00:00,3073.8,3074.9,3055.7,3061.2,64.706
2024-10-19 19:00:00,3061.3,3066.2,3055.6,3065.9,39.624
2024-10-19 23:00:00,3066.0,3066.5,3054.9,3060.0,32.904
2024-10-20 03:00:00,3060.0,3066.2,3055.4,3060.8,48.167
2024-10-20 07:00:00,3061.1,3068.3,3057.6,3063.3,47.846
2024-10-20 11:00:00,3063.3,3073.9,3061.9,3064.1,42.731
2024-10-20 15:00:00,3063.6,3071.0,3026.6,3031.6,437.913
2024-10-20 19:00:00,3032.0,3039.1,3025.4,3031.1,121.579
2024-10-20 23:00:00,3031.5,3032.1,3001.0,3003.4,202.321
2024-10-21 03:00:00,3003.3,3007.8,2992.4,2999.2,192.834
2024-10-21 07:00:00,2999.2,3007.2,2984.5,2989.3,107.458
2024-10-21 11:00:00,2989.2,2999.9,2974.1,2993.8,286.08
2024-10-21 15:00:00,2993.8,3008.0,2985.9,2990.2,330.41
2024-10-21 19:00:00,2990.3,3002.9,2989.4,2996.3,99.182
2024-10-21 23:00:00,2998.0,3002.1,2990.5,2993.9,62.936
2024-10-22 03:00:00,2993.8,3011.0,2984.6,3003.3,165.781
2024-10-22 07:00:00,3003.2,3008.0,2997.1,2998.0,47.966
2024-10-22 11:00:00,2998.0,3016.6,2996.2,3010.4,111.349
2024-10-22 15:00:00,3010.4,3020.0,3005.2,3016.9,99.906
2024-10-22 19:00:00,3016.4,3026.3,3011.5,3024.0,65.711
2024-10-22 23:00:00,3024.3,3029.4,3019.3,3028.5,67.692
2024-10-23 03:00:00,3028.4,3033.3,3022.9,3026.0,56.001
2024-10-23 07:00:00,3026.0,3036.4,3025.1,3032.3,81.366
2024-10-23 11:00:00,3032.1,3044.2,3031.4,3032.7,124.038
2024-10-23 15:00:00,3033.2,3052.0,3032.2,3048.4,179.541
2024-10-23 19:00:00,3049.5,3083.3,3043.3,3062.7,611.006
2024-10-23 23:00:00,3062.8,3074.1,3056.7,3061.0,223.969
2024-10-24 03:00:00,3061.0,3073.3,3057.4,3061.9,206.053
2024-10-24 07:00:00,3062.0,3066.4,3057.0,3063.3,99.14
2024-10-24 11:00:00,3063.3,3078.2,3060.2,3073.6,179.125
2024-10-24 15:00:00,3073.6,3102.2,3073.3,3088.8,363.244
2024-10-24 19:00:00,3088.9,3098.1,3085.2,3095.0,173.553
2024-10-24 23:00:00,3095.1,3100.0,3091.3,3095.3,110.342
2024-10-25 03:00:00,3095.2,3107.5,3090.6,3102.6,186.668
2024-10-25 07:00:00,3102.6,3130.7,3101.7,3122.3,801.383
2024-10-25 11:00:00,3122.3,3126.0,3091.8,3104.4,250.413
2024-10-25 15:00:00,3104.0,3117.9,3101.8,3110.5,158.737
2024-10-25 19:00:00,3110.4,3133.9,3103.8,3122.8,306.15
2024-10-25 23:00:00,3123.2,3270.0,3114.8,3182.2,1278.777
2024-10-26 03:00:00,3182.3,3200.0,3161.9,3165.3,577.758
2024-10-26 07:00:00,3165.3,3167.0,3150.2,3158.6,161.349
2024-10-26 11:00:00,3158.6,3159.6,3146.5,3150.8,376.957
2024-10-26 15:00:00,3150.9,3173.2,3145.4,3160.8,509.968
2024-10-26 19:00:00,3160.9,3160.9,3137.2,3139.6,207.839
2024-10-26 23:00:00,3139.3,3141.5,3127.8,3139.4,75.809
2024-10-27 03:00:00,3139.4,3143.6,3133.0,3137.3,52.394
2024-10-27 07:00:00,3137.3,3139.7,3134.3,3136.0,34.616
2024-10-27 11:00:00,3135.7,3147.7,3132.6,3145.4,126.834
2024-10-27 15:00:00,3144.7,3147.0,3134.1,3137.6,62.972
2024-10-27 19:00:00,3137.8,3144.9,3129.6,3141.4,333.546
2024-10-27 23:00:00,3141.4,3143.7,3129.8,3136.3,42.963
2024-10-28 03:00:00,3136.7,3162.7,3132.4,3156.7,166.281
2024-10-28 07:00:00,3156.6,3164.4,3151.3,3155.5,125.154
2024-10-28 11:00:00,3156.0,3158.0,3133.4,3153.9,109.991
2024-10-28 15:00:00,3153.9,3183.3,3153.8,3177.6,341.457
2024-10-28 19:00:00,3177.5,3203.5,3170.4,3197.4,391.675
2024-10-28 23:00:00,3187.0,3188.9,3151.0,3163.5,424.85
2024-10-29 03:00:00,3163.5,3168.0,3133.1,3153.1,410.608
2024-10-29 07:00:00,3153.1,3172.6,3147.2,3160.6,145.649
2024-10-29 11:00:00,3161.0,3165.1,3150.6,3161.7,138.578
2024-10-29 15:00:00,3161.0,3187.8,3154.9,3179.9,276.872
2024-10-29 19:00:00,3179.9,3223.0,3163.6,3212.8,620.349
2024-10-29 23:00:00,3213.6,3215.8,3192.4,3201.3,179.904
2024-10-30 03:00:00,3201.7,3212.1,3177.1,3181.1,249.551
2024-10-30 07:00:00,3181.1,3195.4,3164.4,3175.8,202.351
2024-10-30 11:00:00,3175.4,3195.7,3172.9,3191.9,233.213
2024-10-30 15:00:00,3192.1,3196.5,3148.9,3178.8,387.002
2024-10-30 19:00:00,3178.8,3184.4,3168.1,3183.8,116.771
2024-10-30 23:00:00,3183.8,3205.6,3182.5,3200.1,206.26
2024-10-31 03:00:00,3200.3,3207.6,3188.6,3205.9,118.284
2024-10-31 07:00:00,3205.9,3233.6,3201.6,3219.7,347.913
2024-10-31 11:00:00,3220.1,3235.2,3218.9,3223.5,242.259
2024-10-31 15:00:00,3223.6,3252.0,3212.9,3229.3,795.601
2024-10-31 19:00:00,3229.8,3269.0,3229.7,3257.9,795.063
2024-10-31 23:00:00,3258.9,3270.0,3247.3,3254.4,352.407
2024-11-01 03:00:00,3254.5,3256.0,3226.7,3227.6,409.946
2024-11-01 07:00:00,3227.6,3251.9,3225.5,3236.3,272.667
2024-11-01 11:00:00,3236.3,3247.2,3228.8,3241.3,248.598
2024-11-01 15:00:00,3241.4,3252.1,3227.2,3241.4,332.615
2024-11-01 19:00:00,3241.6,3252.9,3215.5,3223.4,437.315
2024-11-01 23:00:00,3222.4,3241.7,3216.7,3236.0,178.628
2024-11-02 03:00:00,3236.2,3238.9,3226.7,3236.5,81.86
2024-11-02 07:00:00,3236.3,3246.0,3232.1,3243.6,174.949
2024-11-02 11:00:00,3243.4,3255.5,3240.5,3250.4,236.06
2024-11-02 15:00:00,3250.3,3278.5,3248.4,3263.8,612.566
2024-11-02 19:00:00,3263.8,3268.6,3256.0,3256.3,220.829
2024-11-02 23:00:00,3256.3,3259.6,3248.1,3248.7,107.443
2024-11-03 03:00:00,3248.6,3281.0,3243.0,3265.2,648.401
2024-11-03 07:00:00,3265.2,3274.4,3256.2,3259.4,233.759
2024-11-03 11:00:00,3259.3,3266.7,3254.4,3263.9,194.589
2024-11-03 15:00:00,3263.9,3292.3,3261.3,3284.8,850.017
2024-11-03 19:00:00,3284.8,3302.7,3281.1,3292.6,568.74
2024-11-03 23:00:00,3292.5,3296.5,3282.6,3286.4,295.167
2024-11-04 03:00:00,3286.3,3297.6,3275.5,3282.2,298.885
2024-11-04 07:00:00,3282.2,3295.8,3280.5,3283.0,147.102
2024-11-04 11:00:00,3282.9,3291.7,3264.5,3267.3,249.916
2024-11-04 15:00:00,3267.4,3284.2,3264.4,3281.7,200.455
2024-11-04 19:00:00,3281.6,3287.3,3260.5,3271.2,278.874
2024-11-04 23:00:00,3270.5,3316.9,3261.8,3299.9,567.734
2024-11-05 03:00:00,3300.0,3305.4,3289.1,3293.0,193.699
2024-11-05 07:00:00,3293.4,3301.9,3288.7,3291.2,145.939
2024-11-05 11:00:00,3291.3,3298.5,3287.3,3289.0,114.862
2024-11-05 15:00:00,3288.9,3307.1,3281.3,3304.7,444.607
2024-11-05 19:00:00,3304.5,3318.0,3296.5,3314.3,435.636
2024-11-05 23:00:00,3313.9,3316.3,3296.8,3305.4,167.348
2024-11-06 03:00:00,3305.3,3316.7,3284.1,3312.0,866.714
2024-11-06 07:00:00,3312.0,3320.5,3256.6,3267.5,871.622
2024-11-06 11:00:00,3267.2,3286.8,3258.0,3273.9,732.654
2024-11-06 15:00:00,3274.2,3284.0,3260.9,3282.0,385.57
2024-11-06 19:00:00,3281.9,3303.7,3260.8,3298.5,386.797
2024-11-06 23:00:00,3298.7,3317.8,3242.5,3259.2,595.349
2024-11-07 03:00:00,3258.5,3267.0,3120.4,3137.3,2067.675
2024-11-07 07:00:00,3137.0,3184.5,3128.3,3164.6,743.715
2024-11-07 11:00:00,3164.5,3185.8,3160.2,3185.8,292.22
2024-11-07 15:00:00,3185.9,3197.0,3169.2,3179.7,390.492
2024-11-07 19:00:00,3179.7,3185.6,3158.9,3166.9,513.934
2024-11-07 23:00:00,3166.9,3170.8,3130.8,3136.0,477.381
2024-11-08 03:00:00,3136.0,3142.2,3100.0,3131.2,800.613
2024-11-08 07:00:00,3131.2,3134.2,3112.6,3124.3,250.464
2024-11-08 11:00:00,3124.3,3133.2,3109.8,3113.5,242.407
2024-11-08 15:00:00,3113.4,3122.9,3086.4,3114.3,569.952
2024-11-08 19:00:00,3115.1,3149.1,3110.4,3129.9,552.061
2024-11-08 23:00:00,3130.0,3138.2,3097.7,3100.6,267.899
2024-11-09 03:00:00,3100.6,3108.0,3066.0,3080.4,490.152
2024-11-09 07:00:00,3080.5,3085.9,3027.7,3042.7,678.36
2024-11-09 11:00:00,3042.7,3046.2,3021.5,3025.9,426.419
2024-11-09 15:00:00,3026.2,3052.9,3024.1,3039.5,536.195
2024-11-09 19:00:00,3039.7,3061.5,3006.7,3021.2,683.314
2024-11-09 23:00:00,3021.1,3023.6,2967.8,2977.2,436.489
2024-11-10 03:00:00,2977.2,2993.3,2964.3,2973.3,918.025
2024-11-10 07:00:00,2973.3,3030.8,2963.1,2986.1,1190.045
2024-11-10 11:00:00,2986.5,3008.9,2985.0,2989.1,710.234
2024-11-10 15:00:00,2989.2,3004.0,2967.2,2967.9,872.836
2024-11-10 19:00:00,2968.0,3002.1,2956.7,2999.0,1098.59
2024-11-10 23:00:00,2998.4,3064.1,2986.7,3015.9,1449.479
2024-11-11 03:00:00,3016.0,3040.7,2994.5,3037.1,520.6
2024-11-11 07:00:00,3037.6,3091.9,3033.5,3085.6,1258.071
2024-11-11 11:00:00,3085.6,3090.2,3049.9,3051.6,696.058
2024-11-11 15:00:00,3051.5,3098.5,3047.0,3096.5,906.542
2024-11-11 19:00:00,3096.1,3132.4,3046.9,3123.6,1109.752
2024-11-11 23:00:00,3123.6,3194.8,3098.7,3131.9,1699.283
2024-11-12 03:00:00,3132.2,3206.6,3128.0,3133.6,1335.781
2024-11-12 07:00:00,3133.5,3172.2,3132.0,3142.3,650.32
2024-11-12 11:00:00,3141.8,3180.0,3070.0,3160.2,2025.876
2024-11-12 15:00:00,3160.5,3190.8,3135.0,3155.2,1263.431
2024-11-12 19:00:00,3155.3,3219.5,3150.2,3201.8,794.724
2024-11-12 23:00:00,3202.2,3223.9,3161.7,3195.7,631.474
2024-11-13 03:00:00,3195.2,3245.4,3184.1,3241.4,827.987
2024-11-13 07:00:00,3241.3,3295.9,3228.8,3271.0,1193.726
2024-11-13 11:00:00,3270.8,3288.0,3255.9,3265.8,678.947
2024-11-13 15:00:00,3266.0,3309.5,3244.4,3300.0,1192.781
2024-11-13 19:00:00,3300.1,3362.5,3289.3,3355.6,1217.327
2024-11-13 23:00:00,3355.8,3359.0,3298.1,3319.2,612.388
2024-11-14 03:00:00,3319.2,3330.5,3270.0,3270.0,473.814
2024-11-14 07:00:00,3270.2,3294.1,3247.6,3273.8,607.769
2024-11-14 11:00:00,3273.6,3349.1,3266.3,3338.3,559.969
2024-11-14 15:00:00,3338.5,3345.2,3297.8,3300.5,875.859
2024-11-14 19:00:00,3300.2,3305.8,3250.0,3270.7,599.635
2024-11-14 23:00:00,3270.6,3308.4,3230.8,3291.3,756.168
2024-11-15 03:00:00,3291.3,3314.8,3280.2,3289.9,644.23
2024-11-15 07:00:00,3289.4,3336.5,3286.7,3308.8,803.647
2024-11-15 11:00:00,3309.6,3325.8,3290.3,3312.7,426.077
2024-11-15 15:00:00,3313.3,3337.0,3298.0,3337.0,627.461
2024-11-15 19:00:00,3336.9,3372.0,3330.3,3361.3,616.654
2024-11-15 23:00:00,3361.5,3367.0,3320.5,3327.8,333.075
2024-11-16 03:00:00,3327.9,3344.4,3282.9,3282.9,856.159
2024-11-16 07:00:00,3282.8,3310.8,3281.1,3303.4,496.227
2024-11-16 11:00:00,3303.0,3310.0,3234.4,3234.5,523.39
2024-11-16 15:00:00,3234.4,3259.8,3212.6,3248.1,995.676
2024-11-16 19:00:00,3248.5,3259.0,3220.3,3225.8,357.574
2024-11-16 23:00:00,3226.0,3249.7,3219.0,3243.4,236.412
2024-11-17 03:00:00,3244.4,3317.3,3225.1,3282.6,836.724
2024-11-17 07:00:00,3282.6,3283.9,3196.6,3210.5,682.097
2024-11-17 11:00:00,3211.1,3254.7,3189.6,3254.2,518.293
2024-11-17 15:00:00,3254.1,3261.4,3236.3,3241.9,400.403
2024-11-17 19:00:00,3242.3,3257.1,3230.5,3241.9,236.083
2024-11-17 23:00:00,3242.0,3253.7,3225.4,3237.8,330.786
2024-11-18 03:00:00,3237.8,3241.6,3208.6,3208.6,308.589
2024-11-18 07:00:00,3208.6,3234.6,3197.4,3225.2,339.7
2024-11-18 11:00:00,3225.2,3252.8,3224.0,3245.8,333.358
2024-11-18 15:00:00,3245.0,3252.9,3210.0,3236.5,475.748
2024-11-18 19:00:00,3236.7,3241.4,3174.1,3220.8,651.011
2024-11-18 23:00:00,3221.2,3228.4,3150.0,3159.2,478.157
2024-11-19 03:00:00,3159.3,3212.4,3150.7,3210.6,494.547
2024-11-19 07:00:00,3209.8,3233.9,3203.0,3231.0,231.384
2024-11-19 11:00:00,3231.1,3249.6,3225.3,3227.6,240.111
2024-11-19 15:00:00,3227.6,3272.9,3225.7,3270.7,416.505
2024-11-19 19:00:00,3269.6,3291.0,3256.6,3276.5,396.851
2024-11-19 23:00:00,3276.5,3302.2,3259.1,3270.1,535.25
2024-11-20 03:00:00,3270.1,3313.8,3261.0,3289.1,737.513
2024-11-20 07:00:00,3289.2,3300.5,3280.3,3298.1,208.712
2024-11-20 11:00:00,3298.2,3316.4,3281.5,3312.0,374.465
2024-11-20 15:00:00,3312.1,3349.4,3289.2,3334.5,1180.989
2024-11-20 19:00:00,3334.6,3406.0,3331.0,3396.7,1507.843
2024-11-20 23:00:00,3396.6,3413.1,3360.0,3384.1,769.532
2024-11-21 03:00:00,3383.9,3446.4,3371.3,3442.3,1178.818
2024-11-21 07:00:00,3442.3,3468.0,3397.7,3409.7,1173.408
2024-11-21 11:00:00,3409.9,3458.3,3390.0,3443.4,869.336
2024-11-21 15:00:00,3443.7,3445.5,3279.1,3323.6,2965.062
2024-11-21 19:00:00,3323.5,3325.4,3265.2,3295.4,1022.392
2024-11-21 23:00:00,3295.3,3311.3,3276.5,3283.9,668.778
2024-11-22 03:00:00,3283.7,3293.1,3229.4,3236.9,863.278
2024-11-22 07:00:00,3236.9,3268.5,3201.6,3267.2,778.135
2024-11-22 11:00:00,3267.4,3273.1,3230.5,3237.1,539.036
2024-11-22 15:00:00,3237.2,3281.0,3209.2,3242.3,1192.488
2024-11-22 19:00:00,3243.0,3302.5,3231.1,3273.1,763.996
2024-11-22 23:00:00,3273.8,3279.5,3207.6,3207.6,499.222
2024-11-23 03:00:00,3207.5,3208.5,3137.3,3139.6,1106.749
2024-11-23 07:00:00,3139.5,3142.8,3105.4,3110.5,1238.027
2024-11-23 11:00:00,3110.6,3110.8,3069.8,3094.8,963.438
2024-11-23 15:00:00,3094.8,3101.7,3014.2,3028.4,1739.09
2024-11-23 19:00:00,3027.9,3103.3,3014.2,3075.7,1710.348
2024-11-23 23:00:00,3075.9,3104.6,3064.6,3085.4,867.914
2024-11-24 03:00:00,3085.0,3091.5,3050.0,3054.6,635.304
2024-11-24 07:00:00,3054.6,3084.6,3051.2,3067.5,617.517
2024-11-24 11:00:00,3067.6,3140.0,3057.1,3137.0,1440.099
2024-11-24 15:00:00,3136.9,3200.4,3119.3,3166.2,1939.715
2024-11-24 19:00:00,3166.5,3170.0,3107.3,3119.7,825.462
2024-11-24 23:00:00,3119.3,3123.8,3095.4,3114.7,674.052
2024-11-25 03:00:00,3114.5,3166.5,3111.1,3125.8,875.902
2024-11-25 07:00:00,3125.9,3128.0,3070.0,3093.8,656.399
2024-11-25 11:00:00,3093.4,3094.0,3032.4,3061.2,826.101
2024-11-25 15:00:00,3060.9,3100.0,3015.0,3020.4,1667.75
2024-11-25 19:00:00,3021.1,3059.3,3006.1,3015.4,1284.432
2024-11-25 23:00:00,3016.0,3065.9,3007.6,3024.1,766.957
2024-11-26 03:00:00,3024.0,3043.7,3014.4,3035.8,639.267
2024-11-26 07:00:00,3036.0,3052.4,3029.5,3042.7,429.488
2024-11-26 11:00:00,3043.0,3134.6,3039.1,3103.7,1623.923
2024-11-26 15:00:00,3103.7,3125.8,3083.4,3122.7,973.738
2024-11-26 19:00:00,3122.3,3149.8,3075.4,3079.7,906.336
2024-11-26 23:00:00,3079.3,3079.8,3030.7,3056.0,466.17
2024-11-27 03:00:00,3056.1,3086.7,3046.9,3060.8,503.246
2024-11-27 07:00:00,3061.0,3062.2,3026.0,3034.9,400.72
2024-11-27 11:00:00,3035.6,3044.8,3000.0,3007.7,630.134
2024-11-27 15:00:00,3007.7,3024.5,2992.3,3002.6,790.201
2024-11-27 19:00:00,3001.4,3026.0,2996.5,3021.3,420.298
2024-11-27 23:00:00,3021.3,3024.8,2957.7,2967.1,672.623
2024-11-28 03:00:00,2967.4,2989.3,2956.0,2978.4,581.281
2024-11-28 07:00:00,2978.2,2993.1,2975.0,2991.6,350.257
2024-11-28 11:00:00,2991.7,2996.5,2967.0,2981.7,409.83
2024-11-28 15:00:00,2981.6,3027.0,2971.1,3024.4,612.995
2024-11-28 19:00:00,3024.0,3024.1,2980.4,2984.9,293.893
2024-11-28 23:00:00,2984.9,2992.9,2970.4,2980.0,233.01
2024-11-29 03:00:00,2980.0,2995.3,2972.6,2993.7,266.395
2024-11-29 07:00:00,2993.9,2999.5,2976.3,2990.7,440.745
2024-11-29 11:00:00,2990.6,2990.8,2973.2,2983.2,223.085
2024-11-29 15:00:00,2983.1,2989.3,2965.0,2984.6,471.03
2024-11-29 19:00:00,2984.4,3005.3,2970.7,2977.2,341.139
2024-11-29 23:00:00,2977.2,2977.5,2950.8,2958.8,291.282
2024-11-30 03:00:00,2958.9,2973.2,2908.4,2910.9,691.153
2024-11-30 07:00:00,2910.9,2927.8,2857.0,2862.7,1229.083
2024-11-30 11:00:00,2862.9,2904.9,2855.8,2888.0,1078.445
2024-11-30 15:00:00,2888.0,2910.0,2879.9,2893.9,441.178
2024-11-30 19:00:00,2894.5,2902.8,2884.7,2887.3,485.258
2024-11-30 23:00:00,2887.3,2889.7,2859.9,2873.6,409.372
2024-12-01 03:00:00,2873.4,2902.8,2863.6,2889.3,753.856
2024-12-01 07:00:00,2889.0,2906.2,2885.7,2894.6,307.657
2024-12-01 11:00:00,2894.8,2907.4,2890.1,2900.3,481.236
2024-12-01 15:00:00,2900.3,2907.7,2868.0,2872.0,539.692
2024-12-01 19:00:00,2871.9,2910.0,2868.1,2870.7,1668.558
2024-12-01 23:00:00,2870.9,2887.6,2842.6,2847.8,552.368
2024-12-02 03:00:00,2847.9,2857.9,2817.1,2842.3,1062.804
2024-12-02 07:00:00,2843.6,2868.2,2835.6,2841.8,1074.773
2024-12-02 11:00:00,2842.2,2907.8,2837.7,2891.6,1186.817
2024-12-02 15:00:00,2891.9,2894.9,2834.0,2840.4,853.084
2024-12-02 19:00:00,2840.1,2864.4,2831.0,2839.4,649.438
2024-12-02 23:00:00,2839.5,2842.1,2800.9,2803.9,415.279
2024-12-03 03:00:00,2803.8,2818.8,2789.0,2795.5,547.927
2024-12-03 07:00:00,2795.6,2815.4,2774.1,2801.3,794.483
2024-12-03 11:00:00,2801.2,2810.0,2772.0,2772.6,656.825
2024-12-03 15:00:00,2772.7,2874.6,2767.0,2845.6,3958.36
2024-12-03 19:00:00,2845.5,2848.0,2795.0,2797.8,569.606
2024-12-03 23:00:00,2797.2,2798.6,2742.1,2754.5,1009.226
2024-12-04 03:00:00,2754.5,2754.5,2700.0,2720.5,1149.13
2024-12-04 07:00:00,2720.3,2728.6,2700.9,2707.1,541.045
2024-12-04 11:00:00,2707.1,2725.7,2685.0,2690.1,1092.768
2024-12-04 15:00:00,2690.0,2706.6,2651.6,2663.2,2209.774
2024-12-04 19:00:00,2663.2,2722.7,2656.6,2710.3,1640.633
2024-12-04 23:00:00,2710.3,2797.1,2710.1,2761.3,1640.113
2024-12-05 03:00:00,2761.4,2916.0,2755.0,2900.6,3293.598
2024-12-05 07:00:00,2900.4,2915.8,2827.2,2845.9,1454.275
2024-12-05 11:00:00,2845.4,2855.7,2800.0,2801.7,1155.582
2024-12-05 15:00:00,2801.7,2845.7,2789.6,2795.4,996.036
2024-12-05 19:00:00,2795.4,2807.0,2746.8,2775.2,938.521
2024-12-05 23:00:00,2775.5,2793.3,2685.0,2754.1,1241.017
2024-12-06 03:00:00,2754.2,2756.4,2697.1,2699.4,614.888
2024-12-06 07:00:00,2699.4,2724.4,2695.0,2719.9,425.499
2024-12-06 11:00:00,2719.9,2767.5,2716.8,2751.9,812.065
2024-12-06 15:00:00,2753.0,2778.9,2700.6,2724.4,1375.374
2024-12-06 19:00:00,2724.3,2757.6,2695.5,2739.2,795.448
2024-12-06 23:00:00,2739.3,2748.6,2706.4,2713.1,325.446
2024-12-07 03:00:00,2712.9,2728.8,2702.9,2704.5,436.391
2024-12-07 07:00:00,2704.8,2707.1,2686.2,2699.3,1209.183
2024-12-07 11:00:00,2699.7,2709.0,2688.3,2695.7,381.605
2024-12-07 15:00:00,2695.7,2701.1,2671.7,2675.2,337.302
2024-12-07 19:00:00,2674.7,2694.8,2670.0,2684.0,420.899
2024-12-07 23:00:00,2683.6,2694.9,2671.1,2677.9,334.319
2024-12-08 03:00:00,2677.9,2686.0,2670.0,2678.1,356.77
2024-12-08 07:00:00,2678.1,2703.2,2674.5,2688.3,605.203
2024-12-08 11:00:00,2688.2,2720.8,2688.2,2699.7,768.841
2024-12-08 15:00:00,2699.5,2711.9,2691.6,2695.5,1345.716
2024-12-08 19:00:00,2695.2,2702.3,2686.9,2697.6,476.523
2024-12-08 23:00:00,2697.7,2710.0,2684.1,2707.7,418.472
2024-12-09 03:00:00,2707.7,2740.0,2701.5,2728.0,1042.431
2024-12-09 07:00:00,2728.3,2761.8,2718.2,2754.2,1246.382
2024-12-09 11:00:00,2754.3,2796.8,2754.3,2784.3,2097.601
2024-12-09 15:00:00,2784.4,2794.8,2753.0,2779.3,1256.504
2024-12-09 19:00:00,2779.8,2784.5,2752.3,2767.4,566.304
2024-12-09 23:00:00,2767.7,3024.0,2766.4,2909.2,5384.08
2024-12-10 03:00:00,2909.3,2989.3,2877.1,2941.7,2376.843
2024-12-10 07:00:00,2941.7,2962.8,2886.9,2896.0,1124.111
2024-12-10 11:00:00,2896.1,2912.5,2872.6,2900.6,837.204
2024-12-10 15:00:00,2900.9,3019.7,2897.4,3014.4,2668.156
2024-12-10 19:00:00,3014.4,3050.0,2951.2,2957.0,3071.948
2024-12-10 23:00:00,2957.5,2961.4,2893.3,2916.4,1147.602
2024-12-11 03:00:00,2915.5,2969.9,2910.3,2929.9,831.536
2024-12-11 07:00:00,2929.9,2955.1,2912.5,2943.2,594.209
2024-12-11 11:00:00,2943.0,2944.3,2888.4,2902.7,640.297
2024-12-11 15:00:00,2902.4,2904.4,2870.0,2885.0,1196.602
2024-12-11 19:00:00,2885.2,2903.6,2878.5,2894.6,547.696
2024-12-11 23:00:00,2894.7,2900.7,2878.2,2889.3,431.165
2024-12-12 03:00:00,2889.3,2894.6,2816.1,2825.6,1030.926
2024-12-12 07:00:00,2825.5,2825.5,2790.3,2812.8,1054.684
2024-12-12 11:00:00,2812.7,2830.9,2801.5,2818.7,881.274
2024-12-12 15:00:00,2818.3,2833.3,2787.4,2831.2,1146.99
2024-12-12 19:00:00,2831.3,2840.5,2802.1,2829.5,833.496
2024-12-12 23:00:00,2829.8,2857.6,2816.4,2837.1,727.359
2024-12-13 03:00:00,2837.0,2858.9,2796.6,2808.0,653.508
2024-12-13 07:00:00,2808.0,2859.5,2805.9,2857.8,641.122
2024-12-13 11:00:00,2857.7,2866.4,2833.3,2844.2,790.524
2024-12-13 15:00:00,2844.3,2846.6,2813.4,2841.8,860.793
2024-12-13 19:00:00,2841.8,2872.1,2836.0,2857.6,512.543
2024-12-13 23:00:00,2857.7,2862.1,2845.6,2849.8,180.498
2024-12-14 03:00:00,2849.7,2864.2,2836.5,2857.0,317.209
2024-12-14 07:00:00,2857.0,2860.1,2832.1,2842.4,199.432
2024-12-14 11:00:00,2842.9,2866.2,2836.2,2865.5,203.421
2024-12-14 15:00:00,2865.5,2902.0,2863.6,2887.7,1158.298
2024-12-14 19:00:00,2888.5,2919.9,2885.1,2909.7,762.565
2024-12-14 23:00:00,2909.8,2923.7,2893.0,2901.2,415.516
2024-12-15 03:00:00,2901.3,2918.0,2895.3,2908.9,374.994
2024-12-15 07:00:00,2908.9,2943.2,2902.9,2934.3,685.505
2024-12-15 11:00:00,2934.3,2939.4,2920.3,2931.8,467.263
2024-12-15 15:00:00,2931.5,2947.4,2904.5,2914.3,543.816
2024-12-15 19:00:00,2914.3,2929.8,2909.7,2923.2,243.012
2024-12-15 23:00:00,2923.4,2961.9,2914.5,2922.4,674.603
2024-12-16 03:00:00,2922.5,2962.9,2912.1,2955.2,631.231
2024-12-16 07:00:00,2954.9,2967.4,2925.0,2946.9,784.54
2024-12-16 11:00:00,2947.1,2988.7,2943.6,2983.1,978.369
2024-12-16 15:00:00,2982.7,3021.1,2970.0,3018.0,962.755
2024-12-16 19:00:00,3018.3,3018.9,2941.1,2958.0,1210.873
2024-12-16 23:00:00,2957.5,2978.4,2940.7,2978.2,405.344
2024-12-17 03:00:00,2978.4,3012.5,2977.4,2985.3,709.602
2024-12-17 07:00:00,2985.4,3007.5,2984.7,3000.7,396.811
2024-12-17 11:00:00,3000.6,3003.0,2948.9,2957.0,509.218
2024-12-17 15:00:00,2956.8,3001.4,2942.4,2995.5,861.619
2024-12-17 19:00:00,2995.5,3000.0,2975.1,2978.1,608.998
2024-12-17 23:00:00,2978.2,3028.9,2971.4,3013.2,838.506
2024-12-18 03:00:00,3013.5,3029.4,2989.8,3010.6,1144.593
2024-12-18 07:00:00,3010.6,3021.7,2989.8,3009.6,968.179
2024-12-18 11:00:00,3009.9,3010.7,2982.4,2996.0,585.73
2024-12-18 15:00:00,2996.1,3027.6,2994.4,3016.0,773.443
2024-12-18 19:00:00,3016.4,3037.4,2985.1,3037.2,811.201
2024-12-18 23:00:00,3037.2,3114.0,3030.3,3072.4,2127.422
2024-12-19 03:00:00,3072.6,3143.3,3063.2,3067.3,1720.704
2024-12-19 07:00:00,3067.2,3074.6,3055.4,3063.9,440.865
2024-12-19 11:00:00,3064.0,3103.5,3062.3,3068.2,722.591
2024-12-19 15:00:00,3068.4,3120.9,3067.4,3106.0,1116.062
2024-12-19 19:00:00,3106.5,3199.2,3093.1,3172.6,2186.861
2024-12-19 23:00:00,3173.0,3217.0,3146.1,3177.6,1248.01
2024-12-20 03:00:00,3177.2,3194.3,3105.0,3133.9,1005.959
2024-12-20 07:00:00,3133.9,3212.6,3127.4,3190.8,960.951
2024-12-20 11:00:00,3191.0,3386.1,3190.8,3365.5,3724.535
2024-12-20 15:00:00,3365.5,3370.6,3192.8,3217.7,2837.419
2024-12-20 19:00:00,3217.8,3224.9,3125.5,3138.9,1096.081
2024-12-20 23:00:00,3138.5,3153.0,3111.7,3132.0,735.131
2024-12-21 03:00:00,3132.1,3142.4,3101.2,3115.0,619.559
2024-12-21 07:00:00,3115.5,3115.6,3067.0,3087.0,649.563
2024-12-21 11:00:00,3087.5,3147.0,3080.1,3137.9,754.834
2024-12-21 15:00:00,3138.0,3214.0,3137.9,3187.1,1490.684
2024-12-21 19:00:00,3187.2,3247.1,3181.8,3220.2,981.675
2024-12-21 23:00:00,3220.2,3251.3,3213.9,3232.7,574.222
2024-12-22 03:00:00,3232.3,3245.3,3200.4,3209.0,613.904
2024-12-22 07:00:00,3209.2,3251.4,3191.9,3199.8,708.104
2024-12-22 11:00:00,3200.5,3201.5,3162.9,3181.9,656.071
2024-12-22 15:00:00,3181.9,3225.4,3170.6,3199.6,684.192
2024-12-22 19:00:00,3199.0,3231.6,3177.4,3226.6,406.108
2024-12-22 23:00:00,3226.6,3245.6,3196.0,3210.7,546.342
2024-12-23 03:00:00,3211.0,3236.9,3155.4,3166.2,750.144
2024-12-23 07:00:00,3166.1,3215.0,3161.9,3201.5,475.811
2024-12-23 11:00:00,3201.3,3203.2,3168.6,3182.6,333.012
2024-12-23 15:00:00,3182.6,3188.6,3141.0,3156.6,1013.813
2024-12-23 19:00:00,3155.6,3160.4,3077.0,3077.7,1046.536
2024-12-23 23:00:00,3078.0,3078.5,3007.1,3061.2,1288.678
2024-12-24 03:00:00,3060.6,3075.6,3048.6,3059.4,591.73
2024-12-24 07:00:00,3059.7,3061.4,3041.2,3053.9,287.104
2024-12-24 11:00:00,3054.0,3064.8,3044.0,3052.5,393.112
2024-12-24 15:00:00,3052.5,3101.0,3040.8,3093.3,1146.166
2024-12-24 19:00:00,3093.3,3120.0,3072.1,3097.5,851.446
2024-12-24 23:00:00,3096.8,3125.3,3096.7,3104.6,379.251
2024-12-25 03:00:00,3105.0,3113.7,3085.7,3098.9,251.928
2024-12-25 07:00:00,3098.7,3107.8,3093.2,3104.5,167.897
2024-12-25 11:00:00,3104.4,3115.3,3084.1,3113.1,305.391
2024-12-25 15:00:00,3113.7,3128.6,3107.4,3123.1,372.698
2024-12-25 19:00:00,3122.9,3145.5,3119.2,3127.2,435.719
2024-12-25 23:00:00,3127.2,3149.9,3126.2,3139.7,240.374
2024-12-26 03:00:00,3139.8,3157.8,3132.5,3157.5,448.749
2024-12-26 07:00:00,3157.4,3170.0,3145.3,3155.9,375.953
2024-12-26 11:00:00,3155.6,3169.1,3135.0,3139.3,816.799
2024-12-26 15:00:00,3139.7,3178.0,3139.1,3178.0,515.337
2024-12-26 19:00:00,3177.9,3199.8,3168.0,3180.7,550.963
2024-12-26 23:00:00,3181.3,3195.1,3165.5,3180.1,266.028
2024-12-27 03:00:00,3179.5,3189.6,3158.5,3168.7,310.421
2024-12-27 07:00:00,3168.1,3175.0,3146.3,3163.7,449.263
2024-12-27 11:00:00,3163.5,3168.3,3114.1,3133.2,782.262
2024-12-27 15:00:00,3132.7,3164.7,3129.6,3153.6,502.386
2024-12-27 19:00:00,3153.5,3168.4,3110.1,3124.1,573.951
2024-12-27 23:00:00,3124.3,3159.4,3120.5,3143.9,322.752
2024-12-28 03:00:00,3143.9,3153.1,3132.4,3140.7,264.926
2024-12-28 07:00:00,3141.2,3147.8,3132.4,3142.1,150.27
2024-12-28 11:00:00,3142.0,3142.9,3126.2,3127.5,102.232
2024-12-28 15:00:00,3127.4,3132.1,3090.6,3100.3,453.687
2024-12-28 19:00:00,3100.2,3100.2,3080.4,3083.5,303.934
2024-12-28 23:00:00,3083.2,3095.6,3075.6,3092.3,195.646
2024-12-29 03:00:00,3092.0,3104.5,3089.7,3095.4,220.331
2024-12-29 07:00:00,3095.0,3102.1,3082.5,3083.2,165.145
2024-12-29 11:00:00,3083.3,3096.9,3083.3,3090.8,190.506
2024-12-29 15:00:00,3090.7,3104.6,3084.0,3094.7,289.842
2024-12-29 19:00:00,3094.7,3105.3,3084.4,3088.1,239.617
2024-12-29 23:00:00,3088.4,3126.1,3087.7,3118.5,332.401
2024-12-30 03:00:00,3118.6,3122.8,3057.2,3085.6,432.392
2024-12-30 07:00:00,3086.0,3096.9,3075.2,3081.6,274.584
2024-12-30 11:00:00,3081.7,3099.2,3073.2,3085.1,187.515
2024-12-30 15:00:00,3085.7,3139.5,3081.5,3114.3,1017.941
2024-12-30 19:00:00,3114.4,3119.4,3092.4,3095.4,533.237
2024-12-30 23:00:00,3095.5,3110.9,3087.1,3092.1,391.639
2024-12-31 03:00:00,3092.0,3117.4,3088.2,3109.2,370.904
2024-12-31 07:00:00,3109.3,3122.0,3103.6,3113.0,237.23
2024-12-31 11:00:00,3113.0,3120.7,3103.2,3111.6,321.527
2024-12-31 15:00:00,3111.5,3125.0,3106.6,3113.0,421.696
2024-12-31 19:00:00,3112.9,3127.5,3095.9,3127.3,478.944
2024-12-31 23:00:00,3127.4,3133.7,3109.9,3130.7,280.62
2025-01-01 03:00:00,3130.7,3135.5,3114.2,3119.2,164.774
2025-01-01 07:00:00,3119.3,3126.7,3111.2,3117.9,161.073
2025-01-01 11:00:00,3117.2,3130.5,3108.4,3109.9,213.194
2025-01-01 15:00:00,3109.9,3120.2,3098.6,3104.0,363.409
2025-01-01 19:00:00,3104.7,3107.2,3065.1,3076.0,389.963
2025-01-01 23:00:00,3075.7,3081.6,3065.0,3065.5,209.739
2025-01-02 03:00:00,3065.3,3066.3,3031.0,3038.2,489.082
2025-01-02 07:00:00,3038.2,3051.6,3032.3,3042.9,190.311
2025-01-02 11:00:00,3042.9,3042.9,3024.1,3025.3,261.063
2025-01-02 15:00:00,3025.7,3041.7,3020.6,3032.1,384.084
2025-01-02 19:00:00,3031.9,3065.4,3029.5,3062.7,336.284
2025-01-02 23:00:00,3062.8,3072.5,3044.6,3049.2,193.01
2025-01-03 03:00:00,3049.3,3053.4,3023.0,3023.8,183.039
2025-01-03 07:00:00,3023.7,3037.8,3021.7,3031.8,207.423
2025-01-03 11:00:00,3031.6,3036.8,2998.7,3003.5,322.88
2025-01-03 15:00:00,3003.4,3006.6,2954.7,2959.9,659.522
2025-01-03 19:00:00,2960.1,2974.1,2905.0,2955.3,616.277
2025-01-03 23:00:00,2954.9,2968.5,2946.2,2950.1,235.152
2025-01-04 03:00:00,2950.0,2961.0,2901.0,2949.6,483.399
2025-01-04 07:00:00,2949.3,2958.9,2945.1,2958.0,234.183
2025-01-04 11:00:00,2957.5,2970.0,2947.0,2948.6,340.17
2025-01-04 15:00:00,2948.7,2960.5,2916.9,2955.0,843.566
2025-01-04 19:00:00,2955.0,2956.0,2940.1,2950.6,271.86
2025-01-04 23:00:00,2950.7,2954.1,2933.4,2937.7,145.018
2025-01-05 03:00:00,2937.5,2959.8,2930.0,2955.1,288.802
2025-01-05 07:00:00,2955.1,2967.6,2950.3,2959.1,283.448
2025-01-05 11:00:00,2958.9,2975.0,2953.9,2963.1,324.526
2025-01-05 15:00:00,2963.5,2973.8,2956.0,2965.1,257.659
2025-01-05 19:00:00,2965.3,2971.0,2952.3,2962.3,185.263
2025-01-05 23:00:00,2962.4,2967.7,2957.0,2960.5,114.849
2025-01-06 03:00:00,2960.6,2976.2,2946.9,2958.7,374.201
2025-01-06 07:00:00,2958.7,2985.7,2958.7,2983.5,331.46
2025-01-06 11:00:00,2983.4,2989.6,2970.3,2973.7,237.7
2025-01-06 15:00:00,2973.3,3024.4,2972.3,3009.4,922.612
2025-01-06 19:00:00,3009.5,3029.9,2992.0,3012.9,575.187
2025-01-06 23:00:00,3013.0,3037.6,3012.9,3031.9,349.24
2025-01-07 03:00:00,3032.1,3041.7,3018.4,3025.1,453.0
2025-01-07 07:00:00,3025.5,3035.0,3021.2,3025.6,375.501
2025-01-07 11:00:00,3026.2,3028.1,3012.9,3018.9,287.432
2025-01-07 15:00:00,3018.9,3102.9,3010.5,3066.5,1736.131
2025-01-07 19:00:00,3066.5,3092.4,3044.3,3082.9,1189.313
2025-01-07 23:00:00,3083.1,3116.3,3075.0,3114.3,1039.563
2025-01-08 03:00:00,3114.8,3130.4,3083.6,3108.8,1188.094
2025-01-08 07:00:00,3108.7,3143.0,3098.6,3106.6,1612.053
2025-01-08 11:00:00,3106.7,3106.8,3077.1,3084.2,1281.341
2025-01-08 15:00:00,3083.7,3099.3,3068.9,3095.5,751.443
2025-01-08 19:00:00,3095.2,3145.3,3086.6,3106.5,1663.599
2025-01-08 23:00:00,3106.8,3110.4,3075.8,3083.7,458.866
2025-01-09 03:00:00,3083.3,3087.3,3056.7,3066.5,399.252
2025-01-09 07:00:00,3067.7,3097.0,3061.0,3084.0,381.502
2025-01-09 11:00:00,3083.5,3091.6,3052.1,3079.6,587.115
2025-01-09 15:00:00,3080.7,3116.0,3075.7,3086.6,773.282
2025-01-09 19:00:00,3086.7,3117.2,3085.1,3112.4,390.349
2025-01-09 23:00:00,3111.5,3129.3,3097.0,3118.0,527.657
2025-01-10 03:00:00,3116.9,3123.9,3105.5,3116.3,286.313
2025-01-10 07:00:00,3116.3,3125.0,3093.0,3098.7,419.147
2025-01-10 11:00:00,3098.4,3111.1,3093.7,3109.6,283.134
2025-01-10 15:00:00,3109.7,3130.0,3103.1,3119.6,794.773
2025-01-10 19:00:00,3119.5,3130.9,3106.9,3116.0,514.962
2025-01-10 23:00:00,3116.1,3126.8,3111.8,3119.7,156.34
2025-01-11 03:00:00,3119.4,3129.5,3113.6,3127.1,270.77
2025-01-11 07:00:00,3127.1,3136.4,3116.5,3128.2,175.118
2025-01-11 11:00:00,3128.3,3134.7,3096.0,3099.2,287.37
2025-01-11 15:00:00,3099.7,3113.6,3096.1,3101.1,221.086
2025-01-11 19:00:00,3101.2,3107.6,3069.4,3070.2,317.045
2025-01-11 23:00:00,3069.3,3072.2,3036.4,3061.1,710.893
2025-01-12 03:00:00,3061.1,3073.7,3056.2,3066.0,251.171
2025-01-12 07:00:00,3065.8,3081.9,3059.8,3069.6,147.605
2025-01-12 11:00:00,3069.4,3095.6,3066.0,3084.8,399.1
2025-01-12 15:00:00,3084.6,3095.7,3080.2,3083.0,498.075
2025-01-12 19:00:00,3083.7,3089.3,3074.3,3074.6,217.32
2025-01-12 23:00:00,3074.5,3100.0,3071.7,3090.4,272.525
2025-01-13 03:00:00,3090.9,3113.2,3071.0,3112.7,710.491
2025-01-13 07:00:00,3113.3,3153.4,3102.7,3132.3,974.64
2025-01-13 11:00:00,3132.2,3180.7,3131.2,3177.1,1505.358
2025-01-13 15:00:00,3177.4,3216.9,3153.5,3172.0,2036.551
2025-01-13 19:00:00,3171.8,3220.5,3159.4,3198.4,1379.592
2025-01-13 23:00:00,3198.4,3203.0,3162.2,3169.1,629.41
2025-01-14 03:00:00,3169.6,3182.8,3158.4,3163.5,390.187
2025-01-14 07:00:00,3163.1,3169.6,3146.4,3160.2,336.238
2025-01-14 11:00:00,3160.0,3178.0,3149.8,3168.6,479.436
2025-01-14 15:00:00,3168.7,3184.5,3159.6,3166.8,453.881
2025-01-14 19:00:00,3166.6,3169.0,3130.0,3146.9,347.51
2025-01-14 23:00:00,3147.7,3155.4,3132.9,3139.0,263.428
2025-01-15 03:00:00,3139.1,3153.8,3121.5,3121.8,340.071
2025-01-15 07:00:00,3122.0,3134.2,3108.2,3115.1,277.722
2025-01-15 11:00:00,3115.4,3167.0,3112.0,3152.7,619.484
2025-01-15 15:00:00,3152.6,3164.2,3077.2,3083.2,1183.136
2025-01-15 19:00:00,3083.0,3094.6,3045.2,3052.6,674.935
2025-01-15 23:00:00,3052.6,3055.9,3005.0,3023.0,827.34
2025-01-16 03:00:00,3022.7,3072.0,3005.1,3058.5,752.854
2025-01-16 07:00:00,3058.5,3059.0,3036.4,3047.2,199.904
2025-01-16 11:00:00,3047.8,3079.2,3007.6,3008.6,1088.713
2025-01-16 15:00:00,3008.2,3020.0,2961.1,2998.2,1508.711
2025-01-16 19:00:00,2998.2,3000.9,2972.6,3000.6,599.373
2025-01-16 23:00:00,3000.8,3060.0,2998.3,3038.4,764.701
2025-01-17 03:00:00,3038.3,3046.0,3013.5,3023.7,541.4
2025-01-17 07:00:00,3023.7,3032.5,3019.7,3023.4,289.604
2025-01-17 11:00:00,3023.5,3037.5,2997.4,3006.2,450.033
2025-01-17 15:00:00,3006.9,3083.0,3006.9,3074.8,969.36
2025-01-17 19:00:00,3075.6,3117.0,3065.8,3115.9,720.813
2025-01-17 23:00:00,3116.1,3122.0,3030.0,3037.6,732.053
2025-01-18 03:00:00,3036.8,3089.1,3033.8,3079.6,528.65
2025-01-18 07:00:00,3079.8,3154.6,3071.6,3127.9,1365.755
2025-01-18 11:00:00,3127.9,3160.3,3114.0,3118.3,1070.962
2025-01-18 15:00:00,3117.8,3138.0,3107.5,3131.0,644.41
2025-01-18 19:00:00,3130.1,3153.2,3121.2,3127.1,861.685
2025-01-18 23:00:00,3127.6,3145.5,3094.2,3106.3,401.788
2025-01-19 03:00:00,3106.2,3117.8,3068.4,3115.6,577.215
2025-01-19 07:00:00,3115.5,3167.3,3115.0,3157.7,924.383
2025-01-19 11:00:00,3158.0,3261.7,3152.5,3244.0,2574.774
2025-01-19 15:00:00,3244.5,3251.7,3088.7,3117.3,2132.377
2025-01-19 19:00:00,3117.2,3123.8,3080.1,3115.0,693.497
2025-01-19 23:00:00,3114.0,3223.6,3101.5,3179.0,2687.185
2025-01-20 03:00:00,3178.4,3203.3,3135.5,3149.4,1799.065
2025-01-20 07:00:00,3149.3,3235.3,3139.4,3184.3,1533.143
2025-01-20 11:00:00,3184.3,3227.1,3172.3,3200.9,903.949
2025-01-20 15:00:00,3200.5,3241.0,3154.6,3159.7,1499.791
2025-01-20 19:00:00,3159.4,3196.2,3132.5,3158.9,1974.157
2025-01-20 23:00:00,3158.8,3188.4,3154.5,3160.2,602.588
2025-01-21 03:00:00,3159.9,3217.6,3155.1,3205.9,671.803
2025-01-21 07:00:00,3206.2,3231.0,3185.2,3196.9,813.221
2025-01-21 11:00:00,3196.9,3212.3,3172.2,3178.8,544.104
2025-01-21 15:00:00,3178.3,3211.3,3173.9,3187.4,507.489
2025-01-21 19:00:00,3188.0,3221.2,3177.6,3216.9,571.429
2025-01-21 23:00:00,3216.4,3224.2,3195.0,3212.8,374.487
2025-01-22 03:00:00,3213.0,3215.9,3181.4,3189.6,405.388
2025-01-22 07:00:00,3189.1,3204.8,3181.3,3199.2,222.969
2025-01-22 11:00:00,3199.2,3210.3,3165.5,3167.1,395.408
2025-01-22 15:00:00,3167.2,3191.9,3160.1,3182.7,402.356
2025-01-22 19:00:00,3182.6,3199.6,3161.3,3181.6,524.092
2025-01-22 23:00:00,3181.5,3201.1,3154.2,3183.0,535.639
2025-01-23 03:00:00,3183.0,3195.0,3162.3,3181.0,441.748
2025-01-23 07:00:00,3181.0,3199.8,3172.3,3187.8,436.316
2025-01-23 11:00:00,3188.4,3208.7,3182.5,3196.9,309.729
2025-01-23 15:00:00,3197.4,3245.0,3186.5,3244.0,1384.948
2025-01-23 19:00:00,3244.3,3283.0,3233.4,3256.6,1099.337
2025-01-23 23:00:00,3256.2,3287.7,3175.5,3177.6,1818.018
2025-01-24 03:00:00,3177.1,3210.1,3167.9,3198.6,806.85
2025-01-24 07:00:00,3198.8,3205.7,3156.2,3174.7,767.713
2025-01-24 11:00:00,3174.1,3180.3,3150.6,3156.5,362.476
2025-01-24 15:00:00,3156.7,3201.5,3148.2,3190.6,482.739
2025-01-24 19:00:00,3191.2,3217.2,3180.0,3203.4,603.101
2025-01-24 23:00:00,3203.3,3232.5,3197.0,3230.7,592.705
2025-01-25 03:00:00,3230.7,3246.1,3211.1,3220.0,688.721
2025-01-25 07:00:00,3220.4,3236.4,3217.8,3229.4,479.685
2025-01-25 11:00:00,3229.7,3243.6,3220.8,3224.3,361.565
2025-01-25 15:00:00,3224.0,3235.4,3201.0,3205.2,424.29
2025-01-25 19:00:00,3205.4,3208.7,3195.9,3203.5,299.376
2025-01-25 23:00:00,3203.2,3217.2,3198.2,3215.0,172.622
2025-01-26 03:00:00,3214.2,3220.8,3192.0,3198.5,259.589
2025-01-26 07:00:00,3198.8,3202.4,3190.1,3197.0,137.387
2025-01-26 11:00:00,3196.9,3219.4,3194.6,3213.7,317.645
2025-01-26 15:00:00,3213.8,3229.5,3210.1,3223.1,366.63
2025-01-26 19:00:00,3223.1,3228.5,3203.2,3205.5,186.125
2025-01-26 23:00:00,3205.4,3258.3,3204.0,3249.5,826.594
2025-01-27 03:00:00,3250.0,3283.2,3245.3,3262.3,1403.94
2025-01-27 07:00:00,3261.6,3331.7,3255.5,3320.1,2116.11
2025-01-27 11:00:00,3320.0,3358.2,3303.5,3326.0,1677.53
2025-01-27 15:00:00,3326.1,3346.8,3285.0,3292.0,1300.037
2025-01-27 19:00:00,3291.2,3311.3,3265.1,3299.1,966.875
2025-01-27 23:00:00,3299.0,3299.2,3238.0,3261.2,621.853
2025-01-28 03:00:00,3260.8,3277.0,3247.8,3257.3,388.117
2025-01-28 07:00:00,3257.1,3262.3,3241.0,3257.4,357.131
2025-01-28 11:00:00,3257.6,3272.2,3254.0,3259.0,283.186
2025-01-28 15:00:00,3259.0,3274.6,3252.2,3259.8,420.379
2025-01-28 19:00:00,3260.8,3302.2,3257.3,3296.5,803.518
2025-01-28 23:00:00,3295.9,3338.6,3280.0,3329.8,1318.071
2025-01-29 03:00:00,3330.1,3334.5,3299.2,3300.6,436.614
2025-01-29 07:00:00,3299.6,3308.9,3289.7,3294.1,295.161
2025-01-29 11:00:00,3294.2,3317.3,3289.7,3312.2,225.821
2025-01-29 15:00:00,3312.1,3345.0,3309.8,3329.5,447.618
2025-01-29 19:00:00,3329.5,3378.8,3324.0,3349.9,1148.469
2025-01-29 23:00:00,3350.0,3373.7,3323.6,3370.8,813.869
2025-01-30 03:00:00,3370.7,3378.7,3325.0,3325.4,541.543
2025-01-30 07:00:00,3325.5,3338.9,3315.6,3329.7,315.779
2025-01-30 11:00:00,3330.0,3339.2,3313.5,3317.7,299.246
2025-01-30 15:00:00,3317.4,3324.9,3283.3,3302.0,592.199
2025-01-30 19:00:00,3302.2,3308.5,3282.8,3296.5,383.279
2025-01-30 23:00:00,3296.3,3304.1,3278.0,3287.0,196.819
2025-01-31 03:00:00,3286.9,3304.7,3278.0,3302.0,223.422
2025-01-31 07:00:00,3301.4,3310.9,3277.5,3289.5,255.946
2025-01-31 11:00:00,3289.6,3299.2,3248.0,3248.2,389.876
2025-01-31 15:00:00,3249.2,3256.7,3217.8,3220.6,744.636
2025-01-31 19:00:00,3220.6,3258.7,3211.0,3214.1,631.112
2025-01-31 23:00:00,3214.8,3239.4,3205.3,3231.8,355.189
2025-02-01 03:00:00,3231.7,3237.0,3212.2,3226.3,159.625
2025-02-01 07:00:00,3226.0,3240.6,3217.2,3237.7,207.932
2025-02-01 11:00:00,3237.5,3271.6,3232.4,3258.8,354.378
2025-02-01 15:00:00,3258.8,3286.7,3253.0,3275.2,425.987
2025-02-01 19:00:00,3275.3,3326.0,3264.1,3314.9,631.815
2025-02-01 23:00:00,3314.9,3375.7,3314.9,3364.2,1261.758
2025-02-02 03:00:00,3364.2,3383.0,3327.3,3377.5,1251.842
2025-02-02 07:00:00,3377.2,3379.0,3340.0,3353.7,551.359
2025-02-02 11:00:00,3353.5,3386.3,3332.7,3382.8,813.68
2025-02-02 15:00:00,3382.9,3388.7,3347.6,3378.7,1338.954
2025-02-02 19:00:00,3378.5,3588.8,3378.4,3507.1,5418.904
2025-02-02 23:00:00,3507.5,3750.0,3475.1,3573.8,3834.962
2025-02-03 03:00:00,3573.7,4689.9,3570.6,3886.4,14351.411
2025-02-03 07:00:00,3885.9,3991.0,3731.7,3740.3,4032.143
2025-02-03 11:00:00,3741.0,3869.6,3740.9,3779.9,2181.334
2025-02-03 15:00:00,3778.1,3894.0,3704.3,3731.8,3389.883
2025-02-03 19:00:00,3732.3,3743.4,3673.2,3699.0,1929.05
2025-02-03 23:00:00,3700.6,3773.8,3603.2,3622.6,1788.79
2025-02-04 03:00:00,3622.5,3677.5,3608.7,3651.1,1309.183
2025-02-04 07:00:00,3651.3,3816.8,3622.8,3793.0,2045.696
2025-02-04 11:00:00,3792.6,3803.9,3689.2,3717.5,1136.945
2025-02-04 15:00:00,3716.8,3720.7,3647.5,3683.9,1442.709
2025-02-04 19:00:00,3683.6,3698.6,3628.7,3698.6,956.456
2025-02-04 23:00:00,3698.6,3780.8,3684.4,3714.1,1906.636
2025-02-05 03:00:00,3713.7,3740.0,3697.9,3730.6,740.864
2025-02-05 07:00:00,3730.7,3749.1,3677.2,3701.2,762.79
2025-02-05 11:00:00,3701.3,3713.0,3656.9,3674.4,489.783
2025-02-05 15:00:00,3674.4,3729.1,3670.7,3713.1,614.779
2025-02-05 19:00:00,3713.4,3783.3,3710.4,3726.0,938.638
2025-02-05 23:00:00,3725.1,3760.5,3707.3,3722.3,480.5
2025-02-06 03:00:00,3722.7,3749.2,3684.8,3702.5,503.322
2025-02-06 07:00:00,3702.3,3707.7,3679.5,3704.1,421.966
2025-02-06 11:00:00,3703.9,3759.0,3689.1,3746.9,549.136
2025-02-06 15:00:00,3746.9,3859.6,3738.4,3839.0,1917.085
2025-02-06 19:00:00,3839.2,3854.1,3797.0,3821.6,1118.639
2025-02-06 23:00:00,3821.9,3843.2,3781.2,3826.7,560.392
2025-02-07 03:00:00,3827.5,3831.0,3784.5,3815.1,663.78
2025-02-07 07:00:00,3814.3,3860.7,3794.7,3814.9,637.793
2025-02-07 11:00:00,3814.9,3821.8,3751.4,3760.1,437.64
2025-02-07 15:00:00,3760.3,3795.8,3742.3,3785.9,900.112
2025-02-07 19:00:00,3786.0,3823.4,3773.4,3803.9,465.499
2025-02-07 23:00:00,3802.6,3891.7,3800.2,3834.7,1026.774
2025-02-08 03:00:00,3834.7,3850.0,3804.6,3839.9,637.319
2025-02-08 07:00:00,3839.6,3860.0,3812.1,3820.8,557.47
2025-02-08 11:00:00,3820.6,3847.5,3813.7,3822.6,294.387
2025-02-08 15:00:00,3823.0,3837.1,3787.5,3816.3,417.773
2025-02-08 19:00:00,3817.0,3830.8,3770.9,3780.0,456.084
2025-02-08 23:00:00,3780.1,3791.6,3762.4,3779.7,258.489
2025-02-09 03:00:00,3779.9,3787.8,3714.5,3728.5,411.503
2025-02-09 07:00:00,3728.9,3758.2,3726.8,3736.3,358.817
2025-02-09 11:00:00,3736.3,3753.7,3721.8,3750.7,282.657
2025-02-09 15:00:00,3750.6,3785.0,3742.2,3750.4,530.227
2025-02-09 19:00:00,3750.0,3780.7,3730.2,3772.6,225.97
2025-02-09 23:00:00,3772.3,3865.0,3760.6,3787.0,1039.851
2025-02-10 03:00:00,3787.3,3844.9,3754.2,3806.4,871.505
2025-02-10 07:00:00,3806.4,3817.3,3786.5,3799.6,277.572
2025-02-10 11:00:00,3800.0,3810.0,3781.8,3788.8,288.533
2025-02-10 15:00:00,3788.8,3807.3,3755.4,3774.9,608.335
2025-02-10 19:00:00,3774.9,3778.0,3739.0,3761.5,308.958
2025-02-10 23:00:00,3762.2,3779.1,3747.6,3763.9,150.602
2025-02-11 03:00:00,3764.4,3772.5,3718.0,3739.0,447.636
2025-02-11 07:00:00,3738.5,3739.2,3674.9,3688.6,534.65
2025-02-11 11:00:00,3688.9,3705.4,3658.2,3690.2,470.985
2025-02-11 15:00:00,3690.0,3739.9,3688.0,3708.4,515.531
2025-02-11 19:00:00,3707.3,3743.2,3697.0,3731.6,432.987
2025-02-11 23:00:00,3731.9,3745.7,3712.2,3726.2,273.363
2025-02-12 03:00:00,3726.1,3756.3,3719.5,3745.8,213.234
2025-02-12 07:00:00,3745.7,3765.6,3736.1,3744.1,347.792
2025-02-12 11:00:00,3744.6,3751.4,3714.9,3722.3,337.079
2025-02-12 15:00:00,3722.2,3778.3,3693.8,3736.0,1336.493
2025-02-12 19:00:00,3735.7,3748.7,3688.1,3692.6,464.116
2025-02-12 23:00:00,3692.3,3695.7,3615.5,3662.0,599.743
2025-02-13 03:00:00,3661.8,3676.0,3631.3,3632.5,272.545
2025-02-13 07:00:00,3632.1,3662.0,3627.5,3651.4,314.675
2025-02-13 11:00:00,3651.5,3673.4,3649.1,3663.9,210.81
2025-02-13 15:00:00,3663.7,3706.2,3647.1,3671.8,461.822
2025-02-13 19:00:00,3672.0,3713.1,3671.8,3685.2,270.806
2025-02-13 23:00:00,3685.0,3691.0,3648.8,3669.5,211.085
2025-02-14 03:00:00,3669.6,3680.4,3629.1,3633.0,198.132
2025-02-14 07:00:00,3633.0,3663.4,3631.5,3653.8,227.589
2025-02-14 11:00:00,3653.4,3653.5,3582.0,3611.6,558.879
2025-02-14 15:00:00,3611.6,3625.3,3577.2,3582.4,407.966
2025-02-14 19:00:00,3582.6,3600.0,3573.0,3595.8,346.202
2025-02-14 23:00:00,3595.8,3628.9,3583.3,3618.1,337.504
2025-02-15 03:00:00,3618.1,3634.5,3593.5,3601.2,264.422
2025-02-15 07:00:00,3601.1,3639.2,3598.5,3628.0,204.424
2025-02-15 11:00:00,3628.0,3641.2,3613.5,3629.6,292.379
2025-02-15 15:00:00,3629.7,3663.7,3622.0,3642.5,303.925
2025-02-15 19:00:00,3642.5,3656.8,3630.5,3654.0,277.726
2025-02-15 23:00:00,3653.6,3672.9,3645.9,3650.6,199.142
2025-02-16 03:00:00,3651.0,3657.7,3635.7,3642.6,267.17
2025-02-16 07:00:00,3642.6,3656.1,3621.9,3653.1,325.07
2025-02-16 11:00:00,3652.5,3654.5,3623.4,3627.7,158.744
2025-02-16 15:00:00,3627.1,3661.0,3624.1,3636.2,291.198
2025-02-16 19:00:00,3636.1,3672.8,3634.1,3657.0,230.914
2025-02-16 23:00:00,3657.6,3672.2,3622.9,3637.7,266.119
2025-02-17 03:00:00,3637.4,3649.7,3617.2,3639.6,177.767
2025-02-17 07:00:00,3639.6,3683.0,3639.6,3657.5,431.499
2025-02-17 11:00:00,3657.4,3669.5,3588.7,3595.3,642.079
2025-02-17 15:00:00,3595.3,3610.9,3535.8,3603.3,712.585
2025-02-17 19:00:00,3603.5,3669.3,3596.3,3642.3,527.89
2025-02-17 23:00:00,3642.5,3642.8,3609.9,3627.8,200.428
2025-02-18 03:00:00,3627.8,3666.0,3626.0,3661.0,244.211
2025-02-18 07:00:00,3661.1,3756.6,3659.4,3741.8,868.601
2025-02-18 11:00:00,3741.7,3758.5,3704.6,3730.9,746.727
2025-02-18 15:00:00,3731.1,3768.2,3703.0,3761.7,750.753
2025-02-18 19:00:00,3761.9,3806.4,3718.7,3743.6,999.462
2025-02-18 23:00:00,3743.3,3761.6,3732.0,3742.8,360.873
2025-02-19 03:00:00,3742.8,3762.3,3724.6,3730.7,468.516
2025-02-19 07:00:00,3730.7,3764.3,3705.6,3711.1,472.813
2025-02-19 11:00:00,3711.4,3723.4,3688.0,3694.1,468.101
2025-02-19 15:00:00,3694.0,3732.0,3692.4,3717.0,436.868
2025-02-19 19:00:00,3716.9,3720.0,3687.8,3711.0,401.682
2025-02-19 23:00:00,3710.8,3726.0,3694.3,3699.0,397.287
2025-02-20 03:00:00,3699.1,3722.6,3687.7,3691.0,479.48
2025-02-20 07:00:00,3691.0,3717.3,3677.5,3708.5,411.455
2025-02-20 11:00:00,3708.4,3720.8,3699.0,3705.9,260.147
2025-02-20 15:00:00,3705.9,3728.0,3685.8,3727.7,384.972
2025-02-20 19:00:00,3727.5,3740.6,3712.7,3723.6,300.109
2025-02-20 23:00:00,3723.6,3747.1,3719.0,3724.7,201.769
2025-02-21 03:00:00,3725.0,3748.1,3723.2,3739.8,202.701
2025-02-21 07:00:00,3739.9,3741.8,3719.0,3719.4,206.89
2025-02-21 11:00:00,3719.4,3725.4,3673.8,3710.8,655.274
2025-02-21 15:00:00,3710.9,3779.9,3674.2,3756.8,1213.755
2025-02-21 19:00:00,3757.2,3802.4,3730.9,3780.0,1174.146
2025-02-21 23:00:00,3779.9,3786.7,3755.8,3771.7,357.884
2025-02-22 03:00:00,3771.2,3781.2,3738.5,3758.9,454.024
2025-02-22 07:00:00,3759.5,3764.1,3736.5,3747.6,203.529
2025-02-22 11:00:00,3747.7,3754.4,3702.6,3716.8,389.97
2025-02-22 15:00:00,3716.8,3728.4,3687.6,3692.6,411.424
2025-02-22 19:00:00,3692.4,3697.5,3671.6,3684.0,577.391
2025-02-22 23:00:00,3683.5,3699.1,3681.2,3699.1,351.45
2025-02-23 03:00:00,3699.2,3719.2,3690.7,3708.9,157.776
2025-02-23 07:00:00,3708.9,3714.8,3646.1,3651.7,331.508
2025-02-23 11:00:00,3651.5,3681.2,3641.7,3674.1,409.996
2025-02-23 15:00:00,3673.5,3698.6,3654.0,3690.7,355.491
2025-02-23 19:00:00,3691.0,3691.7,3654.0,3672.9,250.122
2025-02-23 23:00:00,3673.0,3683.2,3648.0,3671.0,290.175
2025-02-24 03:00:00,3670.9,3778.0,3656.5,3772.2,511.679
2025-02-24 07:00:00,3771.9,3820.0,3766.5,3780.2,868.151
2025-02-24 11:00:00,3780.0,3844.5,3779.1,3812.1,835.901
2025-02-24 15:00:00,3811.6,3851.0,3804.6,3825.3,574.03
2025-02-24 19:00:00,3825.4,3870.3,3811.0,3844.3,399.595
2025-02-24 23:00:00,3844.1,3997.1,3824.0,3927.9,1840.327
2025-02-25 03:00:00,3927.9,3987.1,3905.3,3982.4,1624.305
2025-02-25 07:00:00,3982.4,4081.2,3946.9,4020.0,2308.184
2025-02-25 11:00:00,4020.7,4029.1,3927.6,3934.7,1406.165
2025-02-25 15:00:00,3934.6,3946.5,3854.7,3868.8,1113.195
2025-02-25 19:00:00,3869.1,3875.9,3799.7,3800.3,760.668
2025-02-25 23:00:00,3800.2,3812.1,3759.1,3787.0,709.551
2025-02-26 03:00:00,3786.6,3812.8,3778.7,3791.3,278.757
2025-02-26 07:00:00,3790.9,3824.0,3786.7,3815.5,232.58
2025-02-26 11:00:00,3815.5,3832.5,3799.1,3827.3,248.899
2025-02-26 15:00:00,3827.5,3853.9,3795.6,3798.6,934.701
2025-02-26 19:00:00,3798.4,3879.0,3795.5,3828.7,1097.504
2025-02-26 23:00:00,3828.7,3833.8,3750.9,3777.3,662.305
2025-02-27 03:00:00,3777.3,3816.9,3770.1,3803.4,315.416
2025-02-27 07:00:00,3803.4,3827.9,3790.1,3805.0,225.845
2025-02-27 11:00:00,3805.3,3828.1,3786.2,3823.5,221.372
2025-02-27 15:00:00,3823.6,3838.0,3811.9,3819.0,297.562
2025-02-27 19:00:00,3819.0,3825.5,3772.5,3803.7,257.642
2025-02-27 23:00:00,3803.6,3846.4,3783.3,3813.3,572.848
2025-02-28 03:00:00,3813.4,3894.8,3809.0,3893.0,1206.137
2025-02-28 07:00:00,3891.6,3916.3,3868.4,3876.5,961.394
2025-02-28 11:00:00,3876.4,3895.0,3832.7,3891.0,616.98
2025-02-28 15:00:00,3891.0,3899.5,3832.1,3862.6,686.384
2025-02-28 19:00:00,3861.6,3884.9,3855.3,3867.4,276.112
2025-02-28 23:00:00,3867.3,3876.6,3851.0,3856.5,167.225
2025-03-01 03:00:00,3854.9,3869.3,3827.6,3863.0,285.11
2025-03-01 07:00:00,3863.2,3892.5,3861.4,3879.0,276.202
2025-03-01 11:00:00,3878.9,3930.8,3877.4,3923.9,366.389
2025-03-01 15:00:00,3922.1,3963.8,3915.6,3934.1,567.958
2025-03-01 19:00:00,3934.0,3945.8,3896.9,3914.6,249.069
2025-03-01 23:00:00,3914.5,3938.4,3898.3,3921.8,164.599
2025-03-02 03:00:00,3921.6,3930.0,3884.0,3889.4,192.017
2025-03-02 07:00:00,3889.0,3898.3,3867.8,3894.9,112.954
2025-03-02 11:00:00,3894.9,3897.6,3855.0,3876.5,239.322
2025-03-02 15:00:00,3876.5,3922.0,3715.0,3784.8,1411.211
2025-03-02 19:00:00,3784.0,3787.5,3603.6,3706.1,2913.902
2025-03-02 23:00:00,3706.8,3727.7,3672.0,3674.8,403.42
2025-03-03 03:00:00,3674.8,3768.2,3660.0,3742.5,611.999
2025-03-03 07:00:00,3741.4,3839.4,3734.3,3823.2,563.379
2025-03-03 11:00:00,3823.3,3906.8,3820.6,3888.4,939.57
2025-03-03 15:00:00,3889.0,3898.1,3837.0,3861.0,696.613
2025-03-03 19:00:00,3861.5,3990.0,3855.4,3972.6,1403.764
2025-03-03 23:00:00,3972.8,4001.9,3927.6,3961.6,1043.38
2025-03-04 03:00:00,3961.6,4068.5,3938.7,4001.8,1589.048
2025-03-04 07:00:00,4002.1,4004.9,3941.7,3948.0,524.576
2025-03-04 11:00:00,3948.0,3970.0,3922.9,3947.6,453.155
2025-03-04 15:00:00,3947.7,3975.4,3860.5,3906.6,1488.99
2025-03-04 19:00:00,3906.6,4026.0,3905.8,3989.0,1401.639
2025-03-04 23:00:00,3988.6,4002.6,3949.2,3954.4,490.176
2025-03-05 03:00:00,3954.4,3961.0,3919.1,3956.6,288.14
2025-03-05 07:00:00,3957.6,3967.6,3934.2,3937.6,211.555
2025-03-05 11:00:00,3938.0,3991.8,3896.1,3986.9,422.99
2025-03-05 15:00:00,3987.1,4025.2,3984.5,3984.8,741.12
2025-03-05 19:00:00,3984.8,4027.0,3972.2,3980.9,440.046
2025-03-05 23:00:00,3980.5,3996.0,3975.9,3988.3,143.203
2025-03-06 03:00:00,3988.3,3998.5,3965.6,3975.3,318.411
2025-03-06 07:00:00,3975.3,3989.2,3958.1,3970.2,255.606
2025-03-06 11:00:00,3970.5,3974.7,3904.2,3921.8,425.138
2025-03-06 15:00:00,3921.7,3958.2,3904.7,3932.4,419.485
2025-03-06 19:00:00,3932.6,3949.6,3918.5,3927.5,254.11
2025-03-06 23:00:00,3927.6,3991.2,3927.6,3976.7,212.328
2025-03-07 03:00:00,3976.8,4017.4,3950.0,3956.5,1058.232
2025-03-07 07:00:00,3957.3,3968.8,3941.9,3944.5,181.825
2025-03-07 11:00:00,3944.1,3972.4,3936.0,3955.0,176.719
2025-03-07 15:00:00,3955.1,3991.0,3930.7,3932.1,521.665
2025-03-07 19:00:00,3932.2,3999.0,3922.3,3930.7,855.545
2025-03-07 23:00:00,3930.7,3998.0,3905.2,3987.2,594.022
2025-03-08 03:00:00,3987.0,3994.8,3952.6,3966.4,213.578
2025-03-08 07:00:00,3966.2,3990.8,3956.7,3971.5,238.294
2025-03-08 11:00:00,3971.5,4006.1,3969.0,3992.1,290.376
2025-03-08 15:00:00,3992.1,3998.5,3949.0,3964.1,392.743
2025-03-08 19:00:00,3963.5,3983.1,3919.2,3921.7,460.611
2025-03-08 23:00:00,3921.9,3970.3,3920.0,3962.6,200.548
2025-03-09 03:00:00,3962.8,3991.4,3950.2,3980.1,300.307
2025-03-09 07:00:00,3980.1,3985.0,3958.8,3964.2,208.953
2025-03-09 11:00:00,3964.2,4022.8,3961.6,4009.5,425.577
2025-03-09 15:00:00,4009.9,4037.5,3993.5,4026.0,553.522
2025-03-09 19:00:00,4025.9,4176.6,4024.8,4093.2,1713.83
2025-03-09 23:00:00,4093.5,4111.5,4030.9,4049.2,607.036
2025-03-10 03:00:00,4049.1,4076.3,4024.4,4049.3,560.078
2025-03-10 07:00:00,4049.3,4053.6,4033.6,4036.8,250.569
2025-03-10 11:00:00,4036.3,4055.2,3970.3,4022.8,633.018
2025-03-10 15:00:00,4022.9,4079.0,4007.2,4052.1,807.997
2025-03-10 19:00:00,4052.5,4240.9,4036.2,4184.2,1356.978
2025-03-10 23:00:00,4184.2,4243.6,4172.3,4218.9,530.651
2025-03-11 03:00:00,4218.8,4344.0,4187.4,4249.9,1350.573
2025-03-11 07:00:00,4249.4,4259.9,4163.3,4183.6,470.038
2025-03-11 11:00:00,4183.6,4226.0,4166.8,4206.8,396.195
2025-03-11 15:00:00,4206.6,4260.9,4185.4,4192.5,1057.884
2025-03-11 19:00:00,4192.6,4238.3,4174.5,4192.4,458.65
2025-03-11 23:00:00,4192.0,4250.0,4188.3,4246.1,270.587
2025-03-12 03:00:00,4245.3,4286.0,4224.4,4283.2,375.797
2025-03-12 07:00:00,4283.2,4298.0,4200.0,4229.2,378.841
2025-03-12 11:00:00,4229.1,4255.0,4172.1,4216.7,664.661
2025-03-12 15:00:00,4216.0,4256.2,4195.9,4223.5,637.804
2025-03-12 19:00:00,4223.3,4249.2,4203.4,4238.0,233.993
2025-03-12 23:00:00,4238.6,4244.0,4213.5,4234.2,147.198
2025-03-13 03:00:00,4234.2,4274.2,4232.5,4253.5,196.962
2025-03-13 07:00:00,4254.2,4276.7,4245.0,4258.7,146.5
2025-03-13 11:00:00,4258.7,4261.7,4185.0,4185.0,378.353
2025-03-13 15:00:00,4185.1,4194.5,4127.4,4133.4,676.275
2025-03-13 19:00:00,4133.8,4182.9,4123.4,4155.0,510.392
2025-03-13 23:00:00,4155.6,4198.3,4151.4,4166.6,210.979
2025-03-14 03:00:00,4166.4,4170.5,4150.3,4155.3,145.22
2025-03-14 07:00:00,4154.9,4170.9,4139.5,4169.6,118.758
2025-03-14 11:00:00,4169.8,4194.6,4156.0,4192.5,318.5
2025-03-14 15:00:00,4191.9,4211.0,4134.3,4194.2,522.714
2025-03-14 19:00:00,4194.9,4203.6,4163.5,4172.1,165.082
2025-03-14 23:00:00,4172.3,4184.7,4155.5,4165.6,104.606
2025-03-15 03:00:00,4165.0,4169.7,4142.2,4144.2,109.841
2025-03-15 07:00:00,4143.7,4150.0,4110.9,4137.8,412.2
2025-03-15 11:00:00,4137.6,4142.1,4111.2,4116.2,155.831
2025-03-15 15:00:00,4115.8,4120.8,4100.1,4100.2,197.071
2025-03-15 19:00:00,4100.3,4113.8,4086.3,4103.5,303.349
2025-03-15 23:00:00,4103.5,4105.2,4067.6,4095.2,260.404
2025-03-16 03:00:00,4095.2,4121.1,4081.3,4117.4,188.006
2025-03-16 07:00:00,4117.4,4126.0,4104.8,4122.0,88.202
2025-03-16 11:00:00,4122.5,4170.5,4121.0,4160.3,368.5
2025-03-16 15:00:00,4160.3,4189.3,4149.5,4184.4,311.297
2025-03-16 19:00:00,4184.6,4207.1,4165.8,4198.8,348.088
2025-03-16 23:00:00,4198.6,4206.8,4145.6,4163.0,291.426
2025-03-17 03:00:00,4163.3,4165.2,4123.4,4138.2,283.629
2025-03-17 07:00:00,4137.6,4151.0,4125.1,4136.3,241.429
2025-03-17 11:00:00,4136.9,4141.5,4103.2,4123.9,251.702
2025-03-17 15:00:00,4123.9,4134.0,4096.4,4116.4,243.054
2025-03-17 19:00:00,4116.4,4139.4,4110.5,4125.8,148.241
2025-03-17 23:00:00,4126.6,4136.3,4113.5,4129.3,139.281
2025-03-18 03:00:00,4129.5,4163.8,4124.1,4157.9,148.386
2025-03-18 07:00:00,4159.0,4160.0,4129.0,4142.9,322.254
2025-03-18 11:00:00,4143.0,4148.1,4122.5,4147.8,223.637
2025-03-18 15:00:00,4147.8,4152.6,4114.0,4133.3,462.351
2025-03-18 19:00:00,4133.3,4137.5,4112.0,4117.8,98.202
2025-03-18 23:00:00,4117.7,4117.7,4091.9,4099.1,177.737
2025-03-19 03:00:00,4099.1,4117.0,4087.4,4100.7,175.039
2025-03-19 07:00:00,4100.4,4124.5,4098.0,4123.9,191.836
2025-03-19 11:00:00,4123.6,4134.6,4033.2,4044.2,943.317
2025-03-19 15:00:00,4044.9,4085.3,3961.7,3983.2,1582.253
2025-03-19 19:00:00,3982.8,4045.1,3973.4,4044.9,565.871
2025-03-19 23:00:00,4043.5,4056.6,4024.4,4051.7,154.701
2025-03-20 03:00:00,4051.7,4075.0,4043.8,4060.4,325.077
2025-03-20 07:00:00,4061.0,4083.3,4056.9,4076.9,227.636
2025-03-20 11:00:00,4077.0,4079.5,4036.8,4076.4,468.757
2025-03-20 15:00:00,4076.7,4112.3,4065.0,4083.0,348.628
2025-03-20 19:00:00,4083.5,4094.9,4060.8,4063.6,165.864
2025-03-20 23:00:00,4063.9,4070.5,4053.6,4055.5,128.52
2025-03-21 03:00:00,4055.5,4080.6,4051.9,4078.7,130.909
2025-03-21 07:00:00,4079.0,4087.4,4058.1,4058.8,251.671
2025-03-21 11:00:00,4059.3,4103.7,4055.0,4085.9,419.92
2025-03-21 15:00:00,4085.5,4127.0,4078.7,4093.4,430.113
2025-03-21 19:00:00,4093.4,4103.9,4065.4,4065.9,201.868
2025-03-21 23:00:00,4065.4,4111.9,4062.1,4090.8,355.241
2025-03-22 03:00:00,4090.7,4093.0,4065.6,4077.7,233.545
2025-03-22 07:00:00,4078.1,4110.0,4064.9,4075.9,296.227
2025-03-22 11:00:00,4076.0,4085.9,4043.5,4066.9,267.418
2025-03-22 15:00:00,4067.0,4087.7,4059.1,4076.8,180.271
2025-03-22 19:00:00,4077.3,4087.5,4045.8,4063.7,254.07
2025-03-22 23:00:00,4063.8,4090.4,4046.5,4076.1,247.046
2025-03-23 03:00:00,4076.1,4086.5,4046.1,4057.0,335.419
2025-03-23 07:00:00,4056.6,4074.6,4043.6,4054.0,203.865
2025-03-23 11:00:00,4053.8,4068.0,4047.1,4065.2,205.054
2025-03-23 15:00:00,4065.0,4091.8,4060.0,4091.8,155.193
2025-03-23 19:00:00,4091.8,4117.6,4088.5,4105.7,374.873
2025-03-23 23:00:00,4105.8,4130.0,4102.1,4119.2,169.892
2025-03-24 03:00:00,4119.1,4143.1,4090.7,4114.9,539.38
2025-03-24 07:00:00,4113.8,4119.1,4035.5,4081.2,777.328
2025-03-24 11:00:00,4081.2,4081.3,4040.3,4068.8,268.165
2025-03-24 15:00:00,4068.3,4089.3,4060.5,4086.1,197.395
2025-03-24 19:00:00,4086.5,4092.8,4071.0,4076.6,96.124
2025-03-24 23:00:00,4075.5,4086.9,4062.7,4066.2,148.774
2025-03-25 03:00:00,4067.4,4071.9,4048.1,4070.8,128.825
2025-03-25 07:00:00,4070.9,4073.7,4043.1,4046.8,120.205
2025-03-25 11:00:00,4046.8,4058.9,4038.9,4058.4,169.468
2025-03-25 15:00:00,4058.5,4071.9,4042.8,4066.5,153.463
2025-03-25 19:00:00,4066.3,4084.2,4052.0,4072.1,169.637
2025-03-25 23:00:00,4072.1,4082.0,4052.8,4055.6,103.976
2025-03-26 03:00:00,4055.7,4077.6,4046.0,4069.4,144.728
2025-03-26 07:00:00,4069.5,4071.0,4055.1,4057.4,85.493
2025-03-26 11:00:00,4057.5,4062.0,4046.2,4052.2,107.706
2025-03-26 15:00:00,4052.3,4096.0,4050.4,4092.4,464.291
2025-03-26 19:00:00,4092.4,4122.1,4080.0,4122.1,269.917
2025-03-26 23:00:00,4122.1,4160.0,4122.1,4137.1,298.204
2025-03-27 03:00:00,4135.9,4143.9,4110.4,4118.8,150.908
2025-03-27 07:00:00,4118.3,4129.0,4107.4,4111.2,68.145
2025-03-27 11:00:00,4111.0,4123.0,4105.0,4119.7,118.683
2025-03-27 15:00:00,4119.7,4130.0,4098.6,4124.2,287.166
2025-03-27 19:00:00,4124.4,4140.9,4116.0,4124.2,142.563
2025-03-27 23:00:00,4124.8,4136.3,4119.2,4135.0,63.814
2025-03-28 03:00:00,4135.0,4159.8,4129.8,4140.0,194.549
2025-03-28 07:00:00,4140.6,4250.0,4136.1,4220.1,1118.521
2025-03-28 11:00:00,4220.4,4259.8,4205.7,4225.5,488.303
2025-03-28 15:00:00,4224.7,4256.9,4208.8,4230.0,365.845
2025-03-28 19:00:00,4228.3,4241.7,4211.3,4226.4,250.955
2025-03-28 23:00:00,4225.9,4240.8,4212.5,4219.9,136.862
2025-03-29 03:00:00,4220.4,4257.7,4202.7,4231.1,524.192
2025-03-29 07:00:00,4231.1,4285.6,4222.2,4274.4,325.184
2025-03-29 11:00:00,4274.5,4299.8,4263.8,4276.1,350.2
2025-03-29 15:00:00,4275.8,4275.8,4242.0,4263.4,384.002
2025-03-29 19:00:00,4263.3,4306.8,4252.9,4284.4,392.013
2025-03-29 23:00:00,4284.5,4314.6,4282.0,4286.2,242.185
2025-03-30 03:00:00,4285.7,4312.2,4253.5,4266.6,249.465
2025-03-30 07:00:00,4267.2,4271.2,4248.7,4266.8,144.617
2025-03-30 11:00:00,4266.8,4293.5,4259.3,4283.4,273.711
2025-03-30 15:00:00,4283.4,4324.9,4278.3,4299.6,472.16
2025-03-30 19:00:00,4300.0,4321.7,4256.0,4282.1,204.8
2025-03-30 23:00:00,4282.0,4320.4,4275.9,4293.4,222.3
2025-03-31 03:00:00,4293.2,4319.2,4260.0,4295.5,363.545
2025-03-31 07:00:00,4295.9,4338.0,4280.1,4328.2,252.389
2025-03-31 11:00:00,4328.0,4366.4,4315.2,4328.0,562.492
2025-03-31 15:00:00,4327.7,4340.5,4303.5,4313.5,425.24
2025-03-31 19:00:00,4313.6,4329.8,4295.5,4297.5,193.904
2025-03-31 23:00:00,4297.6,4310.7,4289.9,4308.1,228.281
2025-04-01 03:00:00,4308.1,4322.6,4291.0,4298.9,238.521
2025-04-01 07:00:00,4298.8,4306.4,4279.4,4303.4,217.728
2025-04-01 11:00:00,4303.4,4306.5,4240.0,4294.6,579.451
2025-04-01 15:00:00,4294.6,4295.2,4250.1,4276.0,448.962
2025-04-01 19:00:00,4276.1,4316.2,4272.8,4301.8,188.883
2025-04-01 23:00:00,4301.7,4323.3,4294.1,4314.2,301.877
2025-04-02 03:00:00,4314.2,4375.4,4314.2,4353.7,496.816
2025-04-02 07:00:00,4353.8,4379.4,4348.7,4356.5,509.129
2025-04-02 11:00:00,4356.5,4360.4,4344.6,4349.9,361.643
2025-04-02 15:00:00,4349.8,4397.0,4349.3,4367.0,966.486
2025-04-02 19:00:00,4366.9,4405.0,4354.8,4372.2,752.962
2025-04-02 23:00:00,4372.1,4457.6,4338.0,4419.4,2665.114
2025-04-03 03:00:00,4419.4,4428.6,4387.6,4391.1,668.245
2025-04-03 07:00:00,4390.9,4424.5,4365.8,4416.2,566.79
2025-04-03 11:00:00,4416.3,4480.6,4411.0,4459.1,1338.049
2025-04-03 15:00:00,4459.1,4500.0,4442.0,4449.8,1452.96
2025-04-03 19:00:00,4449.7,4457.1,4406.0,4411.8,857.334
2025-04-03 23:00:00,4411.8,4433.0,4398.5,4416.4,524.93
2025-04-04 03:00:00,4416.3,4466.3,4414.2,4437.0,1472.643
2025-04-04 07:00:00,4437.0,4441.6,4381.0,4424.8,581.972
2025-04-04 11:00:00,4424.9,4459.0,4424.9,4459.0,1117.712
2025-04-04 15:00:00,4459.0,4464.9,4370.0,4385.6,1830.32
2025-04-04 19:00:00,4385.4,4420.8,4382.8,4412.1,645.815
2025-04-04 23:00:00,4412.1,4412.2,4390.4,4396.6,261.826
2025-04-05 03:00:00,4396.6,4416.7,4375.0,4408.1,352.922
2025-04-05 07:00:00,4407.9,4413.2,4391.0,4392.7,238.637
2025-04-05 11:00:00,4392.8,4399.5,4380.3,4386.0,151.445
2025-04-05 15:00:00,4386.1,4410.4,4384.4,4408.0,338.715
2025-04-05 19:00:00,4408.0,4416.1,4399.4,4415.2,399.822
2025-04-05 23:00:00,4415.2,4431.6,4389.8,4406.5,389.235
2025-04-06 03:00:00,4406.6,4421.7,4394.5,4412.0,122.358
2025-04-06 07:00:00,4411.9,4438.7,4411.0,4436.3,312.594
2025-04-06 11:00:00,4436.3,4445.1,4328.5,4435.8,656.977
2025-04-06 15:00:00,4435.9,4502.8,4433.0,4484.0,841.168
2025-04-06 19:00:00,4484.1,4597.7,4479.9,4592.0,1633.538
2025-04-06 23:00:00,4592.1,4677.4,4587.2,4641.7,1760.148
2025-04-07 03:00:00,4641.8,4766.7,4603.5,4726.9,1702.74
2025-04-07 07:00:00,4726.3,5000.0,4679.6,4841.9,4220.882
2025-04-07 11:00:00,4841.9,4856.6,4746.1,4801.4,2292.411
2025-04-07 15:00:00,4801.5,4816.5,4619.1,4680.3,3931.842
2025-04-07 19:00:00,4680.5,4712.6,4663.7,4671.6,829.213
2025-04-07 23:00:00,4671.7,4709.1,4629.9,4686.9,762.944
2025-04-08 03:00:00,4686.9,4717.9,4561.0,4651.8,1283.399
2025-04-08 07:00:00,4651.9,4697.0,4629.1,4677.8,1094.104
2025-04-08 11:00:00,4677.9,4699.4,4600.7,4609.6,716.544
2025-04-08 15:00:00,4609.5,4677.7,4605.0,4662.9,1611.575
2025-04-08 19:00:00,4662.9,4754.7,4652.9,4741.7,1849.98
2025-04-08 23:00:00,4741.6,4752.1,4708.9,4710.3,602.682
2025-04-09 03:00:00,4710.3,4820.4,4697.3,4762.5,1740.13
2025-04-09 07:00:00,4762.6,4775.4,4724.8,4727.2,723.444
2025-04-09 11:00:00,4727.3,4746.6,4690.8,4741.7,731.34
2025-04-09 15:00:00,4741.7,4770.5,4691.8,4704.3,806.021
2025-04-09 19:00:00,4704.3,4711.1,4540.4,4597.1,3475.018
2025-04-09 23:00:00,4597.1,4600.7,4552.2,4555.5,994.86
2025-04-10 03:00:00,4555.5,4659.1,4555.2,4628.8,669.946
2025-04-10 07:00:00,4628.9,4655.4,4621.0,4646.1,401.453
2025-04-10 11:00:00,4646.1,4676.7,4641.6,4668.8,301.921
2025-04-10 15:00:00,4668.7,4719.0,4624.7,4680.4,1102.787
2025-04-10 19:00:00,4680.4,4712.3,4657.5,4671.6,526.787
2025-04-10 23:00:00,4671.7,4672.2,4638.4,4645.6,306.648
2025-04-11 03:00:00,4645.5,4652.4,4600.0,4647.5,486.002
2025-04-11 07:00:00,4647.6,4654.1,4626.4,4650.6,284.734
2025-04-11 11:00:00,4650.7,4699.3,4641.3,4683.5,476.623
2025-04-11 15:00:00,4683.4,4702.9,4669.4,4691.5,372.884
2025-04-11 19:00:00,4691.5,4726.6,4681.8,4724.0,292.329
2025-04-11 23:00:00,4724.1,4725.8,4699.3,4713.4,182.955
2025-04-12 03:00:00,4713.5,4742.8,4711.3,4718.0,253.261
2025-04-12 07:00:00,4718.1,4722.8,4673.2,4673.8,290.872
2025-04-12 11:00:00,4673.9,4676.2,4635.1,4638.7,1048.148
2025-04-12 15:00:00,4638.7,4654.0,4530.9,4564.5,2712.796
2025-04-12 19:00:00,4564.5,4605.0,4553.8,4592.3,445.887
2025-04-12 23:00:00,4592.3,4596.5,4575.7,4580.5,310.465
2025-04-13 03:00:00,4580.5,4635.8,4580.3,4627.4,626.61
2025-04-13 07:00:00,4627.5,4646.7,4609.6,4610.5,1124.212
2025-04-13 11:00:00,4610.6,4622.3,4550.0,4594.4,1306.287
2025-04-13 15:00:00,4594.3,4645.6,4591.7,4620.7,2192.451
2025-04-13 19:00:00,4620.6,5650.0,4574.5,5286.6,7997.792
2025-04-13 23:00:00,5285.6,5296.2,4860.3,5191.1,8276.321
2025-04-14 03:00:00,5191.1,5285.8,5096.5,5132.5,2508.525
2025-04-14 07:00:00,5132.6,5175.4,5114.6,5137.6,869.555
2025-04-14 11:00:00,5137.4,5149.9,5046.6,5081.3,1582.741
2025-04-14 15:00:00,5081.1,5180.1,5077.2,5168.7,732.438
2025-04-14 19:00:00,5168.3,5209.7,5129.0,5154.3,1630.668
2025-04-14 23:00:00,5154.4,5231.6,5154.3,5178.0,1022.581
2025-04-15 03:00:00,5178.0,5219.8,5174.4,5179.4,509.833
2025-04-15 07:00:00,5179.5,5220.7,5179.5,5190.3,373.012
2025-04-15 11:00:00,5190.3,5333.0,5172.6,5221.5,667.909
2025-04-15 15:00:00,5221.6,5324.6,5183.1,5231.1,1017.845
2025-04-15 19:00:00,5230.9,5253.1,5210.0,5211.2,357.599
2025-04-15 23:00:00,5211.1,5255.2,5182.2,5248.7,323.796
2025-04-16 03:00:00,5248.9,5265.3,5218.5,5236.5,670.319
2025-04-16 07:00:00,5236.5,5289.3,5229.7,5282.0,367.713
2025-04-16 11:00:00,5282.0,5311.8,5268.5,5278.6,400.205
2025-04-16 15:00:00,5278.7,5309.0,5268.9,5288.1,382.648
2025-04-16 19:00:00,5288.2,5337.7,5233.7,5249.0,750.734
2025-04-16 23:00:00,5249.1,5284.0,5239.9,5256.2,337.274
2025-04-17 03:00:00,5256.5,5275.5,5246.7,5262.3,248.986
2025-04-17 07:00:00,5262.3,5264.4,5224.6,5236.1,229.624
2025-04-17 11:00:00,5235.9,5257.8,5231.7,5236.6,258.199
2025-04-17 15:00:00,5236.5,5275.9,5228.4,5252.4,346.5
2025-04-17 19:00:00,5252.4,5274.2,5205.0,5269.5,1270.871
2025-04-17 23:00:00,5269.0,5273.9,5250.4,5268.7,252.816
2025-04-18 03:00:00,5268.8,5295.7,5266.7,5270.6,325.078
2025-04-18 07:00:00,5270.7,5285.8,5251.7,5251.7,471.34
2025-04-18 11:00:00,5251.8,5255.9,5236.0,5241.7,225.095
2025-04-18 15:00:00,5241.7,5257.0,5225.7,5249.7,182.147
2025-04-18 19:00:00,5249.7,5251.7,5216.1,5223.4,181.484
2025-04-18 23:00:00,5223.4,5246.3,5214.9,5240.6,112.589
2025-04-19 03:00:00,5240.7,5249.2,5213.5,5214.7,156.288
2025-04-19 07:00:00,5214.5,5230.0,5200.8,5220.0,209.399
2025-04-19 11:00:00,5220.1,5246.3,5216.9,5239.2,144.725
2025-04-19 15:00:00,5239.3,5253.7,5229.1,5233.8,116.324
2025-04-19 19:00:00,5233.8,5239.0,5201.4,5209.3,194.773
2025-04-19 23:00:00,5209.3,5212.8,5200.0,5204.0,204.93
2025-04-20 03:00:00,5204.1,5207.4,5150.0,5200.1,876.934
2025-04-20 07:00:00,5200.0,5231.7,5191.6,5212.4,255.252
2025-04-20 11:00:00,5212.8,5251.9,5202.5,5248.0,566.027
2025-04-20 15:00:00,5248.5,5251.4,5235.6,5248.3,315.653
2025-04-20 19:00:00,5248.4,5250.8,5214.4,5218.3,112.018
2025-04-20 23:00:00,5218.4,5258.9,5212.7,5245.0,201.295
2025-04-21 03:00:00,5245.1,5291.9,5234.5,5263.1,814.34
2025-04-21 07:00:00,5263.2,5269.4,5216.6,5232.7,644.617
2025-04-21 11:00:00,5232.7,5265.1,5225.6,5252.7,547.524
2025-04-21 15:00:00,5252.7,5325.6,5252.4,5316.4,627.204
2025-04-21 19:00:00,5316.0,5381.0,5314.7,5374.6,584.8
2025-04-21 23:00:00,5375.0,5391.9,5363.4,5381.4,160.351
2025-04-22 03:00:00,5381.4,5436.0,5381.3,5411.2,616.96
2025-04-22 07:00:00,5411.9,5426.6,5349.3,5353.1,344.846
2025-04-22 11:00:00,5353.7,5368.2,5326.9,5341.6,453.958
2025-04-22 15:00:00,5341.7,5396.9,5291.0,5315.2,860.657
2025-04-22 19:00:00,5315.3,5371.8,5297.9,5359.5,165.03
2025-04-22 23:00:00,5358.9,5369.9,5291.0,5322.3,365.768
2025-04-23 03:00:00,5322.0,5334.6,5241.9,5253.9,473.096
2025-04-23 07:00:00,5253.9,5287.0,5220.0,5281.7,538.786
2025-04-23 11:00:00,5281.7,5289.1,5217.2,5237.7,391.69
2025-04-23 15:00:00,5237.5,5275.2,5209.8,5255.5,500.722
2025-04-23 19:00:00,5255.6,5311.2,5253.0,5300.4,338.056
2025-04-23 23:00:00,5300.3,5314.0,5268.8,5293.9,263.085
2025-04-24 03:00:00,5293.9,5329.8,5279.5,5323.9,237.746
2025-04-24 07:00:00,5324.0,5330.1,5282.4,5318.5,683.021
2025-04-24 11:00:00,5318.5,5379.1,5301.1,5348.6,490.068
2025-04-24 15:00:00,5348.6,5356.8,5264.7,5287.6,363.32
2025-04-24 19:00:00,5287.5,5317.2,5261.2,5302.3,215.19
2025-04-24 23:00:00,5302.3,5319.0,5287.2,5297.8,204.579
2025-04-25 03:00:00,5297.7,5341.4,5270.8,5307.5,266.058
2025-04-25 07:00:00,5307.6,5312.6,5252.0,5260.1,406.152
2025-04-25 11:00:00,5260.1,5293.4,5233.3,5285.2,1234.68
2025-04-25 15:00:00,5285.2,5329.6,5278.0,5309.0,392.608
2025-04-25 19:00:00,5309.7,5355.0,5307.5,5342.7,231.479
2025-04-25 23:00:00,5342.8,5353.2,5311.8,5349.4,198.069
2025-04-26 03:00:00,5349.3,5349.3,5289.0,5310.9,159.918
2025-04-26 07:00:00,5311.4,5327.7,5267.8,5288.4,173.812
2025-04-26 11:00:00,5289.7,5326.3,5238.4,5319.5,299.832
2025-04-26 15:00:00,5318.8,5321.7,5289.0,5302.3,169.194
2025-04-26 19:00:00,5302.3,5304.4,5277.0,5280.3,79.179
2025-04-26 23:00:00,5280.3,5300.6,5270.0,5286.3,72.618
2025-04-27 03:00:00,5286.3,5332.2,5264.3,5310.0,243.435
2025-04-27 07:00:00,5310.0,5338.1,5309.9,5319.3,155.626
2025-04-27 11:00:00,5319.3,5324.6,5287.1,5299.3,139.313
2025-04-27 15:00:00,5299.3,5312.6,5257.2,5295.6,204.136
2025-04-27 19:00:00,5295.6,5307.8,5260.0,5260.1,94.118
2025-04-27 23:00:00,5260.1,5281.4,5256.0,5275.5,88.078
2025-04-28 03:00:00,5275.4,5327.1,5265.3,5287.3,271.181
2025-04-28 07:00:00,5286.5,5289.6,5240.0,5241.0,228.343
2025-04-28 11:00:00,5241.5,5268.3,5220.5,5263.6,422.551
2025-04-28 15:00:00,5263.6,5348.4,5263.6,5327.1,512.849
2025-04-28 19:00:00,5327.1,5341.5,5288.2,5295.8,209.58
2025-04-28 23:00:00,5295.8,5316.0,5281.0,5310.0,147.367
2025-04-29 03:00:00,5310.0,5313.9,5287.1,5287.6,190.218
2025-04-29 07:00:00,5287.7,5309.8,5269.2,5273.6,152.981
2025-04-29 11:00:00,5274.7,5287.1,5255.4,5281.9,156.42
2025-04-29 15:00:00,5281.8,5313.2,5280.1,5297.2,228.543
2025-04-29 19:00:00,5297.3,5311.2,5287.1,5308.1,88.049
2025-04-29 23:00:00,5308.8,5344.9,5305.3,5325.9,361.82
2025-04-30 03:00:00,5326.4,5353.8,5314.5,5335.5,278.907
2025-04-30 07:00:00,5336.0,5370.0,5330.1,5362.4,277.499
2025-04-30 11:00:00,5362.3,5371.7,5340.7,5344.8,157.554
2025-04-30 15:00:00,5344.8,5470.0,5343.2,5431.4,801.357
2025-04-30 19:00:00,5431.3,5446.0,5371.0,5381.5,176.462
2025-04-30 23:00:00,5381.2,5386.5,5346.4,5366.3,138.281
2025-05-01 03:00:00,5366.3,5373.8,5338.8,5369.1,145.75
2025-05-01 07:00:00,5369.1,5382.4,5355.4,5364.1,114.523
2025-05-01 11:00:00,5364.1,5368.7,5318.6,5333.7,375.209
2025-05-01 15:00:00,5333.0,5375.0,5321.0,5369.4,821.012
2025-05-01 19:00:00,5368.6,5379.8,5355.8,5377.8,120.43
2025-05-01 23:00:00,5377.4,5396.0,5371.9,5390.0,157.401
2025-05-02 03:00:00,5390.0,5415.2,5385.6,5408.2,241.856
2025-05-02 07:00:00,5408.2,5444.8,5393.4,5443.1,184.262
2025-05-02 11:00:00,5443.2,5446.8,5415.4,5424.8,157.877
2025-05-02 15:00:00,5424.6,5440.0,5408.2,5437.8,194.647
2025-05-02 19:00:00,5437.5,5449.0,5405.5,5442.9,161.697
2025-05-02 23:00:00,5442.6,5447.5,5425.9,5431.5,90.29
2025-05-03 03:00:00,5431.5,5441.1,5407.5,5409.9,125.084
2025-05-03 07:00:00,5409.9,5436.9,5405.0,5432.2,75.698
2025-05-03 11:00:00,5432.2,5444.6,5420.8,5434.3,143.102
2025-05-03 15:00:00,5434.8,5435.6,5405.4,5416.2,161.003
2025-05-03 19:00:00,5416.3,5462.8,5415.8,5434.4,258.56
2025-05-03 23:00:00,5433.1,5443.1,5416.0,5420.6,76.644
2025-05-04 03:00:00,5420.5,5430.7,5407.5,5422.1,120.255
2025-05-04 07:00:00,5422.1,5436.8,5410.3,5422.1,90.784
2025-05-04 11:00:00,5421.6,5447.7,5413.0,5427.5,209.921
2025-05-04 15:00:00,5427.6,5452.8,5423.8,5427.8,169.212
2025-05-04 19:00:00,5427.7,5458.5,5422.1,5456.8,148.161
2025-05-04 23:00:00,5456.9,5464.1,5433.6,5433.6,151.185
2025-05-05 03:00:00,5433.5,5451.4,5420.0,5429.1,188.5
2025-05-05 07:00:00,5429.0,5430.1,5381.6,5390.0,335.532
2025-05-05 11:00:00,5390.3,5423.8,5365.3,5419.7,243.276
2025-05-05 15:00:00,5419.8,5439.5,5397.0,5420.3,214.878
2025-05-05 19:00:00,5420.3,5425.7,5396.2,5403.1,144.46
2025-05-05 23:00:00,5402.5,5444.4,5401.8,5441.4,159.728
2025-05-06 03:00:00,5442.4,5473.2,5431.2,5456.9,354.465
2025-05-06 07:00:00,5456.9,5463.3,5445.0,5455.4,120.433
2025-05-06 11:00:00,5455.3,5524.7,5454.6,5506.2,475.038
2025-05-06 15:00:00,5505.8,5529.2,5488.5,5524.6,492.852
2025-05-06 19:00:00,5524.5,5537.3,5483.4,5499.2,213.5
2025-05-06 23:00:00,5500.2,5529.8,5489.9,5522.4,284.109
2025-05-07 03:00:00,5522.3,5532.2,5493.9,5502.0,176.505
2025-05-07 07:00:00,5501.7,5530.8,5494.2,5512.0,120.078
2025-05-07 11:00:00,5512.1,5529.9,5500.1,5519.6,205.57
2025-05-07 15:00:00,5519.6,5575.9,5515.8,5570.3,368.884
2025-05-07 19:00:00,5570.4,5596.3,5552.0,5566.7,370.743
2025-05-07 23:00:00,5567.6,5591.0,5547.7,5556.6,160.638
2025-05-08 03:00:00,5556.7,5578.6,5486.2,5486.9,398.979
2025-05-08 07:00:00,5487.8,5488.2,5426.8,5442.3,605.383
2025-05-08 11:00:00,5441.9,5448.7,5375.2,5388.4,807.702
2025-05-08 15:00:00,5389.6,5392.5,5271.0,5317.2,1340.191
2025-05-08 19:00:00,5317.3,5351.5,5246.6,5265.7,772.068
2025-05-08 23:00:00,5265.5,5289.1,5194.2,5208.5,1024.675
2025-05-09 03:00:00,5209.4,5236.4,5150.0,5227.1,1414.785
2025-05-09 07:00:00,5226.8,5230.2,5071.9,5084.6,884.846
2025-05-09 11:00:00,5084.0,5090.8,4922.7,5001.8,2182.471
2025-05-09 15:00:00,5001.8,5101.0,4977.6,5063.7,1052.886
2025-05-09 19:00:00,5064.5,5101.0,5023.9,5048.8,343.336
2025-05-09 23:00:00,5048.1,5055.1,4998.3,5005.6,331.348
2025-05-10 03:00:00,5005.3,5029.5,4935.5,4997.3,618.569
2025-05-10 07:00:00,4997.4,5021.7,4941.5,4952.1,495.139
2025-05-10 11:00:00,4953.4,4999.0,4916.6,4987.0,712.535
2025-05-10 15:00:00,4987.7,4987.7,4905.5,4912.0,437.872
2025-05-10 19:00:00,4912.0,4916.4,4821.9,4849.0,671.827
2025-05-10 23:00:00,4848.8,4876.3,4755.9,4771.6,566.417
2025-05-11 03:00:00,4772.6,4865.3,4755.0,4824.8,974.228
2025-05-11 07:00:00,4824.8,4937.6,4805.5,4902.7,867.378
2025-05-11 11:00:00,4902.8,4934.7,4883.8,4890.9,483.301
2025-05-11 15:00:00,4891.0,4989.2,4890.9,4963.9,614.885
2025-05-11 19:00:00,4963.4,4992.0,4901.6,4915.3,496.549
2025-05-11 23:00:00,4915.4,4928.3,4895.0,4904.6,157.644
2025-05-12 03:00:00,4903.8,4918.9,4852.4,4863.6,442.065
2025-05-12 07:00:00,4862.0,4886.7,4785.2,4821.1,683.823
2025-05-12 11:00:00,4818.1,4847.7,4751.9,4781.6,671.951
2025-05-12 15:00:00,4782.7,4784.0,4663.6,4724.0,1151.457
2025-05-12 19:00:00,4725.3,4825.0,4704.6,4768.6,658.222
2025-05-12 23:00:00,4768.0,4790.0,4755.0,4758.2,195.756
2025-05-13 03:00:00,4758.5,4891.9,4755.6,4891.9,646.037
2025-05-13 07:00:00,4892.0,4900.9,4825.3,4851.6,475.761
2025-05-13 11:00:00,4852.2,4859.9,4801.0,4824.3,467.694
2025-05-13 15:00:00,4823.1,4843.2,4765.4,4770.9,576.352
2025-05-13 19:00:00,4771.7,4774.9,4638.1,4680.3,721.748
2025-05-13 23:00:00,4681.4,4699.4,4600.0,4650.3,874.542
2025-05-14 03:00:00,4651.0,4703.0,4610.0,4675.1,785.582
2025-05-14 07:00:00,4675.2,4689.5,4636.0,4655.3,444.198
2025-05-14 11:00:00,4655.1,4730.0,4646.6,4683.8,613.144
2025-05-14 15:00:00,4683.7,4755.5,4680.7,4733.4,661.439
2025-05-14 19:00:00,4733.5,4768.5,4718.1,4723.8,386.587
2025-05-14 23:00:00,4723.9,4769.2,4722.6,4740.2,219.712
2025-05-15 03:00:00,4740.0,4793.6,4714.1,4765.6,468.737
2025-05-15 07:00:00,4766.5,4830.0,4736.3,4813.5,759.173
2025-05-15 11:00:00,4813.6,4831.4,4755.3,4801.3,865.369
2025-05-15 15:00:00,4800.6,4892.6,4784.3,4829.5,1297.796
2025-05-15 19:00:00,4829.6,4891.0,4791.8,4869.0,672.605
2025-05-15 23:00:00,4868.6,4961.0,4861.6,4913.3,1466.366
2025-05-16 03:00:00,4912.6,4940.2,4862.0,4865.9,564.95
2025-05-16 07:00:00,4865.8,4883.4,4828.3,4832.9,536.824
2025-05-16 11:00:00,4833.0,4888.9,4792.1,4814.6,518.823
2025-05-16 15:00:00,4814.9,4864.1,4807.9,4859.0,440.022
2025-05-16 19:00:00,4859.2,4892.0,4858.0,4868.5,413.669
2025-05-16 23:00:00,4869.6,4947.0,4867.1,4924.8,477.513
2025-05-17 03:00:00,4925.0,5033.5,4916.8,4982.8,1479.146
2025-05-17 07:00:00,4982.8,5000.2,4934.7,4970.3,867.976
2025-05-17 11:00:00,4969.6,5000.0,4960.4,4973.0,442.427
2025-05-17 15:00:00,4973.1,5027.4,4968.4,4995.7,515.149
2025-05-17 19:00:00,4995.3,5060.4,4989.6,5018.8,640.375
2025-05-17 23:00:00,5018.9,5035.5,4984.1,5007.6,354.086
2025-05-18 03:00:00,5007.7,5023.9,4977.1,5008.9,262.05
2025-05-18 07:00:00,5008.9,5009.6,4948.5,4955.8,341.338
2025-05-18 11:00:00,4956.6,4964.9,4933.4,4961.8,312.64
2025-05-18 15:00:00,4961.9,4975.2,4903.5,4908.4,426.312
2025-05-18 19:00:00,4908.4,5098.2,4891.1,5085.0,1135.165
2025-05-18 23:00:00,5085.5,5166.0,5029.8,5047.9,1030.879
2025-05-19 03:00:00,5047.8,5131.0,5047.3,5116.6,965.254
2025-05-19 07:00:00,5116.6,5148.9,5086.4,5117.8,955.337
2025-05-19 11:00:00,5117.8,5131.9,5082.0,5088.8,427.227
2025-05-19 15:00:00,5088.7,5114.2,5060.6,5096.2,517.402
2025-05-19 19:00:00,5096.2,5114.6,5027.1,5048.7,657.622
2025-05-19 23:00:00,5048.8,5077.8,5041.7,5048.3,269.768
2025-05-20 03:00:00,5047.3,5074.7,5005.4,5022.6,411.422
2025-05-20 07:00:00,5022.6,5052.2,5011.3,5039.4,313.564
2025-05-20 11:00:00,5039.4,5084.5,5031.8,5075.5,301.191
2025-05-20 15:00:00,5076.0,5098.2,5065.6,5096.9,423.837
2025-05-20 19:00:00,5097.0,5173.8,5091.8,5139.9,830.798
2025-05-20 23:00:00,5139.9,5185.0,5092.7,5103.8,511.382
2025-05-21 03:00:00,5103.8,5121.8,5073.2,5075.8,375.623
2025-05-21 07:00:00,5075.9,5089.7,5039.5,5061.2,645.978
2025-05-21 11:00:00,5061.3,5099.1,5053.3,5076.8,357.666
2025-05-21 15:00:00,5076.9,5120.0,5071.6,5105.3,697.434
2025-05-21 19:00:00,5105.4,5162.0,5051.9,5142.5,1955.543
2025-05-21 23:00:00,5143.0,5152.5,5116.2,5139.0,397.582
2025-05-22 03:00:00,5138.7,5149.0,5099.3,5127.8,750.348
2025-05-22 07:00:00,5127.8,5131.8,5064.2,5082.0,455.029
2025-05-22 11:00:00,5081.7,5087.4,4986.1,5048.9,1020.21
2025-05-22 15:00:00,5049.1,5102.9,5030.8,5060.2,656.008
2025-05-22 19:00:00,5060.1,5102.2,5055.6,5089.5,535.686
2025-05-22 23:00:00,5089.5,5092.1,5048.3,5059.6,551.352
2025-05-23 03:00:00,5059.1,5072.3,4944.5,4950.0,585.101
2025-05-23 07:00:00,4950.2,5033.0,4934.9,5028.3,570.873
2025-05-23 11:00:00,5028.2,5123.3,4976.0,5096.8,780.282
2025-05-23 15:00:00,5096.7,5136.8,5067.4,5087.4,1374.672
2025-05-23 19:00:00,5087.1,5103.0,5070.0,5100.4,351.887
2025-05-23 23:00:00,5100.4,5152.0,5099.1,5137.4,453.11
2025-05-24 03:00:00,5137.7,5144.7,5102.1,5123.3,532.985
2025-05-24 07:00:00,5123.3,5127.6,5099.2,5100.8,219.841
2025-05-24 11:00:00,5101.3,5133.4,5099.4,5131.0,320.979
2025-05-24 15:00:00,5131.1,5148.0,5120.8,5139.6,274.965
2025-05-24 19:00:00,5139.6,5149.4,5129.5,5138.4,293.276
2025-05-24 23:00:00,5138.5,5160.0,5125.0,5126.2,227.603
2025-05-25 03:00:00,5126.1,5200.0,5121.7,5166.3,667.514
2025-05-25 07:00:00,5165.6,5187.3,5160.0,5179.2,335.487
2025-05-25 11:00:00,5179.6,5232.8,5174.4,5188.6,713.135
2025-05-25 15:00:00,5188.7,5208.1,5156.5,5169.6,418.794
2025-05-25 19:00:00,5169.6,5188.5,5155.1,5162.9,144.174
2025-05-25 23:00:00,5163.0,5176.0,5151.1,5159.2,170.947
2025-05-26 03:00:00,5159.3,5173.2,5132.4,5169.2,350.888
2025-05-26 07:00:00,5169.3,5171.3,5140.0,5157.1,264.878
2025-05-26 11:00:00,5156.6,5176.4,5147.9,5165.1,107.377
2025-05-26 15:00:00,5165.1,5199.4,5154.0,5181.3,287.647
2025-05-26 19:00:00,5180.9,5217.2,5179.5,5193.9,302.944
2025-05-26 23:00:00,5194.0,5199.0,5174.5,5181.1,221.966
2025-05-27 03:00:00,5181.2,5212.9,5175.5,5187.9,231.983
2025-05-27 07:00:00,5188.0,5191.5,5127.9,5136.4,518.16
2025-05-27 11:00:00,5137.8,5140.3,5093.9,5096.4,335.503
2025-05-27 15:00:00,5096.4,5113.0,5058.2,5080.6,798.953
2025-05-27 19:00:00,5080.2,5090.5,5047.4,5062.5,440.869
2025-05-27 23:00:00,5063.3,5077.7,5042.8,5054.5,464.689
2025-05-28 03:00:00,5054.5,5095.5,5051.0,5077.8,460.07
2025-05-28 07:00:00,5077.7,5112.7,5066.0,5093.5,326.224
2025-05-28 11:00:00,5092.9,5112.7,5065.0,5066.7,240.948
2025-05-28 15:00:00,5066.5,5092.9,5037.4,5064.6,851.462
2025-05-28 19:00:00,5064.6,5092.9,5046.9,5087.9,292.465
2025-05-28 23:00:00,5087.8,5088.6,5024.1,5027.7,372.502
2025-05-29 03:00:00,5028.3,5028.8,4923.1,4957.2,1489.079
2025-05-29 07:00:00,4958.4,5000.0,4941.6,4988.6,455.111
2025-05-29 11:00:00,4989.9,5029.9,4988.8,5023.3,299.119
2025-05-29 15:00:00,5023.6,5082.8,5020.6,5044.4,668.16
2025-05-29 19:00:00,5043.7,5054.7,4996.6,5012.6,294.254
2025-05-29 23:00:00,5012.0,5040.8,5002.9,5027.8,142.11
2025-05-30 03:00:00,5028.5,5192.6,5024.0,5093.0,1480.808
2025-05-30 07:00:00,5093.0,5132.5,5064.1,5087.3,506.038
2025-05-30 11:00:00,5087.1,5119.8,5083.6,5110.6,455.925
2025-05-30 15:00:00,5110.6,5168.4,5106.5,5137.7,428.949
2025-05-30 19:00:00,5137.6,5195.7,5109.0,5115.9,545.517
2025-05-30 23:00:00,5115.9,5220.5,5111.6,5200.0,632.939
2025-05-31 03:00:00,5200.2,5288.0,5199.2,5253.9,1370.414
2025-05-31 07:00:00,5253.9,5269.0,5214.1,5225.0,647.518
2025-05-31 11:00:00,5225.1,5237.2,5190.9,5229.4,344.427
2025-05-31 15:00:00,5229.4,5232.4,5186.2,5211.9,361.306
2025-05-31 19:00:00,5212.0,5215.9,5181.2,5193.2,200.167
2025-05-31 23:00:00,5193.2,5216.9,5178.4,5213.4,186.843
2025-06-01 03:00:00,5213.8,5255.4,5204.0,5231.8,279.911
2025-06-01 07:00:00,5231.8,5240.2,5219.5,5237.1,125.116
2025-06-01 11:00:00,5237.2,5287.4,5235.9,5262.6,263.936
2025-06-01 15:00:00,5261.9,5295.6,5246.7,5247.2,260.466
2025-06-01 19:00:00,5247.6,5274.0,5223.4,5246.3,334.736
2025-06-01 23:00:00,5246.3,5253.2,5233.8,5237.4,104.337
2025-06-02 03:00:00,5236.7,5277.5,5221.1,5270.3,222.183
2025-06-02 07:00:00,5270.6,5278.3,5252.9,5275.3,185.307
2025-06-02 11:00:00,5275.3,5300.0,5264.6,5267.2,427.48
2025-06-02 15:00:00,5266.9,5272.0,5205.5,5214.5,363.177
2025-06-02 19:00:00,5214.5,5233.3,5186.4,5230.4,216.267
2025-06-02 23:00:00,5229.7,5229.7,5167.3,5178.3,373.807
2025-06-03 03:00:00,5178.3,5183.1,5122.2,5150.2,721.7
2025-06-03 07:00:00,5150.3,5164.6,5123.6,5136.3,259.192
2025-06-03 11:00:00,5136.1,5152.1,5118.1,5137.2,222.781
2025-06-03 15:00:00,5138.0,5153.1,5106.9,5147.6,370.995
2025-06-03 19:00:00,5147.7,5158.3,5129.3,5137.1,143.949
2025-06-03 23:00:00,5137.1,5188.8,5135.2,5166.2,238.056
2025-06-04 03:00:00,5166.1,5181.1,5116.8,5125.6,356.8
2025-06-04 07:00:00,5125.5,5136.4,5100.0,5116.9,554.794
2025-06-04 11:00:00,5116.9,5130.9,5095.1,5117.6,421.146
2025-06-04 15:00:00,5117.5,5142.2,5081.8,5090.8,514.993
2025-06-04 19:00:00,5090.7,5140.7,5081.2,5139.6,245.344
2025-06-04 23:00:00,5140.5,5183.9,5139.2,5169.4,487.317
2025-06-05 03:00:00,5169.4,5180.8,5150.9,5160.4,239.228
2025-06-05 07:00:00,5160.4,5173.1,5147.2,5160.9,317.19
2025-06-05 11:00:00,5160.9,5196.3,5157.0,5172.4,483.247
2025-06-05 15:00:00,5172.4,5208.4,5157.0,5186.3,775.535
2025-06-05 19:00:00,5186.5,5230.2,5162.0,5206.0,744.09
2025-06-05 23:00:00,5205.4,5346.9,5205.4,5328.7,1838.758
2025-06-06 03:00:00,5328.2,5348.0,5280.0,5298.1,782.839
2025-06-06 07:00:00,5298.2,5332.9,5294.1,5330.3,326.215
2025-06-06 11:00:00,5330.2,5334.5,5298.5,5315.6,319.766
2025-06-06 15:00:00,5315.0,5316.6,5265.6,5304.0,481.056
2025-06-06 19:00:00,5304.0,5331.2,5291.4,5306.0,245.386
2025-06-06 23:00:00,5306.5,5334.5,5294.1,5333.2,145.347
2025-06-07 03:00:00,5332.7,5345.3,5315.1,5321.1,395.706
2025-06-07 07:00:00,5321.0,5329.8,5286.2,5288.0,184.776
2025-06-07 11:00:00,5287.5,5309.4,5286.9,5299.8,178.263
2025-06-07 15:00:00,5300.3,5319.6,5290.8,5298.3,233.595
2025-06-07 19:00:00,5298.2,5326.0,5297.0,5319.2,150.266
2025-06-07 23:00:00,5319.2,5322.2,5286.4,5300.5,140.372
2025-06-08 03:00:00,5299.9,5331.8,5298.6,5322.3,134.054
2025-06-08 07:00:00,5322.1,5326.1,5294.8,5303.6,159.198
2025-06-08 11:00:00,5303.0,5325.1,5292.6,5299.2,134.078
2025-06-08 15:00:00,5299.3,5309.5,5276.1,5287.6,213.224
2025-06-08 19:00:00,5287.6,5287.6,5257.5,5261.5,146.944
2025-06-08 23:00:00,5261.5,5304.9,5255.6,5280.5,287.258
2025-06-09 03:00:00,5280.6,5321.1,5277.5,5307.3,285.722
2025-06-09 07:00:00,5308.0,5331.7,5307.4,5318.2,206.388
2025-06-09 11:00:00,5317.5,5334.4,5307.0,5329.0,288.373
2025-06-09 15:00:00,5329.1,5351.6,5323.8,5330.4,507.206
2025-06-09 19:00:00,5330.1,5332.6,5286.5,5306.1,381.699
2025-06-09 23:00:00,5305.1,5308.3,5217.1,5245.4,686.552
2025-06-10 03:00:00,5245.4,5245.4,5191.5,5228.4,1000.968
2025-06-10 07:00:00,5228.3,5264.2,5222.1,5235.2,568.819
2025-06-10 11:00:00,5235.3,5247.3,5124.7,5131.6,971.889
2025-06-10 15:00:00,5131.3,5191.0,5105.7,5169.2,1285.728
2025-06-10 19:00:00,5169.2,5169.8,5120.6,5127.0,236.897
2025-06-10 23:00:00,5127.0,5152.7,5077.0,5100.1,454.067
2025-06-11 03:00:00,5100.2,5136.9,5025.0,5104.1,503.09
2025-06-11 07:00:00,5103.4,5113.1,5075.4,5079.1,193.352
2025-06-11 11:00:00,5079.2,5117.8,5073.9,5098.5,323.108
2025-06-11 15:00:00,5098.0,5108.4,5022.0,5028.3,527.657
2025-06-11 19:00:00,5028.0,5084.3,5000.0,5080.7,434.291
2025-06-11 23:00:00,5080.7,5141.2,5065.8,5124.6,472.49
2025-06-12 03:00:00,5125.0,5149.1,5107.9,5121.2,437.973
2025-06-12 07:00:00,5121.2,5138.8,5106.6,5134.9,191.601
2025-06-12 11:00:00,5135.0,5154.4,5119.5,5135.4,402.605
2025-06-12 15:00:00,5135.4,5154.4,5097.3,5147.8,474.355
2025-06-12 19:00:00,5147.9,5199.3,5128.8,5188.4,593.121
2025-06-12 23:00:00,5188.6,5243.0,5184.7,5206.6,1076.511
2025-06-13 03:00:00,5206.5,5410.6,5203.1,5350.3,3306.459
2025-06-13 07:00:00,5350.2,5377.9,5331.0,5350.2,910.365
2025-06-13 11:00:00,5350.7,5368.0,5328.0,5333.5,440.496
2025-06-13 15:00:00,5333.8,5358.1,5315.0,5337.2,563.987
2025-06-13 19:00:00,5337.2,5374.3,5316.0,5363.5,444.539
2025-06-13 23:00:00,5363.6,5374.0,5320.0,5324.8,270.871
2025-06-14 03:00:00,5324.8,5347.6,5322.5,5326.0,234.833
2025-06-14 07:00:00,5326.0,5338.1,5315.2,5330.4,307.75
2025-06-14 11:00:00,5330.3,5351.2,5327.3,5327.4,194.031
2025-06-14 15:00:00,5328.4,5375.1,5327.2,5364.6,339.132
2025-06-14 19:00:00,5366.1,5404.5,5355.6,5387.8,477.195
2025-06-14 23:00:00,5387.7,5407.0,5371.0,5382.7,206.958
2025-06-15 03:00:00,5383.0,5386.2,5368.2,5372.0,125.677
2025-06-15 07:00:00,5372.0,5379.4,5357.2,5373.9,208.451
2025-06-15 11:00:00,5374.1,5389.2,5353.3,5359.8,259.474
2025-06-15 15:00:00,5359.7,5365.4,5327.6,5343.9,376.603
2025-06-15 19:00:00,5343.5,5350.5,5324.5,5335.7,133.982
2025-06-15 23:00:00,5336.0,5377.0,5311.1,5329.3,280.402
2025-06-16 03:00:00,5329.4,5351.0,5288.2,5311.5,357.844
2025-06-16 07:00:00,5311.6,5313.6,5251.2,5270.9,624.568
2025-06-16 11:00:00,5270.0,5306.9,5263.7,5271.4,250.23
2025-06-16 15:00:00,5271.9,5274.2,5227.4,5250.2,436.591
2025-06-16 19:00:00,5250.3,5270.0,5220.7,5256.6,297.538
2025-06-16 23:00:00,5257.5,5380.6,5245.7,5371.0,804.978
2025-06-17 03:00:00,5371.0,5396.5,5309.3,5324.1,642.5
2025-06-17 07:00:00,5324.0,5342.8,5306.9,5314.7,288.584
2025-06-17 11:00:00,5315.0,5341.7,5310.7,5334.9,261.216
2025-06-17 15:00:00,5334.7,5368.5,5292.7,5342.7,809.969
2025-06-17 19:00:00,5342.8,5393.6,5322.1,5330.8,912.673
2025-06-17 23:00:00,5330.8,5377.3,5323.8,5359.1,253.005
2025-06-18 03:00:00,5359.1,5367.0,5339.0,5357.7,169.591
2025-06-18 07:00:00,5358.2,5362.0,5340.2,5341.7,300.381
2025-06-18 11:00:00,5341.6,5410.0,5341.6,5393.8,994.306
2025-06-18 15:00:00,5393.9,5427.4,5376.6,5397.7,1165.693
2025-06-18 19:00:00,5397.7,5409.6,5370.8,5378.5,299.664
2025-06-18 23:00:00,5379.3,5387.0,5349.0,5366.3,469.302
2025-06-19 03:00:00,5366.4,5389.3,5343.9,5379.1,169.337
2025-06-19 07:00:00,5379.1,5385.3,5363.7,5375.9,184.554
2025-06-19 11:00:00,5375.9,5386.5,5365.0,5373.2,249.62
2025-06-19 15:00:00,5373.2,5393.4,5366.0,5389.4,305.694
2025-06-19 19:00:00,5389.5,5392.1,5360.2,5364.5,197.374
2025-06-19 23:00:00,5364.5,5369.7,5347.4,5355.8,172.891
2025-06-20 03:00:00,5355.9,5378.2,5345.9,5376.6,113.657
2025-06-20 07:00:00,5376.7,5391.9,5371.5,5381.8,197.619
2025-06-20 11:00:00,5381.8,5402.6,5378.5,5383.8,315.537
2025-06-20 15:00:00,5383.8,5411.0,5376.0,5405.0,328.296
2025-06-20 19:00:00,5405.0,5500.0,5401.8,5463.4,961.077
2025-06-20 23:00:00,5463.5,5499.6,5438.7,5470.8,441.775
2025-06-21 03:00:00,5470.8,5483.6,5452.8,5456.5,256.205
2025-06-21 07:00:00,5456.5,5465.9,5448.7,5449.6,262.418
2025-06-21 11:00:00,5449.6,5464.2,5439.1,5453.0,224.667
2025-06-21 15:00:00,5452.8,5500.0,5451.4,5494.4,589.335
2025-06-21 19:00:00,5494.5,5520.9,5485.0,5506.7,710.61
2025-06-21 23:00:00,5506.8,5640.0,5475.8,5623.3,1788.743
2025-06-22 03:00:00,5623.4,5700.0,5612.5,5661.5,1103.476
2025-06-22 07:00:00,5661.9,5666.6,5634.7,5647.6,427.336
2025-06-22 11:00:00,5647.4,5718.1,5640.9,5705.0,742.864
2025-06-22 15:00:00,5705.0,5815.2,5691.6,5736.8,2158.093
2025-06-22 19:00:00,5736.8,5744.2,5703.1,5719.3,520.653
2025-06-22 23:00:00,5717.0,5809.2,5701.4,5709.5,875.413
2025-06-23 03:00:00,5709.5,5714.2,5675.5,5700.8,304.154
2025-06-23 07:00:00,5700.0,5714.2,5670.5,5692.4,414.172
2025-06-23 11:00:00,5692.4,5708.8,5675.6,5684.9,314.098
2025-06-23 15:00:00,5684.9,5700.0,5633.4,5689.9,616.37
2025-06-23 19:00:00,5689.4,5722.9,5616.8,5636.6,883.162
2025-06-23 23:00:00,5635.6,5636.7,5508.6,5533.9,981.937
2025-06-24 03:00:00,5533.9,5562.1,5523.6,5541.6,643.557
2025-06-24 07:00:00,5540.2,5542.1,5491.0,5529.0,669.862
2025-06-24 11:00:00,5529.8,5545.8,5490.4,5521.5,639.362
2025-06-24 15:00:00,5521.5,5525.6,5489.1,5494.2,453.344
2025-06-24 19:00:00,5493.5,5520.9,5458.3,5500.1,670.388
2025-06-24 23:00:00,5500.7,5526.1,5493.6,5502.9,337.509
2025-06-25 03:00:00,5502.9,5526.4,5498.9,5524.6,169.073
2025-06-25 07:00:00,5524.6,5544.4,5516.4,5531.1,259.273
2025-06-25 11:00:00,5531.1,5590.2,5530.3,5574.5,340.728
2025-06-25 15:00:00,5575.8,5649.5,5572.8,5631.5,584.159
2025-06-25 19:00:00,5632.5,5648.5,5608.1,5609.7,341.842
2025-06-25 23:00:00,5609.7,5636.0,5595.7,5632.8,312.463
2025-06-26 03:00:00,5632.8,5638.4,5527.2,5559.4,453.999
2025-06-26 07:00:00,5559.0,5585.5,5556.2,5568.0,357.172
2025-06-26 11:00:00,5568.4,5613.8,5567.3,5605.1,210.841
2025-06-26 15:00:00,5605.6,5668.5,5605.5,5665.9,554.168
2025-06-26 19:00:00,5666.3,5690.8,5657.6,5666.7,563.537
2025-06-26 23:00:00,5666.8,5700.0,5635.4,5689.3,329.561
2025-06-27 03:00:00,5689.3,5713.3,5657.0,5661.0,440.09
2025-06-27 07:00:00,5660.9,5679.2,5646.7,5659.7,348.163
2025-06-27 11:00:00,5659.8,5665.1,5625.8,5643.3,205.557
2025-06-27 15:00:00,5643.0,5664.9,5629.3,5652.6,219.704
2025-06-27 19:00:00,5652.6,5705.0,5633.9,5671.1,237.241
2025-06-27 23:00:00,5670.5,5674.0,5624.0,5636.1,169.797
2025-06-28 03:00:00,5636.2,5648.3,5613.9,5631.9,132.748
2025-06-28 07:00:00,5631.9,5636.6,5601.3,5605.4,82.966
2025-06-28 11:00:00,5605.4,5620.8,5589.0,5601.2,151.958
2025-06-28 15:00:00,5601.3,5611.6,5582.3,5586.9,146.611
2025-06-28 19:00:00,5586.9,5586.9,5550.0,5568.4,247.661
2025-06-28 23:00:00,5568.5,5582.0,5559.1,5569.1,74.984
2025-06-29 03:00:00,5569.0,5593.5,5564.0,5578.8,112.886
2025-06-29 07:00:00,5578.8,5588.5,5565.2,5568.8,91.585
2025-06-29 11:00:00,5568.8,5591.0,5564.9,5588.1,142.595
2025-06-29 15:00:00,5588.2,5599.9,5576.4,5595.6,113.931
2025-06-29 19:00:00,5596.1,5597.5,5566.0,5566.6,65.996
2025-06-29 23:00:00,5566.6,5593.9,5473.0,5514.5,544.675
2025-06-30 03:00:00,5514.5,5550.0,5493.0,5539.6,465.308
2025-06-30 07:00:00,5539.6,5565.2,5521.9,5524.8,163.713
2025-06-30 11:00:00,5525.6,5573.7,5522.6,5563.4,169.274
2025-06-30 15:00:00,5563.5,5569.9,5481.8,5503.6,300.743
2025-06-30 19:00:00,5502.9,5510.3,5394.4,5398.2,1057.308
2025-06-30 23:00:00,5398.7,5457.7,5378.6,5457.7,519.375
2025-07-01 03:00:00,5457.7,5476.0,5446.3,5467.7,190.892
2025-07-01 07:00:00,5467.5,5520.0,5467.5,5507.7,366.343
2025-07-01 11:00:00,5506.9,5531.3,5496.0,5519.0,481.845
2025-07-01 15:00:00,5519.0,5575.6,5516.7,5544.8,805.809
2025-07-01 19:00:00,5544.7,5570.4,5533.8,5566.0,279.269
2025-07-01 23:00:00,5566.2,5581.7,5553.1,5560.9,261.07
2025-07-02 03:00:00,5561.1,5577.9,5545.0,5548.0,226.985
2025-07-02 07:00:00,5548.0,5555.1,5533.3,5549.1,262.428
2025-07-02 11:00:00,5549.1,5594.6,5548.8,5580.6,377.617
2025-07-02 15:00:00,5580.7,5595.2,5533.7,5542.8,370.83
2025-07-02 19:00:00,5543.1,5546.4,5437.4,5438.7,753.118
2025-07-02 23:00:00,5439.7,5463.4,5411.9,5461.9,464.503
2025-07-03 03:00:00,5461.9,5471.6,5441.7,5453.1,283.129
2025-07-03 07:00:00,5453.2,5456.8,5395.5,5397.9,388.106
2025-07-03 11:00:00,5398.0,5436.0,5390.0,5412.0,732.807
2025-07-03 15:00:00,5412.0,5479.5,5402.6,5475.8,400.529
2025-07-03 19:00:00,5475.5,5481.7,5458.7,5466.4,251.351
2025-07-03 23:00:00,5466.5,5467.3,5437.0,5453.6,179.911
2025-07-04 03:00:00,5453.3,5472.5,5436.1,5456.9,413.963
2025-07-04 07:00:00,5457.0,5520.0,5445.0,5517.0,396.949
2025-07-04 11:00:00,5517.3,5540.0,5497.2,5499.1,417.025
2025-07-04 15:00:00,5499.1,5538.3,5481.8,5529.3,295.033
2025-07-04 19:00:00,5529.3,5568.6,5528.1,5547.8,333.415
2025-07-04 23:00:00,5547.8,5553.1,5521.4,5526.4,156.724
2025-07-05 03:00:00,5526.5,5541.0,5515.2,5523.2,139.087
2025-07-05 07:00:00,5523.1,5535.2,5506.6,5512.2,115.607
2025-07-05 11:00:00,5511.5,5529.2,5509.4,5519.6,78.911
2025-07-05 15:00:00,5519.5,5534.4,5516.9,5530.3,92.462
2025-07-05 19:00:00,5530.3,5562.3,5519.7,5538.8,214.209
2025-07-05 23:00:00,5538.7,5541.9,5517.3,5521.7,81.005
2025-07-06 03:00:00,5521.7,5531.0,5516.6,5523.5,170.701
2025-07-06 07:00:00,5523.5,5533.2,5503.1,5511.1,171.778
2025-07-06 11:00:00,5511.2,5517.7,5488.6,5495.1,157.996
2025-07-06 15:00:00,5495.1,5496.9,5429.0,5453.6,408.109
2025-07-06 19:00:00,5453.6,5480.9,5444.7,5460.8,167.278
2025-07-06 23:00:00,5460.9,5463.7,5411.3,5460.8,485.68
2025-07-07 03:00:00,5460.9,5472.9,5437.1,5451.2,208.186
2025-07-07 07:00:00,5450.8,5461.1,5436.2,5436.3,272.697
2025-07-07 11:00:00,5436.7,5448.7,5422.4,5429.1,308.645
2025-07-07 15:00:00,5429.1,5449.3,5345.0,5434.1,1004.389
2025-07-07 19:00:00,5433.6,5450.2,5422.1,5441.7,338.03
2025-07-07 23:00:00,5440.7,5479.7,5440.5,5461.5,150.65
2025-07-08 03:00:00,5461.3,5476.8,5447.9,5457.4,268.044
2025-07-08 07:00:00,5457.3,5469.4,5442.8,5457.8,298.835
2025-07-08 11:00:00,5457.9,5461.9,5420.0,5424.2,145.615
2025-07-08 15:00:00,5424.1,5433.3,5411.3,5429.2,188.97
2025-07-08 19:00:00,5428.9,5428.9,5372.2,5382.6,441.558
2025-07-08 23:00:00,5382.0,5399.9,5377.6,5386.8,128.194
2025-07-09 03:00:00,5386.9,5401.3,5370.4,5382.7,285.743
2025-07-09 07:00:00,5382.4,5387.9,5327.3,5336.8,600.634
2025-07-09 11:00:00,5336.9,5357.9,5327.3,5333.6,277.156
2025-07-09 15:00:00,5332.5,5335.1,5291.0,5302.5,625.326
2025-07-09 19:00:00,5302.5,5310.0,5255.9,5294.6,453.48
2025-07-09 23:00:00,5295.4,5302.0,5250.1,5270.0,317.426
2025-07-10 03:00:00,5270.0,5272.2,5234.5,5251.0,288.451
2025-07-10 07:00:00,5250.7,5260.0,5201.0,5225.5,514.567
2025-07-10 11:00:00,5225.1,5233.0,5200.0,5226.3,339.421
2025-07-10 15:00:00,5226.4,5259.7,5210.4,5256.1,301.508
2025-07-10 19:00:00,5255.7,5272.8,5237.0,5252.9,327.91
2025-07-10 23:00:00,5253.1,5317.5,5184.2,5204.7,686.417
2025-07-11 03:00:00,5205.2,5242.7,5179.2,5202.1,483.962
2025-07-11 07:00:00,5202.1,5243.7,5185.8,5242.8,405.847
2025-07-11 11:00:00,5242.3,5246.6,5183.7,5206.2,363.053
2025-07-11 15:00:00,5206.1,5219.5,5057.4,5131.2,1182.099
2025-07-11 19:00:00,5130.8,5160.0,5081.3,5092.2,509.817
2025-07-11 23:00:00,5091.4,5244.8,5090.0,5180.7,733.133
2025-07-12 03:00:00,5180.8,5209.1,5115.0,5137.3,418.12
2025-07-12 07:00:00,5137.0,5183.0,5133.8,5160.0,263.167
2025-07-12 11:00:00,5160.1,5175.9,5135.7,5160.5,193.86
2025-07-12 15:00:00,5160.9,5266.6,5158.1,5250.2,643.243
2025-07-12 19:00:00,5250.1,5268.2,5196.8,5209.0,290.634
2025-07-12 23:00:00,5209.6,5242.3,5195.4,5201.5,157.277
2025-07-13 03:00:00,5201.4,5209.0,5167.2,5184.2,481.536
2025-07-13 07:00:00,5184.1,5190.5,5152.9,5156.6,173.721
2025-07-13 11:00:00,5156.6,5180.0,5151.6,5165.9,168.22
2025-07-13 15:00:00,5165.9,5168.7,5115.0,5144.1,415.067
2025-07-13 19:00:00,5144.1,5176.6,5129.8,5150.9,173.255
2025-07-13 23:00:00,5150.8,5212.0,5146.5,5183.0,267.915
2025-07-14 03:00:00,5183.0,5183.1,5103.6,5130.9,534.58
2025-07-14 07:00:00,5130.3,5219.1,5114.8,5180.8,522.942
2025-07-14 11:00:00,5180.9,5205.7,5109.7,5136.9,663.931
2025-07-14 15:00:00,5136.8,5165.6,5111.9,5136.8,651.762
2025-07-14 19:00:00,5136.5,5168.0,5098.4,5153.4,531.751
2025-07-14 23:00:00,5152.8,5185.5,5139.2,5141.3,239.137
2025-07-15 03:00:00,5141.8,5186.0,5131.2,5146.9,556.359
2025-07-15 07:00:00,5147.0,5157.9,5086.7,5105.5,626.148
2025-07-15 11:00:00,5105.4,5124.6,5082.1,5096.6,253.801
2025-07-15 15:00:00,5096.6,5105.3,5024.6,5026.0,852.872
2025-07-15 19:00:00,5024.7,5044.4,4959.0,5023.3,867.921
2025-07-15 23:00:00,5023.1,5037.7,4955.7,4962.9,322.481
2025-07-16 03:00:00,4963.6,4989.7,4942.4,4981.8,536.61
2025-07-16 07:00:00,4981.9,4997.7,4941.1,4953.8,349.465
2025-07-16 11:00:00,4954.1,4982.6,4951.0,4971.1,263.575
2025-07-16 15:00:00,4971.1,4972.3,4877.1,4907.0,899.226
2025-07-16 19:00:00,4906.4,4909.0,4770.3,4771.6,1226.751
2025-07-16 23:00:00,4771.6,4796.4,4737.3,4757.2,890.776
2025-07-17 03:00:00,4757.9,4805.4,4732.6,4794.7,932.506
2025-07-17 07:00:00,4794.7,4800.5,4650.3,4661.8,978.162
2025-07-17 11:00:00,4661.2,4675.0,4600.0,4614.2,1217.54
2025-07-17 15:00:00,4614.3,4685.8,4602.4,4658.1,1263.328
2025-07-17 19:00:00,4657.9,4707.4,4626.5,4665.9,884.887
2025-07-17 23:00:00,4666.1,4694.0,4518.0,4556.7,1548.362
2025-07-18 03:00:00,4556.3,4575.1,4438.3,4450.7,1401.749
2025-07-18 07:00:00,4450.8,4466.9,4381.8,4447.8,1397.902
2025-07-18 11:00:00,4448.0,4464.4,4405.0,4436.2,1465.206
2025-07-18 15:00:00,4436.3,4493.7,4355.0,4464.3,2421.904
2025-07-18 19:00:00,4464.2,4472.2,4388.2,4446.7,907.461
2025-07-18 23:00:00,4448.1,4517.3,4444.0,4474.6,947.23
2025-07-19 03:00:00,4474.6,4516.3,4432.0,4443.2,743.971
2025-07-19 07:00:00,4443.0,4461.4,4423.2,4443.7,357.368
2025-07-19 11:00:00,4443.7,4494.6,4443.4,4491.9,515.404
2025-07-19 15:00:00,4491.8,4507.4,4456.0,4477.3,746.931
2025-07-19 19:00:00,4477.4,4487.2,4441.0,4443.9,346.022
2025-07-19 23:00:00,4443.9,4472.1,4426.0,4431.4,259.459
2025-07-20 03:00:00,4431.5,4445.6,4364.5,4383.2,620.296
2025-07-20 07:00:00,4383.6,4406.3,4360.0,4372.1,554.857
2025-07-20 11:00:00,4372.3,4373.1,4290.4,4297.9,882.231
2025-07-20 15:00:00,4298.0,4329.4,4284.0,4289.9,844.54
2025-07-20 19:00:00,4289.8,4313.2,4260.0,4284.5,1001.243
2025-07-20 23:00:00,4283.7,4323.0,4256.9,4266.6,681.599
2025-07-21 03:00:00,4266.9,4313.5,4262.0,4281.2,821.603
2025-07-21 07:00:00,4281.1,4288.0,4234.6,4268.3,781.404
2025-07-21 11:00:00,4267.8,4272.9,4198.5,4211.2,761.531
2025-07-21 15:00:00,4211.3,4235.4,4164.8,4184.5,1314.786
2025-07-21 19:00:00,4184.2,4237.5,4177.8,4218.6,1279.053
2025-07-21 23:00:00,4217.3,4230.4,4193.0,4204.2,380.076
2025-07-22 03:00:00,4204.1,4250.5,4173.7,4230.7,1172.868
2025-07-22 07:00:00,4230.8,4310.3,4230.8,4299.7,2470.584
2025-07-22 11:00:00,4300.1,4371.2,4297.3,4307.4,1856.419
2025-07-22 15:00:00,4307.4,4345.1,4270.6,4286.2,1569.148
2025-07-22 19:00:00,4286.3,4333.2,4259.9,4329.3,630.442
2025-07-22 23:00:00,4329.9,4338.3,4261.4,4268.5,544.746
2025-07-23 03:00:00,4269.0,4290.1,4242.8,4257.5,688.026
2025-07-23 07:00:00,4257.4,4299.9,4249.6,4288.8,547.96
2025-07-23 11:00:00,4288.8,4325.0,4272.6,4310.5,1168.488
2025-07-23 15:00:00,4310.4,4445.6,4307.3,4397.9,2898.116
2025-07-23 19:00:00,4397.3,4499.1,4396.3,4494.6,1513.091
2025-07-23 23:00:00,4494.8,4572.8,4464.3,4480.9,1804.942
2025-07-24 03:00:00,4479.9,4501.5,4426.9,4455.8,1206.611
2025-07-24 07:00:00,4455.4,4635.9,4445.4,4560.7,2610.579
2025-07-24 11:00:00,4560.7,4585.5,4489.0,4497.5,2260.126
2025-07-24 15:00:00,4497.5,4521.8,4404.0,4422.3,2191.878
2025-07-24 19:00:00,4421.7,4476.7,4407.7,4427.0,736.619
2025-07-24 23:00:00,4427.4,4478.3,4417.0,4463.1,660.25
2025-07-25 03:00:00,4463.1,4519.2,4441.8,4465.4,1337.787
2025-07-25 07:00:00,4465.3,4484.9,4431.1,4439.5,1041.351
2025-07-25 11:00:00,4439.6,4453.6,4293.0,4394.2,1098.57
2025-07-25 15:00:00,4394.0,4479.2,4373.1,4462.2,844.774
2025-07-25 19:00:00,4462.1,4477.0,4417.0,4454.0,457.423
2025-07-25 23:00:00,4454.0,4457.4,4385.3,4388.6,349.421
2025-07-26 03:00:00,4388.0,4414.0,4363.0,4384.8,507.292
2025-07-26 07:00:00,4384.7,4385.9,4357.3,4372.5,419.21
2025-07-26 11:00:00,4372.1,4385.2,4334.3,4380.4,519.831
2025-07-26 15:00:00,4380.4,4397.8,4366.7,4377.0,338.078
2025-07-26 19:00:00,4376.1,4414.2,4365.3,4370.0,254.91
2025-07-26 23:00:00,4371.0,4385.0,4334.4,4375.9,210.162
2025-07-27 03:00:00,4376.2,4391.1,4341.2,4346.5,498.358
2025-07-27 07:00:00,4346.5,4358.7,4316.0,4352.6,498.286
2025-07-27 11:00:00,4352.4,4372.1,4312.9,4336.1,374.365
2025-07-27 15:00:00,4337.2,4364.3,4311.4,4337.9,465.61
2025-07-27 19:00:00,4337.4,4361.4,4308.7,4330.0,476.108
2025-07-27 23:00:00,4329.7,4337.2,4301.6,4304.0,361.932
2025-07-28 03:00:00,4304.5,4318.0,4264.1,4269.7,918.803
2025-07-28 07:00:00,4270.5,4283.9,4221.0,4246.9,967.342
2025-07-28 11:00:00,4246.9,4279.2,4238.4,4266.5,352.366
2025-07-28 15:00:00,4266.4,4363.0,4253.2,4340.9,1093.408
2025-07-28 19:00:00,4340.7,4379.5,4325.0,4356.0,888.957
2025-07-28 23:00:00,4355.6,4398.8,4351.4,4382.3,636.93
2025-07-29 03:00:00,4382.5,4423.0,4357.1,4394.2,1215.908
2025-07-29 07:00:00,4394.3,4406.6,4330.4,4333.6,828.346
2025-07-29 11:00:00,4333.5,4382.9,4322.2,4376.8,613.502
2025-07-29 15:00:00,4376.7,4425.0,4345.0,4405.0,1043.064
2025-07-29 19:00:00,4405.5,4445.8,4381.2,4404.0,947.906
2025-07-29 23:00:00,4404.2,4422.1,4200.0,4390.0,896.614
2025-07-30 03:00:00,4389.4,4421.6,4359.1,4382.9,451.851
2025-07-30 07:00:00,4383.0,4410.5,4377.0,4402.5,333.386
2025-07-30 11:00:00,4402.5,4480.8,4394.2,4466.8,664.903
2025-07-30 15:00:00,4466.9,4476.4,4418.2,4418.7,687.381
2025-07-30 19:00:00,4419.0,4496.7,4380.0,4428.2,1136.29
2025-07-30 23:00:00,4428.6,4456.0,4401.4,4417.6,426.969
2025-07-31 03:00:00,4417.6,4427.5,4373.2,4380.8,455.437
2025-07-31 07:00:00,4380.1,4387.9,4367.6,4377.1,156.323
2025-07-31 11:00:00,4376.2,4396.0,4360.9,4389.9,301.71
2025-07-31 15:00:00,4389.9,4470.0,4387.4,4451.0,642.041
2025-07-31 19:00:00,4450.2,4459.6,4420.7,4448.7,437.469
2025-07-31 23:00:00,4449.4,4475.0,4437.3,4463.8,416.344
2025-08-01 03:00:00,4463.9,4519.3,4451.5,4471.8,896.889
2025-08-01 07:00:00,4471.7,4527.5,4471.7,4506.5,721.246
2025-08-01 11:00:00,4507.0,4555.0,4506.8,4514.0,998.423
2025-08-01 15:00:00,4514.5,4550.4,4498.6,4515.3,958.242
2025-08-01 19:00:00,4516.1,4552.3,4491.3,4504.0,780.11
2025-08-01 23:00:00,4504.0,4631.4,4499.9,4565.7,1417.144
2025-08-02 03:00:00,4565.2,4583.1,4532.8,4547.0,547.219
2025-08-02 07:00:00,4547.1,4609.8,4527.7,4555.6,737.196
2025-08-02 11:00:00,4555.5,4605.4,4548.8,4580.9,470.299
2025-08-02 15:00:00,4581.2,4642.1,4560.4,4632.0,798.652
2025-08-02 19:00:00,4632.7,4719.7,4620.0,4691.2,1555.359
2025-08-02 23:00:00,4692.0,4717.0,4650.8,4696.0,584.81
2025-08-03 03:00:00,4695.9,4734.1,4659.8,4666.8,600.147
2025-08-03 07:00:00,4666.8,4674.8,4637.9,4643.0,303.886
2025-08-03 11:00:00,4642.7,4647.7,4595.7,4620.0,501.768
2025-08-03 15:00:00,4620.1,4640.0,4613.0,4620.7,481.351
2025-08-03 19:00:00,4620.7,4628.8,4597.5,4616.7,283.095
2025-08-03 23:00:00,4614.9,4626.8,4583.5,4599.0,171.66
2025-08-04 03:00:00,4598.9,4606.9,4540.0,4551.0,488.139
2025-08-04 07:00:00,4551.0,4576.5,4542.0,4545.4,292.607
2025-08-04 11:00:00,4545.7,4552.8,4530.0,4549.3,354.052
2025-08-04 15:00:00,4549.2,4555.7,4467.7,4479.6,758.294
2025-08-04 19:00:00,4480.5,4481.0,4426.4,4456.3,742.105
2025-08-04 23:00:00,4456.3,4461.4,4407.9,4411.6,472.346
2025-08-05 03:00:00,4411.5,4453.0,4407.0,4448.5,430.763
2025-08-05 07:00:00,4448.1,4490.4,4428.7,4483.6,369.829
2025-08-05 11:00:00,4483.7,4488.6,4421.8,4432.9,372.881
2025-08-05 15:00:00,4432.6,4508.5,4430.0,4499.9,678.025
2025-08-05 19:00:00,4498.8,4549.3,4486.3,4540.5,480.706
2025-08-05 23:00:00,4541.4,4564.1,4508.5,4517.7,461.423
2025-08-06 03:00:00,4518.4,4554.9,4515.7,4542.8,397.086
2025-08-06 07:00:00,4543.0,4552.8,4488.4,4495.8,390.683
2025-08-06 11:00:00,4496.0,4521.5,4489.2,4514.1,298.479
2025-08-06 15:00:00,4514.1,4537.9,4487.1,4489.1,645.703
2025-08-06 19:00:00,4489.1,4511.4,4469.6,4472.2,347.047
2025-08-06 23:00:00,4472.2,4484.3,4466.0,4471.4,265.737
2025-08-07 03:00:00,4471.5,4485.9,4439.9,4483.4,497.904
2025-08-07 07:00:00,4483.3,4485.1,4431.2,4443.8,431.876
2025-08-07 11:00:00,4443.4,4451.5,4381.5,4385.9,1030.238
2025-08-07 15:00:00,4385.8,4418.2,4364.6,4398.2,895.787
2025-08-07 19:00:00,4398.4,4429.1,4392.4,4392.4,570.65
2025-08-07 23:00:00,4392.5,4393.3,4289.0,4293.0,1253.736
2025-08-08 03:00:00,4293.1,4312.3,4235.3,4243.7,1119.696
2025-08-08 07:00:00,4243.2,4280.5,4237.4,4250.6,621.651
2025-08-08 11:00:00,4250.3,4276.7,4240.5,4254.8,602.264
2025-08-08 15:00:00,4254.8,4271.2,4200.0,4252.4,1680.27
2025-08-08 19:00:00,4252.4,4252.4,4155.8,4156.8,1047.843
2025-08-08 23:00:00,4156.5,4209.8,4149.5,4208.0,624.065
2025-08-09 03:00:00,4208.1,4208.3,4165.8,4169.2,432.598
2025-08-09 07:00:00,4169.3,4178.0,4075.8,4102.6,1895.066
2025-08-09 11:00:00,4103.0,4112.3,4077.1,4109.2,993.516
2025-08-09 15:00:00,4109.1,4139.8,4086.0,4103.4,1286.866
2025-08-09 19:00:00,4102.9,4104.6,4057.2,4067.1,793.576
2025-08-09 23:00:00,4067.2,4099.5,4046.9,4085.4,745.251
2025-08-10 03:00:00,4085.7,4140.0,4043.1,4126.3,1112.948
2025-08-10 07:00:00,4126.4,4188.2,4106.0,4182.4,822.464
2025-08-10 11:00:00,4182.9,4208.5,4158.9,4205.4,1020.861
2025-08-10 15:00:00,4205.4,4233.0,4174.2,4187.5,1057.778
2025-08-10 19:00:00,4187.7,4195.4,4156.9,4163.9,287.261
2025-08-10 23:00:00,4163.9,4205.6,4163.3,4189.2,339.703
2025-08-11 03:00:00,4189.1,4217.5,4146.8,4200.6,935.481
2025-08-11 07:00:00,4200.6,4249.1,4175.7,4240.3,933.076
2025-08-11 11:00:00,4240.3,4281.9,4206.3,4277.7,1256.178
2025-08-11 15:00:00,4277.7,4286.6,4192.5,4193.8,1341.459
2025-08-11 19:00:00,4193.8,4215.4,4170.3,4212.3,596.518
2025-08-11 23:00:00,4212.3,4250.0,4200.2,4235.9,762.192
2025-08-12 03:00:00,4235.8,4237.7,4180.3,4197.0,367.974
2025-08-12 07:00:00,4196.9,4213.3,4175.8,4186.6,356.839
2025-08-12 11:00:00,4186.2,4219.1,4178.1,4192.0,367.801
2025-08-12 15:00:00,4191.3,4193.1,4100.0,4102.8,1395.542
2025-08-12 19:00:00,4103.3,4109.7,4014.2,4015.5,1193.605
2025-08-12 23:00:00,4015.0,4021.4,3976.4,4006.9,1284.611
2025-08-13 03:00:00,4007.3,4014.6,3948.0,3952.0,989.494
2025-08-13 07:00:00,3952.2,3982.7,3931.4,3955.1,1050.504
2025-08-13 11:00:00,3955.1,3958.9,3907.7,3937.4,1436.754
2025-08-13 15:00:00,3937.2,4016.6,3900.0,3980.7,2125.632
2025-08-13 19:00:00,3981.5,4003.6,3963.1,3991.3,685.83
2025-08-13 23:00:00,3991.4,4023.8,3986.5,4007.3,505.57
2025-08-14 03:00:00,4007.4,4040.0,3946.6,3953.8,720.968
2025-08-14 07:00:00,3953.5,3973.3,3912.2,3939.8,981.795
2025-08-14 11:00:00,3939.7,3980.0,3931.5,3948.9,975.75
2025-08-14 15:00:00,3948.2,4068.7,3929.1,3965.8,3679.774
2025-08-14 19:00:00,3965.8,4037.8,3964.4,4013.9,1115.823
2025-08-14 23:00:00,4015.9,4065.0,4010.1,4018.7,896.422
2025-08-15 03:00:00,4018.7,4023.2,3971.9,3976.8,515.137
2025-08-15 07:00:00,3976.2,3989.9,3955.4,3968.2,420.008
2025-08-15 11:00:00,3968.6,3994.0,3958.3,3985.5,534.501
2025-08-15 15:00:00,3986.1,4089.4,3960.0,4077.7,2196.396
2025-08-15 19:00:00,4076.7,4108.2,4060.3,4083.8,1203.901
2025-08-15 23:00:00,4083.8,4093.3,4024.7,4049.0,472.912
2025-08-16 03:00:00,4049.0,4071.0,4023.4,4042.2,528.786
2025-08-16 07:00:00,4042.2,4061.4,4019.6,4024.1,295.705
2025-08-16 11:00:00,4024.1,4077.8,4020.0,4077.1,403.336
2025-08-16 15:00:00,4077.0,4087.7,4055.2,4068.1,500.465
2025-08-16 19:00:00,4068.2,4078.0,4045.9,4056.2,262.361
2025-08-16 23:00:00,4056.7,4059.6,4035.3,4038.3,189.416
2025-08-17 03:00:00,4038.3,4056.3,4014.4,4018.4,377.609
2025-08-17 07:00:00,4018.4,4023.7,3995.8,4013.1,482.639
2025-08-17 11:00:00,4013.1,4017.3,3967.0,3971.1,588.059
2025-08-17 15:00:00,3971.1,3991.3,3950.4,3950.9,484.729
2025-08-17 19:00:00,3951.0,4022.5,3947.2,4008.5,617.922
2025-08-17 23:00:00,4007.9,4008.7,3973.0,3993.6,542.314
2025-08-18 03:00:00,3993.9,4083.2,3990.7,4057.6,1039.19
2025-08-18 07:00:00,4057.4,4117.9,4047.5,4105.3,734.708
2025-08-18 11:00:00,4105.4,4114.4,4062.0,4088.5,747.656
2025-08-18 15:00:00,4088.5,4092.5,4047.4,4069.8,808.933
2025-08-18 19:00:00,4070.8,4150.0,4042.5,4055.6,833.332
2025-08-18 23:00:00,4055.1,4076.0,4042.3,4072.1,355.342
2025-08-19 03:00:00,4072.1,4117.3,4052.4,4112.8,647.502
2025-08-19 07:00:00,4112.8,4130.0,4085.0,4101.1,371.349
2025-08-19 11:00:00,4100.2,4111.9,4060.8,4064.1,326.885
2025-08-19 15:00:00,4063.5,4120.0,4054.0,4115.5,652.801
2025-08-19 19:00:00,4114.2,4147.2,4104.6,4136.9,673.936
2025-08-19 23:00:00,4137.1,4174.8,4122.2,4171.7,498.815
2025-08-20 03:00:00,4171.3,4173.0,4124.3,4138.3,509.011
2025-08-20 07:00:00,4138.2,4138.6,4104.0,4119.0,332.344
2025-08-20 11:00:00,4118.1,4137.4,4087.5,4114.2,413.022
2025-08-20 15:00:00,4114.1,4148.3,4042.2,4056.7,1013.089
2025-08-20 19:00:00,4056.7,4056.7,3989.7,3991.7,1038.621
2025-08-20 23:00:00,3991.9,4010.9,3980.8,4007.1,689.84
2025-08-21 03:00:00,4007.1,4039.5,4002.1,4017.8,501.71
2025-08-21 07:00:00,4017.9,4037.0,4004.5,4021.0,379.517
2025-08-21 11:00:00,4020.3,4050.2,4016.9,4029.2,521.182
2025-08-21 15:00:00,4028.6,4055.2,4015.7,4051.4,706.747
2025-08-21 19:00:00,4050.7,4058.5,4016.2,4049.1,673.813
2025-08-21 23:00:00,4049.2,4065.7,4035.5,4060.6,582.685
2025-08-22 03:00:00,4060.6,4064.9,4028.2,4050.7,479.957
2025-08-22 07:00:00,4050.6,4051.8,4005.6,4015.0,460.042
2025-08-22 11:00:00,4016.0,4048.4,3997.4,4048.4,773.869
2025-08-22 15:00:00,4048.3,4081.8,3880.0,3916.8,4011.575
2025-08-22 19:00:00,3916.8,3916.8,3778.7,3798.0,2252.612
2025-08-22 23:00:00,3797.6,3813.9,3768.6,3796.8,935.353
2025-08-23 03:00:00,3796.9,3876.1,3792.5,3848.4,1011.24
2025-08-23 07:00:00,3848.2,3851.2,3790.1,3814.5,707.884
2025-08-23 11:00:00,3814.8,3824.5,3797.8,3809.3,500.22
2025-08-23 15:00:00,3809.8,3819.5,3776.6,3783.0,575.807
2025-08-23 19:00:00,3783.1,3802.8,3777.7,3786.6,318.034
2025-08-23 23:00:00,3786.6,3799.6,3766.2,3782.5,306.758
2025-08-24 03:00:00,3782.5,3783.4,3754.8,3759.8,505.414
2025-08-24 07:00:00,3759.7,3788.0,3754.6,3787.0,354.255
2025-08-24 11:00:00,3786.7,3822.9,3771.6,3806.4,435.717
2025-08-24 15:00:00,3806.5,3811.3,3748.2,3766.7,439.522
2025-08-24 19:00:00,3767.0,3830.0,3647.3,3693.0,3242.448
2025-08-24 23:00:00,3692.2,3753.9,3689.2,3734.0,1344.333
2025-08-25 03:00:00,3734.0,3765.8,3713.9,3730.6,697.28
2025-08-25 07:00:00,3731.0,3807.6,3730.6,3802.0,1203.159
2025-08-25 11:00:00,3802.0,3842.2,3791.0,3801.0,906.11
2025-08-25 15:00:00,3801.0,3830.0,3774.1,3825.3,578.107
2025-08-25 19:00:00,3825.4,3896.7,3822.2,3893.5,1243.807
2025-08-25 23:00:00,3893.6,3936.1,3879.3,3919.1,1590.479
2025-08-26 03:00:00,3919.1,3924.7,3860.1,3893.1,726.148
2025-08-26 07:00:00,3892.9,3893.4,3868.3,3880.7,531.377
2025-08-26 11:00:00,3880.8,3890.9,3861.7,3875.4,439.172
2025-08-26 15:00:00,3875.1,3882.5,3802.3,3807.6,1102.782
2025-08-26 19:00:00,3807.9,3815.6,3766.4,3770.7,423.013
2025-08-26 23:00:00,3770.1,3815.7,3770.1,3807.6,525.087
2025-08-27 03:00:00,3807.4,3823.9,3772.5,3781.2,517.856
2025-08-27 07:00:00,3781.7,3794.1,3755.4,3779.0,580.143
2025-08-27 11:00:00,3778.9,3789.4,3759.3,3776.1,934.313
2025-08-27 15:00:00,3776.6,3793.8,3763.5,3765.3,791.286
2025-08-27 19:00:00,3765.8,3819.2,3765.3,3815.1,439.97
2025-08-27 23:00:00,3814.9,3837.8,3794.1,3832.3,847.778
2025-08-28 03:00:00,3831.8,3847.8,3819.3,3822.8,363.309
2025-08-28 07:00:00,3822.8,3840.7,3816.3,3820.6,333.431
2025-08-28 11:00:00,3820.7,3829.9,3722.0,3811.3,654.709
2025-08-28 15:00:00,3811.4,3860.1,3802.4,3854.7,513.232
2025-08-28 19:00:00,3856.2,3877.2,3840.8,3870.2,469.098
2025-08-28 23:00:00,3869.6,3874.0,3825.6,3834.7,282.588
2025-08-29 03:00:00,3836.2,3856.1,3816.7,3824.6,425.401
2025-08-29 07:00:00,3825.1,3878.0,3820.5,3863.6,480.124
2025-08-29 11:00:00,3863.8,3896.9,3860.5,3887.2,876.244
2025-08-29 15:00:00,3887.5,3889.2,3827.5,3853.6,1366.769
2025-08-29 19:00:00,3853.3,3872.6,3841.7,3847.3,600.468
2025-08-29 23:00:00,3848.6,3863.2,3829.1,3832.8,477.313
2025-08-30 03:00:00,3832.8,3880.5,3818.7,3840.8,819.945
2025-08-30 07:00:00,3840.7,3847.0,3804.4,3816.7,298.774
2025-08-30 11:00:00,3816.0,3843.2,3815.8,3840.2,287.853
2025-08-30 15:00:00,3840.1,3876.6,3836.3,3854.7,375.028
2025-08-30 19:00:00,3854.8,3872.2,3854.3,3862.1,269.292
2025-08-30 23:00:00,3862.1,3871.1,3839.5,3845.0,249.366
2025-08-31 03:00:00,3845.0,3847.4,3795.1,3795.3,604.188
2025-08-31 07:00:00,3795.1,3818.0,3787.1,3806.2,389.265
2025-08-31 11:00:00,3806.6,3808.8,3785.0,3785.3,332.69
2025-08-31 15:00:00,3785.4,3802.6,3770.8,3794.1,461.421
2025-08-31 19:00:00,3793.4,3818.6,3792.6,3817.5,320.783
2025-08-31 23:00:00,3816.6,3848.9,3805.5,3841.6,344.479
2025-09-01 03:00:00,3841.9,3855.9,3820.7,3836.0,556.806
2025-09-01 07:00:00,3836.2,3868.0,3831.4,3834.6,504.386
2025-09-01 11:00:00,3834.4,3872.5,3814.9,3866.3,780.437
2025-09-01 15:00:00,3866.1,3966.1,3860.2,3893.1,1006.52
2025-09-01 19:00:00,3893.1,3929.5,3891.4,3894.6,802.258
2025-09-01 23:00:00,3894.3,3946.7,3894.0,3935.7,964.126
2025-09-02 03:00:00,3935.7,3946.9,3910.3,3919.7,524.366
2025-09-02 07:00:00,3919.2,3923.4,3886.5,3908.9,481.792
2025-09-02 11:00:00,3909.0,3909.3,3886.1,3909.1,416.729
2025-09-02 15:00:00,3909.3,3988.9,3900.0,3981.6,1164.662
2025-09-02 19:00:00,3981.5,3987.4,3942.3,3963.3,487.894
2025-09-02 23:00:00,3962.6,3970.9,3922.4,3927.4,341.966
2025-09-03 03:00:00,3927.4,3960.5,3912.9,3923.1,336.666
2025-09-03 07:00:00,3923.2,3953.6,3922.3,3942.7,340.531
2025-09-03 11:00:00,3942.4,3943.3,3907.2,3914.7,398.434
2025-09-03 15:00:00,3914.9,3922.4,3872.4,3882.3,838.233
2025-09-03 19:00:00,3882.3,3899.5,3881.8,3887.5,325.455
2025-09-03 23:00:00,3887.2,3903.0,3884.4,3888.1,208.662
2025-09-04 03:00:00,3888.0,3916.0,3881.1,3906.9,260.182
2025-09-04 07:00:00,3906.5,3915.8,3897.6,3903.9,347.12
2025-09-04 11:00:00,3904.2,3912.2,3884.3,3899.3,397.579
2025-09-04 15:00:00,3899.4,3919.5,3890.1,3916.8,534.8
2025-09-04 19:00:00,3918.0,3960.9,3912.1,3955.5,260.338
2025-09-04 23:00:00,3955.6,3971.8,3944.0,3971.1,291.966
2025-09-05 03:00:00,3971.1,3992.1,3958.0,3970.5,406.696
2025-09-05 07:00:00,3970.0,3984.9,3949.7,3956.8,634.956
2025-09-05 11:00:00,3956.8,3971.9,3933.5,3940.9,418.321
2025-09-05 15:00:00,3941.0,3978.6,3919.0,3966.6,1216.477
2025-09-05 19:00:00,3966.0,3972.6,3946.4,3954.1,272.515
2025-09-05 23:00:00,3953.6,3955.6,3937.2,3946.0,285.528
2025-09-06 03:00:00,3946.0,3953.8,3934.9,3946.1,264.262
2025-09-06 07:00:00,3946.1,3958.9,3945.0,3945.6,184.416
2025-09-06 11:00:00,3945.5,3965.0,3945.2,3961.1,188.565
2025-09-06 15:00:00,3961.0,3969.7,3954.3,3962.3,299.029
2025-09-06 19:00:00,3961.7,3969.0,3940.3,3965.1,279.036
2025-09-06 23:00:00,3965.1,3965.8,3947.0,3955.2,165.353
2025-09-07 03:00:00,3955.2,3963.8,3938.4,3941.5,281.163
2025-09-07 07:00:00,3941.6,3948.9,3935.6,3945.6,179.139
2025-09-07 11:00:00,3945.7,3956.6,3940.7,3950.4,174.611
2025-09-07 15:00:00,3950.1,3955.7,3922.9,3935.8,415.125
2025-09-07 19:00:00,3935.8,3957.7,3934.2,3949.1,237.821
2025-09-07 23:00:00,3949.4,3953.6,3910.7,3920.8,348.196
2025-09-08 03:00:00,3920.2,3926.9,3894.8,3903.9,414.86
2025-09-08 07:00:00,3903.8,3928.6,3896.7,3921.3,431.398
2025-09-08 11:00:00,3920.9,3933.4,3899.2,3916.5,361.129
2025-09-08 15:00:00,3916.8,3919.6,3886.3,3891.9,535.697
2025-09-08 19:00:00,3892.1,3922.8,3881.0,3914.9,758.664
2025-09-08 23:00:00,3914.7,3922.7,3901.2,3906.2,197.528
2025-09-09 03:00:00,3906.8,3914.5,3896.2,3900.6,491.547
2025-09-09 07:00:00,3900.8,3910.9,3872.3,3882.7,508.877
2025-09-09 11:00:00,3882.7,3889.9,3875.4,3879.0,460.149
2025-09-09 15:00:00,3879.1,3909.0,3866.8,3887.9,897.733
2025-09-09 19:00:00,3887.0,3891.1,3867.2,3881.3,655.933
2025-09-09 23:00:00,3881.2,3888.8,3873.0,3883.7,342.647
2025-09-10 03:00:00,3883.7,3890.6,3855.8,3864.9,570.212
2025-09-10 07:00:00,3865.0,3885.9,3864.5,3882.7,229.237
2025-09-10 11:00:00,3882.8,3895.4,3881.1,3884.6,416.404
2025-09-10 15:00:00,3884.8,3894.1,3856.8,3881.0,637.079
2025-09-10 19:00:00,3880.1,3934.1,3875.3,3925.3,666.262
2025-09-10 23:00:00,3925.1,3930.7,3905.4,3909.5,343.342
2025-09-11 03:00:00,3909.5,3916.0,3882.8,3885.8,424.2
2025-09-11 07:00:00,3885.7,3887.7,3848.1,3860.3,608.738
2025-09-11 11:00:00,3859.9,3871.9,3848.0,3859.2,366.71
2025-09-11 15:00:00,3859.2,3890.7,3828.0,3883.4,962.218
2025-09-11 19:00:00,3882.9,3896.0,3867.1,3875.8,497.481
2025-09-11 23:00:00,3875.3,3883.5,3868.4,3878.5,355.439
2025-09-12 03:00:00,3878.5,3888.4,3833.5,3834.2,587.907
2025-09-12 07:00:00,3834.0,3837.3,3802.7,3812.0,1043.215
2025-09-12 11:00:00,3812.0,3826.2,3809.9,3817.4,330.939
2025-09-12 15:00:00,3816.1,3828.7,3791.7,3810.1,513.047
2025-09-12 19:00:00,3810.9,3816.9,3750.0,3787.2,799.483
2025-09-12 23:00:00,3787.3,3787.3,3728.3,3738.8,621.126
2025-09-13 03:00:00,3738.7,3747.4,3701.0,3705.0,464.971
2025-09-13 07:00:00,3705.0,3721.2,3696.2,3720.7,421.517
2025-09-13 11:00:00,3720.6,3720.7,3675.5,3694.7,543.892
2025-09-13 15:00:00,3694.7,3735.7,3686.6,3730.6,574.386
2025-09-13 19:00:00,3730.6,3764.9,3724.0,3752.3,405.073
2025-09-13 23:00:00,3752.3,3754.3,3732.0,3733.7,139.971
2025-09-14 03:00:00,3733.7,3752.2,3707.7,3734.1,859.181
2025-09-14 07:00:00,3733.6,3751.0,3719.3,3742.2,320.706
2025-09-14 11:00:00,3741.1,3769.2,3735.9,3765.1,411.44
2025-09-14 15:00:00,3765.0,3798.7,3752.5,3787.1,758.971
2025-09-14 19:00:00,3786.7,3793.5,3760.5,3784.1,323.767
2025-09-14 23:00:00,3784.2,3798.8,3773.6,3784.0,331.15
2025-09-15 03:00:00,3784.1,3787.9,3757.7,3758.9,209.026
2025-09-15 07:00:00,3759.1,3822.4,3752.6,3816.7,547.814
2025-09-15 11:00:00,3817.5,3863.8,3817.5,3836.2,1243.795
2025-09-15 15:00:00,3836.3,3859.3,3815.4,3846.6,513.255
2025-09-15 19:00:00,3846.6,3872.7,3840.6,3869.9,303.04
2025-09-15 23:00:00,3870.8,3874.4,3838.4,3850.7,354.773
2025-09-16 03:00:00,3850.8,3909.4,3840.3,3856.5,449.162
2025-09-16 07:00:00,3856.4,3877.7,3853.7,3857.5,308.017
2025-09-16 11:00:00,3857.6,3857.8,3837.5,3842.1,253.027
2025-09-16 15:00:00,3841.3,3899.9,3834.7,3864.9,611.491
2025-09-16 19:00:00,3866.5,3907.7,3826.0,3875.0,571.808
2025-09-16 23:00:00,3876.0,3879.9,3856.8,3874.6,202.865
2025-09-17 03:00:00,3874.5,3878.5,3852.7,3876.4,256.712
2025-09-17 07:00:00,3876.4,4000.0,3866.4,3869.7,1290.778
2025-09-17 11:00:00,3870.5,3890.6,3870.3,3878.3,200.317
2025-09-17 15:00:00,3878.3,3881.1,3856.2,3868.6,188.799
2025-09-17 19:00:00,3868.7,3875.0,3821.0,3822.2,953.77
2025-09-17 23:00:00,3822.0,3844.3,3758.8,3771.2,932.666
2025-09-18 03:00:00,3771.5,3787.9,3750.0,3780.9,930.1
2025-09-18 07:00:00,3781.0,3815.7,3781.0,3791.3,357.257
2025-09-18 11:00:00,3791.1,3795.3,3771.0,3781.2,742.041
2025-09-18 15:00:00,3781.1,3795.5,3772.5,3783.3,379.402
2025-09-18 19:00:00,3783.1,3786.6,3763.1,3783.5,292.936
2025-09-18 23:00:00,3783.3,3786.8,3776.0,3782.0,110.465
2025-09-19 03:00:00,3782.1,3812.0,3768.4,3810.6,305.991
2025-09-19 07:00:00,3810.0,3824.6,3797.7,3812.1,390.712
2025-09-19 11:00:00,3812.2,3835.3,3807.1,3826.5,738.175
2025-09-19 15:00:00,3826.4,3856.5,3805.1,3842.0,537.059
2025-09-19 19:00:00,3841.0,3861.6,3829.2,3841.5,212.623
2025-09-19 23:00:00,3841.7,3854.4,3828.8,3839.7,183.796
2025-09-20 03:00:00,3839.7,3877.6,3830.1,3832.5,485.957
2025-09-20 07:00:00,3832.5,3836.0,3820.9,3826.8,150.039
2025-09-20 11:00:00,3826.9,3849.4,3826.3,3839.8,204.611
2025-09-20 15:00:00,3839.9,3851.2,3809.4,3814.8,217.578
2025-09-20 19:00:00,3814.8,3831.8,3810.0,3827.2,252.856
2025-09-20 23:00:00,3827.4,3828.3,3806.3,3812.0,244.148
2025-09-21 03:00:00,3812.1,3816.2,3783.5,3791.4,450.885
2025-09-21 07:00:00,3791.4,3803.9,3786.9,3802.7,185.163
2025-09-21 11:00:00,3802.0,3829.3,3798.6,3823.7,259.459
2025-09-21 15:00:00,3823.6,3826.0,3807.2,3809.6,255.034
2025-09-21 19:00:00,3809.6,3831.2,3805.7,3808.8,271.245
2025-09-21 23:00:00,3808.8,3830.1,3806.8,3827.4,155.286
2025-09-22 03:00:00,3826.9,3999.0,3824.7,3914.8,1635.952
2025-09-22 07:00:00,3914.8,4185.7,3904.3,3961.7,2036.7
2025-09-22 11:00:00,3961.4,3990.8,3950.6,3975.9,570.721
2025-09-22 15:00:00,3975.7,3979.5,3939.8,3975.8,757.457
2025-09-22 19:00:00,3975.5,4005.1,3959.8,3991.9,616.343
2025-09-22 23:00:00,3993.0,3995.9,3949.5,3954.2,313.456
2025-09-23 03:00:00,3954.1,4006.6,3940.1,3957.4,598.19
2025-09-23 07:00:00,3956.6,3983.1,3949.8,3962.5,247.856
2025-09-23 11:00:00,3962.4,3972.8,3947.5,3962.9,254.022
2025-09-23 15:00:00,3963.0,3968.7,3943.7,3952.9,225.828
2025-09-23 19:00:00,3953.4,3963.1,3928.4,3952.0,373.84
2025-09-23 23:00:00,3952.2,3967.7,3941.7,3967.7,103.814
2025-09-24 03:00:00,3967.2,3995.6,3948.0,3985.7,287.209
2025-09-24 07:00:00,3985.8,4023.0,3965.3,3969.8,657.828
2025-09-24 11:00:00,3969.1,3979.5,3961.6,3976.3,139.595
2025-09-24 15:00:00,3975.7,3991.9,3963.0,3976.6,358.341
2025-09-24 19:00:00,3976.5,3986.8,3970.3,3976.8,171.282
2025-09-24 23:00:00,3977.0,4005.5,3976.2,3995.6,182.929
2025-09-25 03:00:00,3997.0,4060.0,3992.0,4043.8,878.443
2025-09-25 07:00:00,4043.9,4099.0,4039.0,4069.3,1141.217
2025-09-25 11:00:00,4070.0,4094.5,4050.0,4082.2,523.475
2025-09-25 15:00:00,4082.9,4250.0,4048.0,4074.0,1278.18
2025-09-25 19:00:00,4073.1,4140.4,4058.7,4085.3,1101.925
2025-09-25 23:00:00,4085.8,4139.9,4079.6,4124.6,539.325
2025-09-26 03:00:00,4124.3,4125.0,4076.4,4085.6,405.227
2025-09-26 07:00:00,4084.9,4112.1,4076.1,4086.5,310.724
2025-09-26 11:00:00,4086.1,4153.0,4083.5,4124.1,506.278
2025-09-26 15:00:00,4124.2,4251.0,4034.5,4075.7,1086.57
2025-09-26 19:00:00,4076.6,4081.3,4007.0,4009.9,601.81
2025-09-26 23:00:00,4011.1,4028.1,4005.1,4009.0,187.351
2025-09-27 03:00:00,4007.9,4026.7,4001.4,4011.4,555.627
2025-09-27 07:00:00,4011.5,4024.1,4007.0,4018.0,111.187
2025-09-27 11:00:00,4018.1,4043.9,4011.1,4021.9,155.487
2025-09-27 15:00:00,4022.0,4029.0,3997.5,4006.9,207.162
2025-09-27 19:00:00,4006.9,4042.5,4005.5,4023.8,224.483
2025-09-27 23:00:00,4024.4,4024.4,3997.6,4016.5,124.806
2025-09-28 03:00:00,4015.6,4061.7,4012.5,4032.5,312.639
2025-09-28 07:00:00,4032.6,4040.8,4017.7,4027.1,265.101
2025-09-28 11:00:00,4027.1,4055.0,4027.0,4044.9,172.338
2025-09-28 15:00:00,4044.9,4061.8,4021.2,4025.9,354.149
2025-09-28 19:00:00,4027.1,4029.5,4009.3,4014.8,250.231
2025-09-28 23:00:00,4014.3,4021.3,3997.3,3998.4,377.512
2025-09-29 03:00:00,3999.5,4016.0,3991.8,3992.5,248.641
2025-09-29 07:00:00,3992.0,4014.7,3990.9,4001.2,150.866
2025-09-29 11:00:00,4001.8,4032.7,3998.5,4028.0,176.519
2025-09-29 15:00:00,4028.7,4050.4,4005.9,4036.9,745.12
2025-09-29 19:00:00,4036.6,4067.1,4027.8,4031.3,417.342
2025-09-29 23:00:00,4031.1,4032.2,3995.3,4017.8,467.913
2025-09-30 03:00:00,4016.8,4050.7,4012.1,4044.5,383.883
2025-09-30 07:00:00,4044.4,4045.9,4015.2,4036.0,270.847
2025-09-30 11:00:00,4035.5,4051.3,4031.0,4035.1,230.067
2025-09-30 15:00:00,4035.3,4096.6,4035.1,4079.0,437.797
2025-09-30 19:00:00,4079.1,4100.5,4072.5,4073.5,279.126
2025-09-30 23:00:00,4073.7,4089.9,4056.2,4073.8,268.903
2025-10-01 03:00:00,4073.6,4105.0,4064.2,4104.1,242.499
2025-10-01 07:00:00,4104.7,4107.4,4081.3,4084.3,183.461
2025-10-01 11:00:00,4085.0,4092.6,4005.9,4032.0,1081.525
2025-10-01 15:00:00,4032.0,4041.9,4019.2,4034.7,349.886
2025-10-01 19:00:00,4035.0,4054.1,4021.9,4025.1,193.126
2025-10-01 23:00:00,4024.9,4062.0,4021.3,4050.4,237.498
2025-10-02 03:00:00,4050.4,4062.7,4006.0,4025.0,387.382
2025-10-02 07:00:00,4024.8,4033.3,3991.2,4019.9,276.091
2025-10-02 11:00:00,4019.2,4020.1,4003.1,4016.3,276.618
2025-10-02 15:00:00,4015.9,4051.3,3994.6,4020.8,702.348
2025-10-02 19:00:00,4021.1,4022.9,3960.0,3979.7,1078.223
2025-10-02 23:00:00,3979.2,3988.0,3967.5,3971.6,211.777
2025-10-03 03:00:00,3972.0,3988.7,3934.6,3961.1,530.361
2025-10-03 07:00:00,3961.0,3991.3,3948.7,3977.2,262.304
2025-10-03 11:00:00,3976.7,3986.9,3930.6,3980.3,289.315
2025-10-03 15:00:00,3980.1,3998.9,3964.3,3971.9,251.746
2025-10-03 19:00:00,3972.3,4035.5,3971.0,4003.5,991.524
2025-10-03 23:00:00,4002.9,4008.3,3978.1,3988.3,149.837
2025-10-04 03:00:00,3988.1,4025.5,3982.3,4023.7,335.984
2025-10-04 07:00:00,4024.1,4033.3,4011.1,4025.2,157.581
2025-10-04 11:00:00,4025.2,4050.9,4025.1,4038.2,314.454
2025-10-04 15:00:00,4038.2,4127.0,4036.0,4072.4,536.401
2025-10-04 19:00:00,4072.1,4079.5,4053.9,4064.0,185.098
2025-10-04 23:00:00,4064.0,4065.8,4051.5,4058.3,84.983
2025-10-05 03:00:00,4058.3,4075.6,4039.5,4057.5,287.024
2025-10-05 07:00:00,4056.7,4069.5,4019.2,4019.2,354.521
2025-10-05 11:00:00,4019.2,4032.1,4006.4,4025.9,379.582
2025-10-05 15:00:00,4026.7,4042.3,4020.9,4030.3,217.125
2025-10-05 19:00:00,4029.8,4077.8,4028.1,4076.9,314.358
2025-10-05 23:00:00,4076.6,4080.5,4055.2,4077.1,162.635
2025-10-06 03:00:00,4077.2,4090.2,4059.7,4060.8,316.36
2025-10-06 07:00:00,4060.8,4071.7,4025.1,4045.9,314.131
2025-10-06 11:00:00,4044.6,4044.6,4021.2,4033.2,179.702
2025-10-06 15:00:00,4032.9,4036.6,3980.5,3989.5,654.325
2025-10-06 19:00:00,3989.5,4005.2,3973.0,3980.0,604.117
2025-10-06 23:00:00,3980.0,4000.9,3973.1,3990.0,342.936
2025-10-07 03:00:00,3990.7,4004.7,3974.9,3977.8,135.549
2025-10-07 07:00:00,3977.9,3985.0,3945.8,3968.1,554.693
2025-10-07 11:00:00,3968.2,3994.5,3963.4,3964.7,241.173
2025-10-07 15:00:00,3965.2,4033.7,3946.8,4023.9,1091.988
2025-10-07 19:00:00,4023.2,4045.1,4005.3,4040.1,586.095
2025-10-07 23:00:00,4041.1,4056.0,4020.0,4049.6,175.053
2025-10-08 03:00:00,4049.5,4075.0,4035.6,4071.6,356.15
2025-10-08 07:00:00,4071.0,4100.0,4047.0,4047.3,629.476
2025-10-08 11:00:00,4047.6,4077.2,4047.3,4072.6,227.384
2025-10-08 15:00:00,4072.6,4079.8,4040.6,4068.0,359.992
2025-10-08 19:00:00,4067.8,4077.9,4032.0,4037.1,446.571
2025-10-08 23:00:00,4037.6,4043.8,4028.5,4040.9,120.269
2025-10-09 03:00:00,4041.0,4087.6,4035.7,4063.4,221.204
2025-10-09 07:00:00,4063.4,4078.0,4055.2,4075.1,208.82
2025-10-09 11:00:00,4075.1,4147.4,4073.3,4143.0,1092.492
2025-10-09 15:00:00,4143.0,4168.5,4125.2,4152.7,563.757
2025-10-09 19:00:00,4152.8,4170.4,4117.6,4132.9,344.109
2025-10-09 23:00:00,4133.1,4136.5,4108.2,4123.9,155.788
2025-10-10 03:00:00,4123.5,4126.9,4085.4,4095.0,319.652
2025-10-10 07:00:00,4095.1,4129.9,4091.2,4120.2,231.88
2025-10-10 11:00:00,4120.0,4135.3,4107.2,4109.8,228.626
2025-10-10 15:00:00,4110.5,4241.3,4103.6,4219.7,1415.499
2025-10-10 19:00:00,4219.8,4247.0,4178.2,4212.9,1117.697
2025-10-10 23:00:00,4212.7,5380.0,4200.8,4464.5,8866.613
2025-10-11 03:00:00,4465.1,4505.8,4383.3,4438.9,1447.007
2025-10-11 07:00:00,4437.3,4467.5,4387.3,4393.3,927.04
2025-10-11 11:00:00,4393.3,4410.0,4323.6,4382.0,1070.258
2025-10-11 15:00:00,4381.1,4445.7,4357.3,4368.0,652.851
2025-10-11 19:00:00,4368.1,4456.0,4351.6,4438.3,801.983
2025-10-11 23:00:00,4438.1,4519.9,4431.2,4439.6,788.325
2025-10-12 03:00:00,4439.7,4495.9,4424.6,4445.1,668.036
2025-10-12 07:00:00,4445.1,4449.3,4381.0,4387.8,528.603
2025-10-12 11:00:00,4387.4,4403.0,4354.3,4373.5,640.463
2025-10-12 15:00:00,4373.7,4398.7,4188.5,4198.5,2412.301
2025-10-12 19:00:00,4198.4,4210.3,4145.8,4156.9,1355.611
2025-10-12 23:00:00,4157.7,4219.1,4130.3,4174.4,571.052
2025-10-13 03:00:00,4175.0,4212.6,4111.1,4184.2,1019.742
2025-10-13 07:00:00,4184.1,4194.5,4111.0,4132.5,530.24
2025-10-13 11:00:00,4132.6,4208.7,4104.3,4189.2,877.815
2025-10-13 15:00:00,4189.7,4205.6,4145.9,4150.0,968.605
2025-10-13 19:00:00,4149.7,4164.7,4070.4,4107.2,680.89
2025-10-13 23:00:00,4106.9,4107.8,4067.8,4083.4,429.854
2025-10-14 03:00:00,4082.8,4113.5,4058.5,4102.1,513.997
2025-10-14 07:00:00,4102.1,4257.7,4097.1,4238.1,1535.126
2025-10-14 11:00:00,4238.1,4256.6,4197.0,4232.4,889.022
2025-10-14 15:00:00,4231.9,4271.3,4172.8,4178.0,1155.298
2025-10-14 19:00:00,4178.1,4198.6,4110.7,4173.1,1374.237
2025-10-14 23:00:00,4172.3,4180.3,4155.5,4161.0,240.62
2025-10-15 03:00:00,4161.0,4178.8,4139.5,4155.5,384.162
2025-10-15 07:00:00,4156.1,4175.5,4135.3,4146.1,321.426
2025-10-15 11:00:00,4147.0,4164.7,4100.0,4151.6,486.827
2025-10-15 15:00:00,4151.9,4216.8,4144.2,4211.5,731.943
2025-10-15 19:00:00,4211.9,4252.5,4186.1,4248.1,510.379
2025-10-15 23:00:00,4249.4,4272.4,4228.5,4229.5,564.297
2025-10-16 03:00:00,4230.3,4236.0,4202.0,4225.2,346.863
2025-10-16 07:00:00,4225.1,4236.8,4202.8,4202.8,339.142
2025-10-16 11:00:00,4202.6,4248.1,4177.2,4184.5,547.313
2025-10-16 15:00:00,4184.5,4254.0,4173.2,4244.0,508.205
2025-10-16 19:00:00,4244.6,4269.3,4197.7,4260.2,798.516
2025-10-16 23:00:00,4262.1,4284.5,4248.2,4254.0,371.193
2025-10-17 03:00:00,4254.7,4261.2,4224.3,4249.3,208.842
2025-10-17 07:00:00,4249.8,4345.5,4248.5,4339.9,1000.106
2025-10-17 11:00:00,4340.3,4383.8,4287.0,4297.2,1515.215
2025-10-17 15:00:00,4295.8,4347.8,4284.2,4323.3,695.015
2025-10-17 19:00:00,4323.2,4325.5,4286.6,4302.1,342.135
2025-10-17 23:00:00,4302.6,4306.7,4262.7,4294.7,248.947
2025-10-18 03:00:00,4294.8,4297.5,4250.9,4264.1,257.938
2025-10-18 07:00:00,4263.8,4271.3,4196.5,4209.7,526.677
2025-10-18 11:00:00,4209.3,4241.1,4204.4,4231.7,307.408
2025-10-18 15:00:00,4231.8,4265.5,4222.1,4248.5,205.285
2025-10-18 19:00:00,4248.7,4264.2,4218.3,4224.2,191.296
2025-10-18 23:00:00,4224.5,4244.8,4219.4,4238.8,90.488
2025-10-19 03:00:00,4238.9,4263.0,4230.3,4230.3,117.975
2025-10-19 07:00:00,4230.2,4248.0,4218.8,4239.4,197.226
2025-10-19 11:00:00,4240.3,4264.5,4200.8,4219.7,725.545
2025-10-19 15:00:00,4219.7,4225.9,4162.8,4188.0,419.943
2025-10-19 19:00:00,4188.5,4219.3,4176.9,4213.2,368.07
2025-10-19 23:00:00,4211.8,4224.8,4193.7,4215.1,160.822
2025-10-20 03:00:00,4215.9,4244.8,4209.4,4210.0,390.835
2025-10-20 07:00:00,4209.9,4224.0,4197.3,4221.2,284.044
2025-10-20 11:00:00,4220.9,4242.7,4210.9,4236.4,264.003
2025-10-20 15:00:00,4236.4,4264.0,4223.4,4263.7,247.607
2025-10-20 19:00:00,4264.0,4310.5,4241.9,4253.1,431.897
2025-10-20 23:00:00,4253.0,4267.2,4251.0,4256.0,282.684
2025-10-21 03:00:00,4255.9,4281.4,4248.7,4270.5,253.503
2025-10-21 07:00:00,4270.1,4287.9,4250.1,4259.2,440.394
2025-10-21 11:00:00,4259.3,4279.9,4258.0,4270.1,293.473
2025-10-21 15:00:00,4270.5,4290.9,4262.2,4266.7,575.541
2025-10-21 19:00:00,4267.4,4320.8,4260.2,4289.4,495.643
2025-10-21 23:00:00,4289.4,4318.5,4270.0,4290.7,459.675
2025-10-22 03:00:00,4290.7,4311.9,4281.4,4289.0,287.265
2025-10-22 07:00:00,4289.3,4311.2,4276.9,4291.8,245.353
2025-10-22 11:00:00,4292.3,4326.3,4286.2,4288.6,447.618
2025-10-22 15:00:00,4288.7,4346.3,4284.2,4308.4,567.666
2025-10-22 19:00:00,4308.6,4356.1,4306.7,4333.7,355.347
2025-10-22 23:00:00,4334.1,4380.0,4331.1,4331.9,622.785
2025-10-23 03:00:00,4331.2,4343.0,4321.6,4324.5,212.105
2025-10-23 07:00:00,4324.7,4330.4,4291.9,4292.3,307.28
2025-10-23 11:00:00,4292.2,4320.9,4290.2,4320.9,358.876
2025-10-23 15:00:00,4320.9,4343.2,4283.4,4302.9,617.624
2025-10-23 19:00:00,4302.3,4350.8,4282.6,4331.8,335.218
2025-10-23 23:00:00,4331.2,4344.5,4327.1,4327.1,208.979
2025-10-24 03:00:00,4327.2,4338.1,4312.4,4318.2,274.589
2025-10-24 07:00:00,4318.5,4323.8,4253.7,4298.7,585.907
2025-10-24 11:00:00,4298.9,4307.2,4280.2,4293.0,267.984
2025-10-24 15:00:00,4293.1,4311.3,4260.0,4304.7,539.62
2025-10-24 19:00:00,4304.0,4321.4,4279.7,4285.3,237.718
2025-10-24 23:00:00,4285.5,4299.1,4276.3,4294.7,149.998
2025-10-25 03:00:00,4294.6,4302.9,4282.8,4291.3,107.396
2025-10-25 07:00:00,4291.4,4310.8,4286.5,4304.0,162.624
2025-10-25 11:00:00,4303.9,4316.9,4295.8,4300.4,134.913
2025-10-25 15:00:00,4300.5,4304.0,4283.4,4291.3,176.033
2025-10-25 19:00:00,4291.6,4295.6,4265.7,4273.8,201.893
2025-10-25 23:00:00,4273.9,4284.4,4271.3,4283.2,112.693
2025-10-26 03:00:00,4283.7,4294.9,4272.3,4282.4,228.252
2025-10-26 07:00:00,4282.3,4286.1,4270.5,4274.4,73.915
2025-10-26 11:00:00,4274.5,4287.0,4247.3,4255.5,303.766
2025-10-26 15:00:00,4255.1,4267.0,4228.2,4245.7,516.502
2025-10-26 19:00:00,4246.0,4267.7,4246.0,4262.3,239.433
2025-10-26 23:00:00,4262.3,4272.8,4212.2,4230.8,505.548
2025-10-27 03:00:00,4230.8,4232.0,4190.1,4205.7,437.125
2025-10-27 07:00:00,4205.7,4239.0,4179.0,4236.1,526.688
2025-10-27 11:00:00,4235.7,4270.0,4235.0,4242.9,350.923
2025-10-27 15:00:00,4242.8,4270.0,4237.5,4238.2,273.503
2025-10-27 19:00:00,4238.2,4238.4,4204.7,4222.4,257.034
2025-10-27 23:00:00,4222.1,4262.4,4220.2,4248.9,247.658
2025-10-28 03:00:00,4249.1,4262.3,4233.1,4249.1,207.497
2025-10-28 07:00:00,4249.1,4272.0,4230.7,4243.4,193.526
2025-10-28 11:00:00,4243.6,4262.5,4232.0,4256.5,147.893
2025-10-28 15:00:00,4257.1,4292.6,4234.5,4278.4,427.007
2025-10-28 19:00:00,4277.7,4297.0,4251.9,4288.0,230.485
2025-10-28 23:00:00,4288.1,4354.8,4280.0,4322.2,661.473
2025-10-29 03:00:00,4322.5,4333.9,4293.4,4299.7,341.747
2025-10-29 07:00:00,4299.8,4305.0,4281.3,4302.1,460.424
2025-10-29 11:00:00,4303.1,4305.8,4275.0,4277.8,135.168
2025-10-29 15:00:00,4277.8,4290.0,4259.4,4272.4,279.233
2025-10-29 19:00:00,4272.3,4297.9,4180.0,4267.2,1526.358
2025-10-29 23:00:00,4266.2,4278.3,4245.1,4251.4,217.368
2025-10-30 03:00:00,4251.7,4263.6,4226.2,4243.1,353.426
2025-10-30 07:00:00,4243.0,4272.4,4228.4,4266.2,448.583
2025-10-30 11:00:00,4267.2,4273.7,4246.2,4270.0,276.923
2025-10-30 15:00:00,4269.9,4430.0,4260.0,4333.1,970.621
2025-10-30 19:00:00,4332.8,4385.5,4326.4,4381.6,605.15
2025-10-30 23:00:00,4382.8,4394.0,4334.5,4338.6,411.934
2025-10-31 03:00:00,4338.3,4356.8,4334.8,4344.7,217.756
2025-10-31 07:00:00,4344.3,4350.9,4315.7,4334.7,329.777
2025-10-31 11:00:00,4334.6,4355.0,4328.7,4331.3,211.545
2025-10-31 15:00:00,4332.3,4353.4,4321.4,4330.5,296.368
2025-10-31 19:00:00,4331.3,4349.7,4288.0,4292.6,416.293
2025-10-31 23:00:00,4292.7,4321.1,4282.6,4317.2,246.154
2025-11-01 03:00:00,4317.3,4338.5,4314.8,4328.1,103.575
2025-11-01 07:00:00,4328.0,4338.6,4324.0,4327.3,83.167
2025-11-01 11:00:00,4327.3,4333.9,4311.5,4319.2,209.548
2025-11-01 15:00:00,4318.8,4338.1,4311.6,4319.8,177.827
2025-11-01 19:00:00,4320.0,4338.2,4314.4,4323.9,260.72
2025-11-01 23:00:00,4324.0,4328.5,4314.9,4316.4,120.874
2025-11-02 03:00:00,4316.8,4330.7,4316.7,4323.8,244.889
2025-11-02 07:00:00,4323.8,4327.7,4314.1,4318.1,118.456
2025-11-02 11:00:00,4318.0,4357.9,4315.0,4345.2,392.852
2025-11-02 15:00:00,4345.5,4370.5,4340.2,4359.6,229.839
2025-11-02 19:00:00,4359.9,4373.4,4350.8,4365.5,252.923
2025-11-02 23:00:00,4365.6,4366.3,4316.0,4320.1,148.452
2025-11-03 03:00:00,4320.6,4417.3,4316.9,4410.0,451.068
2025-11-03 07:00:00,4409.8,4442.4,4383.8,4420.7,736.547
2025-11-03 11:00:00,4420.8,4456.8,4411.8,4455.2,631.439
2025-11-03 15:00:00,4455.2,4543.9,4431.2,4532.0,1415.582
2025-11-03 19:00:00,4531.5,4556.0,4498.1,4554.1,946.043
2025-11-03 23:00:00,4554.1,4603.6,4549.6,4560.5,580.277
2025-11-04 03:00:00,4560.6,4567.0,4515.3,4526.3,465.217
2025-11-04 07:00:00,4527.0,4644.6,4519.6,4626.2,1238.676
2025-11-04 11:00:00,4626.2,4630.3,4547.9,4562.0,667.492
2025-11-04 15:00:00,4562.6,4592.0,4504.5,4530.6,820.223
2025-11-04 19:00:00,4530.5,4683.0,4519.3,4678.0,1416.721
2025-11-04 23:00:00,4678.3,4829.9,4620.0,4650.2,3027.091
2025-11-05 03:00:00,4649.6,4747.0,4597.4,4609.5,1431.712
2025-11-05 07:00:00,4610.0,4618.5,4586.4,4599.6,614.729
2025-11-05 11:00:00,4601.5,4647.7,4601.5,4613.8,498.923
2025-11-05 15:00:00,4613.8,4633.9,4590.0,4596.0,470.964
2025-11-05 19:00:00,4595.5,4611.7,4553.6,4561.3,382.959
2025-11-05 23:00:00,4560.8,4568.4,4536.7,4567.9,251.977
2025-11-06 03:00:00,4567.2,4589.4,4534.4,4549.6,326.595
2025-11-06 07:00:00,4549.6,4606.7,4542.9,4597.8,239.77
2025-11-06 11:00:00,4598.4,4608.6,4573.7,4596.5,213.018
2025-11-06 15:00:00,4596.4,4669.4,4591.9,4661.8,540.549
2025-11-06 19:00:00,4661.8,4661.9,4596.7,4605.2,689.656
2025-11-06 23:00:00,4604.4,4632.1,4578.1,4602.3,277.711
2025-11-07 03:00:00,4602.6,4626.7,4563.2,4576.9,571.665
2025-11-07 07:00:00,4576.9,4606.0,4555.0,4556.5,422.993
2025-11-07 11:00:00,4556.6,4631.0,4554.1,4610.6,466.954
2025-11-07 15:00:00,4610.6,4653.7,4565.2,4571.5,650.045
2025-11-07 19:00:00,4572.2,4585.5,4443.3,4463.9,919.8
2025-11-07 23:00:00,4464.4,4491.6,4445.9,4485.9,330.884
2025-11-08 03:00:00,4485.7,4486.8,4427.1,4438.9,606.018
2025-11-08 07:00:00,4438.2,4466.0,4408.2,4439.3,437.622
2025-11-08 11:00:00,4438.5,4461.9,4425.2,4459.0,266.527
2025-11-08 15:00:00,4459.0,4512.3,4456.4,4507.5,421.065
2025-11-08 19:00:00,4507.4,4522.4,4478.5,4496.2,295.719
2025-11-08 23:00:00,4496.2,4504.4,4483.6,4488.5,182.513
2025-11-09 03:00:00,4488.5,4531.4,4481.5,4519.6,270.015
2025-11-09 07:00:00,4519.3,4525.8,4462.7,4465.9,185.408
2025-11-09 11:00:00,4465.1,4505.9,4464.5,4479.4,287.957
2025-11-09 15:00:00,4480.2,4493.4,4429.0,4458.9,496.417
2025-11-09 19:00:00,4459.4,4468.3,4433.5,4433.5,197.026
2025-11-09 23:00:00,4433.5,4449.1,4424.6,4435.6,164.623
2025-11-10 03:00:00,4435.0,4452.0,4403.2,4409.8,294.055
2025-11-10 07:00:00,4409.7,4444.7,4395.2,4432.4,247.325
2025-11-10 11:00:00,4433.5,4439.3,4384.6,4403.7,518.613
2025-11-10 15:00:00,4403.9,4442.5,4392.0,4437.7,328.374
2025-11-10 19:00:00,4437.6,4456.7,4423.1,4434.1,412.472
2025-11-10 23:00:00,4434.1,4454.2,4421.6,4438.0,288.762
2025-11-11 03:00:00,4438.8,4445.5,4391.8,4415.3,425.222
2025-11-11 07:00:00,4415.3,4462.0,4412.4,4459.3,270.899
2025-11-11 11:00:00,4459.5,4472.5,4445.2,4457.0,252.813
2025-11-11 15:00:00,4457.1,4467.5,4421.8,4450.5,373.818
2025-11-11 19:00:00,4451.3,4489.0,4440.0,4486.3,209.389
2025-11-11 23:00:00,4486.2,4534.5,4479.2,4531.8,756.611
2025-11-12 03:00:00,4531.7,4537.8,4503.9,4520.0,304.48
2025-11-12 07:00:00,4520.0,4534.5,4500.7,4529.0,271.708
2025-11-12 11:00:00,4529.0,4530.3,4472.8,4483.6,577.781
2025-11-12 15:00:00,4483.0,4504.0,4444.6,4498.6,873.398
2025-11-12 19:00:00,4498.5,4533.1,4480.4,4494.3,506.257
2025-11-12 23:00:00,4495.2,4502.1,4478.2,4482.0,204.511
2025-11-13 03:00:00,4481.7,4492.3,4422.7,4434.9,209.785
2025-11-13 07:00:00,4434.9,4444.3,4396.4,4430.8,568.367
2025-11-13 11:00:00,4431.4,4443.3,4419.2,4424.1,196.821
2025-11-13 15:00:00,4424.3,4479.8,4424.3,4465.2,528.059
2025-11-13 19:00:00,4464.7,4595.1,4448.0,4589.6,805.692
2025-11-13 23:00:00,4587.7,4632.0,4574.5,4587.3,1034.156
2025-11-14 03:00:00,4586.4,4610.8,4563.9,4572.0,352.102
2025-11-14 07:00:00,4572.1,4619.1,4488.0,4497.2,897.479
2025-11-14 11:00:00,4496.9,4558.5,4496.6,4534.7,446.663
2025-11-14 15:00:00,4535.2,4576.0,4473.5,4492.4,984.196
2025-11-14 19:00:00,4492.5,4495.1,4425.4,4434.9,365.346
2025-11-14 23:00:00,4434.9,4513.4,4428.0,4499.8,399.964
2025-11-15 03:00:00,4500.1,4504.5,4462.9,4485.6,265.546
2025-11-15 07:00:00,4485.6,4490.5,4467.3,4480.7,131.443
2025-11-15 11:00:00,4480.7,4513.3,4480.3,4501.0,219.436
2025-11-15 15:00:00,4500.0,4502.2,4469.9,4486.1,148.508
2025-11-15 19:00:00,4485.7,4495.5,4447.9,4465.7,128.469
2025-11-15 23:00:00,4465.7,4489.4,4458.5,4484.7,112.323
2025-11-16 03:00:00,4484.7,4511.4,4452.3,4457.0,172.325
2025-11-16 07:00:00,4457.0,4469.9,4440.7,4442.0,103.24
2025-11-16 11:00:00,4441.4,4492.3,4430.0,4488.1,399.857
2025-11-16 15:00:00,4487.2,4520.9,4479.2,4520.2,381.615
2025-11-16 19:00:00,4519.5,4587.5,4503.7,4508.6,1177.18
2025-11-16 23:00:00,4507.9,4553.2,4493.9,4508.9,492.212
2025-11-17 03:00:00,4509.8,4524.1,4462.8,4471.6,469.145
2025-11-17 07:00:00,4471.4,4473.5,4440.4,4459.8,258.964
2025-11-17 11:00:00,4459.5,4467.9,4438.1,4444.2,408.292
2025-11-17 15:00:00,4444.3,4507.2,4442.4,4486.1,771.179
2025-11-17 19:00:00,4486.1,4561.4,4479.0,4551.2,700.331
2025-11-17 23:00:00,4551.6,4570.6,4510.2,4516.8,806.768
2025-11-18 03:00:00,4514.7,4536.0,4434.2,4441.0,780.823
2025-11-18 07:00:00,4440.8,4452.0,4391.8,4412.5,824.515
2025-11-18 11:00:00,4413.0,4428.6,4401.0,4425.0,509.682
2025-11-18 15:00:00,4425.1,4446.3,4411.0,4430.4,592.476
2025-11-18 19:00:00,4430.2,4431.8,4385.0,4392.8,340.431
2025-11-18 23:00:00,4392.8,4414.9,4378.0,4407.8,170.468
2025-11-19 03:00:00,4407.9,4418.5,4388.7,4417.9,165.284
2025-11-19 07:00:00,4417.8,4444.3,4408.7,4411.7,234.497
2025-11-19 11:00:00,4411.6,4425.9,4395.3,4415.8,338.355
2025-11-19 15:00:00,4415.2,4491.7,4404.0,4480.3,511.905
2025-11-19 19:00:00,4479.6,4559.2,4467.4,4545.0,898.946
2025-11-19 23:00:00,4544.9,4548.5,4479.4,4496.9,581.5
2025-11-20 03:00:00,4497.0,4514.2,4481.4,4490.6,317.801
2025-11-20 07:00:00,4490.2,4506.1,4470.7,4476.8,183.584
2025-11-20 11:00:00,4476.8,4507.8,4475.0,4489.7,322.247
2025-11-20 15:00:00,4489.9,4495.0,4456.6,4473.7,522.725
2025-11-20 19:00:00,4471.5,4527.1,4465.4,4472.5,861.539
2025-11-20 23:00:00,4473.6,4489.8,4451.4,4481.4,295.69
2025-11-21 03:00:00,4481.4,4497.6,4451.1,4477.4,490.186
2025-11-21 07:00:00,4477.5,4562.4,4469.7,4533.2,822.712
2025-11-21 11:00:00,4532.8,4537.3,4481.8,4525.8,813.701
2025-11-21 15:00:00,4525.8,4553.4,4496.3,4520.3,1006.079
2025-11-21 19:00:00,4520.2,4549.6,4492.6,4520.7,505.098
2025-11-21 23:00:00,4520.1,4596.3,4517.2,4551.2,414.81
2025-11-22 03:00:00,4551.9,4557.1,4522.3,4532.2,200.089
2025-11-22 07:00:00,4533.0,4570.3,4525.1,4537.6,239.495
2025-11-22 11:00:00,4537.7,4590.0,4537.4,4553.8,326.042
2025-11-22 15:00:00,4553.8,4586.4,4552.0,4559.4,219.723
2025-11-22 19:00:00,4560.3,4563.7,4546.4,4555.0,149.885
2025-11-22 23:00:00,4557.1,4567.1,4520.0,4536.6,108.414
2025-11-23 03:00:00,4536.7,4551.0,4498.1,4516.9,212.762
2025-11-23 07:00:00,4516.8,4534.4,4494.7,4527.5,169.485
2025-11-23 11:00:00,4527.5,4533.3,4514.2,4528.2,121.188
2025-11-23 15:00:00,4528.4,4532.7,4507.5,4517.2,143.565
2025-11-23 19:00:00,4516.4,4559.7,4515.9,4537.0,133.334
2025-11-23 23:00:00,4535.6,4562.5,4531.5,4553.9,112.452
2025-11-24 03:00:00,4555.1,4574.0,4506.3,4510.7,338.464
2025-11-24 07:00:00,4510.6,4534.7,4490.0,4533.2,410.36
2025-11-24 11:00:00,4533.3,4535.9,4512.7,4532.2,190.729
2025-11-24 15:00:00,4532.4,4539.3,4470.5,4485.4,514.558
2025-11-24 19:00:00,4485.4,4503.3,4398.6,4403.8,712.272
2025-11-24 23:00:00,4405.3,4436.8,4381.0,4417.3,288.534
2025-11-25 03:00:00,4417.2,4428.9,4394.9,4426.9,222.654
2025-11-25 07:00:00,4426.9,4439.4,4416.2,4434.2,197.583
2025-11-25 11:00:00,4434.2,4458.5,4431.9,4452.3,161.087
2025-11-25 15:00:00,4452.0,4457.4,4418.4,4447.0,225.553
2025-11-25 19:00:00,4446.8,4450.0,4404.6,4409.6,210.655
2025-11-25 23:00:00,4409.6,4413.4,4366.0,4375.5,180.756
2025-11-26 03:00:00,4375.6,4406.1,4371.3,4400.5,118.586
2025-11-26 07:00:00,4400.5,4411.3,4391.9,4409.1,90.252
2025-11-26 11:00:00,4408.9,4428.0,4404.0,4422.4,177.171
2025-11-26 15:00:00,4421.9,4433.4,4400.0,4400.4,275.342
2025-11-26 19:00:00,4400.4,4416.7,4389.1,4395.3,196.341
2025-11-26 23:00:00,4396.3,4437.0,4395.9,4432.1,123.039
2025-11-27 03:00:00,4432.2,4477.0,4417.0,4461.0,386.453
2025-11-27 07:00:00,4461.1,4484.0,4451.1,4477.2,150.535
2025-11-27 11:00:00,4477.1,4509.7,4477.1,4498.0,247.821
2025-11-27 15:00:00,4498.3,4520.0,4470.2,4474.4,246.387
2025-11-27 19:00:00,4474.4,4502.7,4469.5,4476.1,153.162
2025-11-27 23:00:00,4476.0,4502.5,4464.2,4498.7,120.721
2025-11-28 03:00:00,4498.7,4519.1,4488.1,4514.5,220.804
2025-11-28 07:00:00,4514.6,4525.0,4504.2,4509.2,154.27
2025-11-28 11:00:00,4509.6,4514.2,4457.2,4504.0,274.314
2025-11-28 15:00:00,4502.9,4515.9,4477.5,4485.8,173.869
2025-11-28 19:00:00,4485.9,4515.9,4484.0,4499.4,130.846
2025-11-28 23:00:00,4499.2,4507.2,4490.1,4500.4,75.402
2025-11-29 03:00:00,4500.3,4505.5,4491.8,4497.9,68.296
2025-11-29 07:00:00,4498.0,4517.6,4488.9,4513.3,114.479
2025-11-29 11:00:00,4513.7,4520.0,4501.0,4505.1,61.284
2025-11-29 15:00:00,4505.3,4524.4,4502.0,4518.9,88.003
2025-11-29 19:00:00,4519.0,4537.4,4507.7,4534.7,137.173
2025-11-29 23:00:00,4534.3,4542.5,4530.3,4541.5,65.73
2025-11-30 03:00:00,4541.5,4546.1,4521.6,4528.4,92.064
2025-11-30 07:00:00,4528.4,4548.3,4526.2,4532.3,66.557
2025-11-30 11:00:00,4532.3,4557.5,4532.1,4542.5,139.151
2025-11-30 15:00:00,4543.5,4547.6,4493.8,4520.9,402.858
2025-11-30 19:00:00,4521.5,4521.7,4502.3,4516.8,187.346
2025-11-30 23:00:00,4516.8,4547.3,4512.7,4546.6,74.679
2025-12-01 03:00:00,4546.2,4607.6,4526.2,4592.8,860.63
2025-12-01 07:00:00,4592.7,4599.9,4579.5,4587.6,202.839
2025-12-01 11:00:00,4588.3,4612.3,4586.1,4586.1,239.937
2025-12-01 15:00:00,4586.0,4625.0,4564.2,4606.9,473.764
2025-12-01 19:00:00,4606.9,4646.9,4606.0,4645.0,265.389
2025-12-01 23:00:00,4644.9,4650.0,4618.5,4623.1,354.961
2025-12-02 03:00:00,4623.2,4655.2,4623.0,4653.3,340.933
2025-12-02 07:00:00,4653.3,4665.9,4640.5,4652.4,435.779
2025-12-02 11:00:00,4652.4,4665.0,4622.8,4629.8,212.329
2025-12-02 15:00:00,4629.8,4642.4,4522.9,4546.2,607.634
2025-12-02 19:00:00,4545.6,4581.5,4518.0,4573.9,451.766
2025-12-02 23:00:00,4573.8,4584.5,4560.8,4568.7,187.361
2025-12-03 03:00:00,4568.8,4598.4,4567.0,4588.2,326.276
2025-12-03 07:00:00,4588.2,4592.9,4544.5,4552.3,303.445
2025-12-03 11:00:00,4552.3,4568.4,4539.6,4553.7,322.871
2025-12-03 15:00:00,4553.8,4556.3,4516.0,4523.0,362.028
2025-12-03 19:00:00,4523.0,4524.3,4496.9,4510.2,221.802
2025-12-03 23:00:00,4510.2,4517.7,4461.5,4464.7,404.692
2025-12-04 03:00:00,4464.0,4466.2,4423.0,4461.7,301.949
2025-12-04 07:00:00,4461.9,4479.9,4451.1,4479.9,258.378
2025-12-04 11:00:00,4479.8,4487.9,4465.4,4474.2,374.698
2025-12-04 15:00:00,4474.3,4488.8,4450.7,4458.3,301.102
2025-12-04 19:00:00,4457.7,4527.2,4451.4,4515.0,537.598
2025-12-04 23:00:00,4514.9,4524.5,4508.1,4508.1,151.947
2025-12-05 03:00:00,4508.1,4511.5,4481.0,4484.0,137.0
2025-12-05 07:00:00,4484.2,4503.5,4476.5,4483.0,140.992
2025-12-05 11:00:00,4483.0,4519.0,4480.3,4507.7,409.628
2025-12-05 15:00:00,4507.6,4513.5,4469.1,4481.5,1099.591
2025-12-05 19:00:00,4481.3,4546.9,4461.7,4525.9,508.953
2025-12-05 23:00:00,4524.8,4533.3,4512.5,4523.3,133.598
2025-12-06 03:00:00,4522.8,4530.9,4514.2,4518.7,198.283
2025-12-06 07:00:00,4518.6,4538.5,4515.9,4538.5,128.814
2025-12-06 11:00:00,4538.4,4541.9,4524.7,4524.8,144.944
2025-12-06 15:00:00,4524.8,4534.5,4515.0,4523.0,143.347
2025-12-06 19:00:00,4523.6,4528.4,4500.2,4524.7,158.585
2025-12-06 23:00:00,4524.6,4524.7,4493.4,4499.2,188.477
2025-12-07 03:00:00,4499.2,4504.5,4485.2,4486.5,122.061
2025-12-07 07:00:00,4486.5,4507.1,4485.3,4506.3,89.214
2025-12-07 11:00:00,4506.3,4513.3,4499.3,4503.8,57.963
2025-12-07 15:00:00,4503.8,4574.6,4497.8,4522.0,607.343
2025-12-07 19:00:00,4522.5,4538.9,4481.8,4490.7,218.092
2025-12-07 23:00:00,4490.5,4547.0,4482.4,4543.4,234.598
2025-12-08 03:00:00,4543.4,4549.1,4509.8,4511.2,184.575
2025-12-08 07:00:00,4510.7,4512.5,4499.3,4502.0,139.199
2025-12-08 11:00:00,4502.0,4507.1,4472.1,4502.8,185.578
2025-12-08 15:00:00,4502.5,4507.6,4441.2,4456.2,325.48
2025-12-08 19:00:00,4456.2,4478.2,4439.3,4461.8,198.865
2025-12-08 23:00:00,4461.7,4489.7,4458.7,4484.1,94.266
2025-12-09 03:00:00,4483.8,4489.2,4474.2,4474.4,86.394
2025-12-09 07:00:00,4474.0,4493.4,4473.4,4491.8,105.062
2025-12-09 11:00:00,4491.9,4500.0,4483.8,4486.2,124.257
2025-12-09 15:00:00,4486.4,4496.5,4442.5,4448.6,425.327
2025-12-09 19:00:00,4447.8,4447.8,4371.0,4405.6,717.439
2025-12-09 23:00:00,4405.7,4431.4,4396.6,4412.0,180.778
2025-12-10 03:00:00,4412.1,4426.9,4402.6,4423.0,101.0
2025-12-10 07:00:00,4423.8,4433.2,4412.1,4426.7,98.019
2025-12-10 11:00:00,4426.4,4440.6,4407.0,4423.3,158.076
2025-12-10 15:00:00,4423.1,4426.9,4402.1,4416.4,142.329
2025-12-10 19:00:00,4416.1,4419.2,4368.8,4393.3,518.79
2025-12-10 23:00:00,4394.8,4435.5,4383.3,4425.1,285.054
2025-12-11 03:00:00,4426.1,4490.0,4421.7,4485.8,442.819
2025-12-11 07:00:00,4485.7,4491.7,4466.3,4484.0,241.611
2025-12-11 11:00:00,4484.0,4495.4,4479.2,4491.9,167.653
2025-12-11 15:00:00,4491.8,4502.8,4466.7,4487.5,354.224
2025-12-11 19:00:00,4488.0,4499.2,4475.0,4497.7,234.539
2025-12-11 23:00:00,4497.8,4532.6,4496.2,4518.5,289.337
2025-12-12 03:00:00,4518.4,4526.6,4489.2,4499.4,265.967
2025-12-12 07:00:00,4500.4,4512.3,4487.5,4496.6,182.868
2025-12-12 11:00:00,4496.6,4512.4,4496.1,4501.2,71.892
2025-12-12 15:00:00,4500.9,4566.5,4487.2,4557.1,654.566
2025-12-12 19:00:00,4558.9,4583.5,4546.8,4569.2,397.304
2025-12-12 23:00:00,4569.2,4572.3,4545.5,4554.5,137.513
2025-12-13 03:00:00,4554.2,4557.4,4541.5,4542.7,94.208
2025-12-13 07:00:00,4542.4,4544.3,4533.0,4537.7,83.91
2025-12-13 11:00:00,4536.6,4537.3,4505.3,4508.3,143.815
2025-12-13 15:00:00,4509.1,4526.5,4494.2,4501.8,224.458
2025-12-13 19:00:00,4502.4,4524.9,4496.7,4517.9,96.279
2025-12-13 23:00:00,4517.9,4532.1,4508.2,4514.5,119.556
2025-12-14 03:00:00,4514.3,4519.9,4503.4,4508.4,61.662
2025-12-14 07:00:00,4508.5,4526.6,4507.5,4517.3,46.254
2025-12-14 11:00:00,4517.3,4527.5,4505.8,4514.5,107.626
2025-12-14 15:00:00,4513.1,4518.4,4500.3,4509.1,189.743
2025-12-14 19:00:00,4508.8,4513.5,4483.6,4490.1,188.493
2025-12-14 23:00:00,4490.9,4514.9,4488.6,4505.0,155.032
2025-12-15 03:00:00,4504.4,4511.0,4481.2,4496.8,132.188
2025-12-15 07:00:00,4496.8,4504.9,4489.3,4501.7,56.244
2025-12-15 11:00:00,4501.5,4503.3,4469.5,4478.9,111.183
2025-12-15 15:00:00,4479.0,4544.7,4478.4,4535.4,456.2
2025-12-15 19:00:00,4535.5,4580.8,4529.3,4570.7,617.505
2025-12-15 23:00:00,4570.0,4580.8,4541.4,4543.4,144.323
2025-12-16 03:00:00,4543.4,4561.2,4532.5,4555.6,239.093
2025-12-16 07:00:00,4554.6,4586.6,4552.6,4577.3,343.01
2025-12-16 11:00:00,4577.4,4584.6,4567.6,4571.4,230.432
2025-12-16 15:00:00,4570.9,4600.0,4554.0,4582.0,509.926
2025-12-16 19:00:00,4581.8,4609.8,4579.1,4594.4,252.062
2025-12-16 23:00:00,4594.1,4605.6,4584.3,4588.0,73.011
2025-12-17 03:00:00,4588.8,4596.5,4574.1,4578.2,117.357
2025-12-17 07:00:00,4578.9,4588.6,4563.1,4572.3,127.051
2025-12-17 11:00:00,4572.4,4599.9,4570.8,4596.9,229.003
2025-12-17 15:00:00,4596.8,4658.1,4596.1,4641.9,945.764
2025-12-17 19:00:00,4641.8,4709.6,4631.6,4695.6,1012.611
2025-12-17 23:00:00,4695.8,4712.5,4677.0,4692.5,183.173
2025-12-18 03:00:00,4693.2,4727.2,4683.8,4726.9,282.213
2025-12-18 07:00:00,4726.6,4752.9,4722.5,4746.6,296.684
2025-12-18 11:00:00,4746.5,4749.9,4721.0,4721.7,235.93
2025-12-18 15:00:00,4721.9,4726.7,4657.1,4663.0,502.074
2025-12-18 19:00:00,4662.8,4737.7,4659.1,4720.3,948.148
2025-12-18 23:00:00,4721.3,4736.0,4704.8,4713.4,172.926
2025-12-19 03:00:00,4713.4,4741.6,4688.7,4690.5,303.287
2025-12-19 07:00:00,4690.6,4697.1,4662.7,4685.4,217.246
2025-12-19 11:00:00,4684.9,4699.0,4677.2,4677.2,268.752
2025-12-19 15:00:00,4677.4,4684.6,4646.7,4661.7,347.554
2025-12-19 19:00:00,4661.3,4661.8,4595.5,4600.9,315.182
2025-12-19 23:00:00,4600.8,4628.0,4593.5,4618.0,138.502
2025-12-20 03:00:00,4618.4,4636.8,4617.1,4623.2,99.072
2025-12-20 07:00:00,4623.0,4640.3,4621.0,4629.7,67.738
2025-12-20 11:00:00,4630.4,4631.6,4604.2,4616.8,97.692
2025-12-20 15:00:00,4616.6,4632.5,4606.8,4623.3,114.001
2025-12-20 19:00:00,4622.8,4632.9,4615.2,4629.4,52.018
2025-12-20 23:00:00,4629.3,4631.6,4619.4,4628.1,72.405
2025-12-21 03:00:00,4628.5,4637.5,4622.6,4628.6,71.026
2025-12-21 07:00:00,4628.6,4635.9,4626.6,4631.3,46.974
2025-12-21 11:00:00,4630.6,4637.8,4620.2,4629.1,118.965
2025-12-21 15:00:00,4629.1,4661.4,4627.0,4647.7,314.198
2025-12-21 19:00:00,4648.0,4652.9,4634.2,4637.3,60.364
2025-12-21 23:00:00,4637.3,4650.3,4625.0,4632.9,62.083
2025-12-22 03:00:00,4633.0,4637.2,4606.5,4628.2,272.175
2025-12-22 07:00:00,4628.1,4636.9,4616.6,4632.8,65.444
2025-12-22 11:00:00,4634.0,4661.9,4630.1,4649.5,137.499
2025-12-22 15:00:00,4650.6,4659.4,4623.5,4625.8,138.471
2025-12-22 19:00:00,4625.2,4642.0,4621.4,4634.1,104.019
2025-12-22 23:00:00,4634.9,4655.5,4627.8,4629.9,83.621
2025-12-23 03:00:00,4630.5,4639.8,4618.1,4634.0,90.448
2025-12-23 07:00:00,4634.0,4642.5,4630.2,4641.5,101.026
2025-12-23 11:00:00,4641.1,4643.0,4626.6,4629.9,66.996
2025-12-23 15:00:00,4631.1,4676.9,4631.1,4669.9,238.373
2025-12-23 19:00:00,4669.9,4689.2,4660.1,4674.6,219.08
2025-12-23 23:00:00,4674.1,4674.8,4640.9,4646.1,78.566
2025-12-24 03:00:00,4645.8,4680.3,4641.1,4666.0,85.907
2025-12-24 07:00:00,4665.9,4685.2,4656.0,4671.4,74.991
2025-12-24 11:00:00,4671.3,4682.9,4668.0,4682.7,67.385
2025-12-24 15:00:00,4682.6,4688.0,4667.0,4669.2,178.869
2025-12-24 19:00:00,4669.3,4690.0,4664.5,4675.6,108.438
2025-12-24 23:00:00,4676.3,4684.8,4669.9,4681.2,58.014
2025-12-25 03:00:00,4681.1,4688.0,4672.1,4683.9,60.629
2025-12-25 07:00:00,4683.9,4688.8,4680.6,4685.7,37.941
2025-12-25 11:00:00,4685.7,4707.3,4679.5,4703.1,151.736
2025-12-25 15:00:00,4703.9,4709.4,4692.6,4695.3,150.716
2025-12-25 19:00:00,4696.6,4703.5,4687.5,4690.8,88.012
2025-12-25 23:00:00,4690.5,4734.0,4683.1,4731.5,253.427
2025-12-26 03:00:00,4731.5,4738.2,4702.8,4729.4,233.839
2025-12-26 07:00:00,4729.8,4735.0,4717.0,4717.6,79.756
2025-12-26 11:00:00,4717.8,4730.0,4705.9,4705.9,61.382
2025-12-26 15:00:00,4706.3,4727.9,4697.5,4705.2,159.148
2025-12-26 19:00:00,4705.1,4712.4,4697.0,4709.6,74.789
2025-12-26 23:00:00,4709.5,4711.8,4695.3,4700.2,62.499
2025-12-27 03:00:00,4700.2,4703.5,4687.4,4687.4,74.709
2025-12-27 07:00:00,4687.3,4695.9,4684.7,4688.8,30.965
2025-12-27 11:00:00,4688.7,4693.7,4677.2,4679.6,65.583
2025-12-27 15:00:00,4679.6,4687.8,4675.1,4683.2,68.205
2025-12-27 19:00:00,4683.2,4690.7,4678.1,4678.2,43.453
2025-12-27 23:00:00,4678.2,4678.2,4646.7,4654.2,169.627
2025-12-28 03:00:00,4654.4,4662.5,4649.8,4654.3,141.042
2025-12-28 07:00:00,4654.3,4657.9,4647.1,4651.6,32.194
2025-12-28 11:00:00,4652.1,4666.3,4648.3,4650.9,47.906
2025-12-28 15:00:00,4651.0,4656.7,4634.0,4637.2,84.297
2025-12-28 19:00:00,4636.7,4659.4,4631.0,4651.9,171.546
2025-12-28 23:00:00,4651.6,4654.6,4640.9,4646.3,60.253
2025-12-29 03:00:00,4646.7,4648.4,4615.0,4640.6,224.304
2025-12-29 07:00:00,4640.7,4662.4,4633.6,4652.6,113.659
2025-12-29 11:00:00,4652.1,4664.3,4621.3,4625.9,187.143
2025-12-29 15:00:00,4625.5,4665.0,4624.8,4659.7,202.598
2025-12-29 19:00:00,4659.6,4673.2,4655.0,4656.4,97.876
2025-12-29 23:00:00,4656.4,4661.4,4645.0,4647.6,63.168
2025-12-30 03:00:00,4647.5,4660.7,4634.4,4635.9,86.71
2025-12-30 07:00:00,4635.6,4645.5,4632.0,4641.5,129.653
2025-12-30 11:00:00,4642.2,4647.0,4617.0,4638.8,173.697
2025-12-30 15:00:00,4638.8,4673.0,4636.0,4673.0,94.633
2025-12-30 19:00:00,4672.7,4688.9,4655.1,4655.1,134.387
2025-12-30 23:00:00,4655.2,4671.2,4652.3,4664.0,67.394
2025-12-31 03:00:00,4664.0,4673.2,4658.2,4670.4,42.311
2025-12-31 07:00:00,4670.4,4671.9,4660.2,4663.7,51.629
2025-12-31 11:00:00,4663.2,4674.0,4658.5,4658.8,139.975
2025-12-31 15:00:00,4659.0,4669.3,4645.4,4645.4,150.376
2025-12-31 19:00:00,4645.5,4666.9,4639.0,4656.9,106.895
2025-12-31 23:00:00,4657.0,4666.4,4651.9,4652.9,29.637
2026-01-01 03:00:00,4653.4,4655.4,4647.7,4654.6,38.942
2026-01-01 07:00:00,4654.4,4656.6,4641.0,4648.2,49.369
2026-01-01 11:00:00,4648.2,4653.3,4640.0,4647.9,80.932
2026-01-01 15:00:00,4647.8,4654.8,4635.6,4639.0,64.118
2026-01-01 19:00:00,4638.9,4648.4,4634.5,4635.9,63.959
2026-01-01 23:00:00,4636.5,4647.4,4631.1,4644.1,66.124
2026-01-02 03:00:00,4644.1,4648.0,4621.9,4625.1,87.827
2026-01-02 07:00:00,4625.7,4637.4,4618.4,4635.5,118.69
2026-01-02 11:00:00,4635.4,4637.5,4607.9,4630.1,221.041
2026-01-02 15:00:00,4630.2,4630.2,4576.6,4576.6,376.884
2026-01-02 19:00:00,4576.6,4579.5,4528.1,4528.1,403.977
2026-01-02 23:00:00,4528.1,4532.5,4507.0,4515.9,157.247
2026-01-03 03:00:00,4516.0,4519.6,4496.2,4509.5,139.814
2026-01-03 07:00:00,4510.1,4543.8,4503.2,4535.4,124.712
2026-01-03 11:00:00,4536.2,4539.5,4525.3,4533.1,87.083
2026-01-03 15:00:00,4533.6,4540.3,4529.5,4534.4,69.754
2026-01-03 19:00:00,4534.1,4536.2,4522.5,4526.8,43.421
2026-01-03 23:00:00,4526.8,4539.6,4525.0,4530.1,39.355
2026-01-04 03:00:00,4530.1,4543.7,4517.8,4519.1,79.903
2026-01-04 07:00:00,4519.5,4533.8,4516.7,4533.8,64.886
2026-01-04 11:00:00,4533.8,4540.8,4509.8,4511.0,83.298
2026-01-04 15:00:00,4510.4,4519.3,4497.6,4514.9,123.976
2026-01-04 19:00:00,4513.5,4517.2,4497.7,4511.7,130.013
2026-01-04 23:00:00,4511.4,4514.4,4494.3,4514.4,168.609
2026-01-05 03:00:00,4514.0,4528.5,4503.6,4524.1,188.891
2026-01-05 07:00:00,4523.5,4549.5,4523.1,4532.5,148.696
2026-01-05 11:00:00,4532.3,4553.8,4525.7,4543.2,104.975
2026-01-05 15:00:00,4543.4,4575.5,4542.2,4559.5,224.176
2026-01-05 19:00:00,4559.5,4570.6,4511.7,4513.0,159.755
2026-01-05 23:00:00,4513.8,4513.8,4460.0,4467.7,279.285
2026-01-06 03:00:00,4467.7,4485.4,4452.3,4453.5,135.287
2026-01-06 07:00:00,4453.5,4464.3,4437.8,4456.5,241.887
2026-01-06 11:00:00,4456.4,4458.1,4443.1,4447.8,92.109
2026-01-06 15:00:00,4447.1,4449.8,4395.6,4411.1,373.842
2026-01-06 19:00:00,4411.6,4455.0,4408.1,4441.9,236.358
2026-01-06 23:00:00,4441.9,4442.9,4406.8,4415.4,111.995
2026-01-07 03:00:00,4414.5,4434.1,4406.5,4419.9,136.419
2026-01-07 07:00:00,4419.9,4431.1,4409.1,4413.1,82.552
2026-01-07 11:00:00,4413.2,4426.8,4400.2,4418.7,224.089
2026-01-07 15:00:00,4418.8,4466.7,4418.8,4457.8,297.002
2026-01-07 19:00:00,4458.0,4473.7,4450.4,4465.3,143.603
2026-01-07 23:00:00,4465.9,4477.9,4451.1,4464.7,114.013
2026-01-08 03:00:00,4465.4,4469.9,4443.8,4466.6,118.949
2026-01-08 07:00:00,4466.3,4493.8,4456.1,4485.0,183.949
2026-01-08 11:00:00,4485.0,4505.7,4479.7,4496.6,166.93
2026-01-08 15:00:00,4496.6,4527.7,4496.6,4507.6,214.364
2026-01-08 19:00:00,4506.7,4512.0,4490.8,4508.3,95.896
2026-01-08 23:00:00,4507.6,4518.6,4500.1,4517.7,52.353
2026-01-09 03:00:00,4517.6,4530.0,4497.2,4501.2,182.962
2026-01-09 07:00:00,4500.7,4501.7,4486.5,4496.2,46.265
2026-01-09 11:00:00,4497.0,4514.6,4494.8,4510.7,74.75
2026-01-09 15:00:00,4510.7,4524.1,4503.4,4512.8,132.682
2026-01-09 19:00:00,4512.8,4542.2,4500.0,4523.3,182.992
2026-01-09 23:00:00,4523.4,4528.7,4515.6,4522.2,153.907
2026-01-10 03:00:00,4522.1,4533.1,4520.2,4521.8,75.309
2026-01-10 07:00:00,4522.1,4530.0,4511.9,4518.2,46.497
2026-01-10 11:00:00,4518.3,4525.6,4517.3,4517.5,45.293
2026-01-10 15:00:00,4517.5,4521.3,4512.0,4518.3,62.42
2026-01-10 19:00:00,4518.3,4521.3,4507.1,4510.1,95.602
2026-01-10 23:00:00,4509.8,4529.4,4509.7,4518.2,54.729
2026-01-11 03:00:00,4518.2,4523.8,4512.6,4517.5,59.786
2026-01-11 07:00:00,4517.6,4522.3,4512.7,4514.6,29.841
2026-01-11 11:00:00,4514.6,4518.4,4504.2,4506.2,48.646
2026-01-11 15:00:00,4506.1,4511.8,4493.3,4508.1,63.2
2026-01-11 19:00:00,4508.2,4511.1,4485.0,4491.9,117.2
2026-01-11 23:00:00,4491.9,4527.4,4491.8,4515.7,72.797
2026-01-12 03:00:00,4515.4,4542.8,4512.9,4519.2,141.443
2026-01-12 07:00:00,4518.7,4541.4,4515.0,4535.1,119.147
2026-01-12 11:00:00,4535.1,4537.8,4522.3,4524.1,193.328
2026-01-12 15:00:00,4524.1,4548.7,4523.2,4531.3,100.267
2026-01-12 19:00:00,4531.3,4566.0,4528.7,4557.9,129.747
2026-01-12 23:00:00,4557.8,4570.0,4554.4,4566.7,61.513
2026-01-13 03:00:00,4566.8,4569.5,4553.6,4559.9,83.524
2026-01-13 07:00:00,4560.5,4569.0,4548.1,4568.6,73.527
2026-01-13 11:00:00,4568.3,4572.9,4559.1,4560.0,115.095
2026-01-13 15:00:00,4560.4,4569.0,4539.0,4560.8,187.952
2026-01-13 19:00:00,4560.5,4561.0,4532.9,4537.3,104.381
2026-01-13 23:00:00,4536.6,4560.9,4483.9,4500.0,384.323
2026-01-14 03:00:00,4500.0,4501.2,4470.0,4481.4,187.278
2026-01-14 07:00:00,4481.5,4495.0,4470.0,4493.5,114.11
2026-01-14 11:00:00,4493.5,4539.3,4485.8,4538.1,111.224
2026-01-14 15:00:00,4538.1,4553.0,4523.7,4546.6,127.108
2026-01-14 19:00:00,4547.5,4576.0,4527.9,4568.1,299.151
2026-01-14 23:00:00,4568.0,4583.1,4561.5,4563.0,117.872
2026-01-15 03:00:00,4563.1,4612.8,4562.2,4610.0,221.484
2026-01-15 07:00:00,4609.9,4618.1,4590.6,4594.8,184.879
2026-01-15 11:00:00,4594.8,4595.4,4562.2,4572.5,88.474
2026-01-15 15:00:00,4572.4,4615.6,4551.7,4614.3,201.857
2026-01-15 19:00:00,4614.7,4641.6,4605.3,4609.6,345.618
2026-01-15 23:00:00,4609.8,4614.0,4587.8,4589.7,73.678
2026-01-16 03:00:00,4590.2,4605.1,4587.1,4600.1,67.229
2026-01-16 07:00:00,4600.1,4612.2,4587.7,4593.3,129.51
2026-01-16 11:00:00,4592.4,4597.3,4584.5,4589.9,56.812
2026-01-16 15:00:00,4588.7,4612.8,4584.4,4611.8,122.531
2026-01-16 19:00:00,4610.9,4615.0,4591.5,4592.3,62.368
2026-01-16 23:00:00,4591.8,4597.4,4580.9,4588.0,48.332
2026-01-17 03:00:00,4587.9,4596.8,4587.0,4591.3,49.68
2026-01-17 07:00:00,4591.2,4594.4,4576.0,4579.0,42.941
2026-01-17 11:00:00,4579.0,4581.3,4571.7,4578.8,52.683
2026-01-17 15:00:00,4579.2,4582.6,4546.1,4550.5,97.026
2026-01-17 19:00:00,4550.5,4560.8,4545.0,4546.7,35.503
2026-01-17 23:00:00,4546.6,4562.7,4545.0,4555.4,33.712
2026-01-18 03:00:00,4556.0,4568.4,4551.3,4557.9,57.629
2026-01-18 07:00:00,4557.9,4567.8,4556.1,4567.4,23.301
2026-01-18 11:00:00,4566.5,4570.0,4557.7,4561.1,37.493
2026-01-18 15:00:00,4561.2,4567.6,4551.0,4556.3,147.589
2026-01-18 19:00:00,4556.4,4563.6,4535.6,4556.7,198.267
2026-01-18 23:00:00,4556.2,4586.9,4547.4,4582.8,102.627
2026-01-19 03:00:00,4582.9,4680.0,4582.8,4626.9,1185.466
2026-01-19 07:00:00,4627.1,4644.9,4622.1,4641.1,98.843
2026-01-19 11:00:00,4640.6,4644.9,4627.5,4638.0,74.321
2026-01-19 15:00:00,4637.5,4641.9,4630.0,4640.7,42.425
2026-01-19 19:00:00,4640.8,4643.0,4610.1,4617.4,60.383
2026-01-19 23:00:00,4617.2,4641.3,4617.2,4633.2,49.575
2026-01-20 03:00:00,4633.1,4641.0,4626.1,4629.1,56.412
2026-01-20 07:00:00,4629.1,4641.5,4607.0,4641.5,99.894
2026-01-20 11:00:00,4641.4,4679.4,4640.0,4678.4,186.475
2026-01-20 15:00:00,4678.4,4724.0,4670.0,4718.0,464.9
2026-01-20 19:00:00,4718.0,4734.5,4712.3,4718.8,185.919
2026-01-20 23:00:00,4718.9,4743.5,4688.5,4712.3,168.88
2026-01-21 03:00:00,4712.2,4728.0,4698.2,4711.1,79.848
2026-01-21 07:00:00,4711.1,4723.5,4709.3,4713.7,145.789
2026-01-21 11:00:00,4713.6,4733.0,4713.6,4731.3,126.113
2026-01-21 15:00:00,4731.3,4749.0,4691.3,4696.0,204.598
2026-01-21 19:00:00,4695.9,4746.9,4645.0,4651.4,300.863
2026-01-21 23:00:00,4652.5,4692.7,4647.6,4683.5,95.304
2026-01-22 03:00:00,4683.5,4684.7,4663.7,4675.5,94.78
2026-01-22 07:00:00,4676.0,4689.1,4670.0,4686.8,34.141
2026-01-22 11:00:00,4686.9,4707.1,4669.6,4701.2,101.18
2026-01-22 15:00:00,4701.9,4737.7,4697.8,4714.7,147.052
2026-01-22 19:00:00,4714.5,4728.6,4699.5,4723.9,91.302
2026-01-22 23:00:00,4723.8,4735.3,4704.3,4721.0,40.458
2026-01-23 03:00:00,4721.0,4732.0,4718.9,4724.7,41.182
2026-01-23 07:00:00,4724.6,4737.8,4705.7,4725.9,80.623
2026-01-23 11:00:00,4724.9,4740.0,4716.8,4719.1,123.119
2026-01-23 15:00:00,4719.1,4760.3,4718.5,4729.9,260.917
2026-01-23 19:00:00,4731.1,4735.4,4719.4,4734.4,111.108
2026-01-23 23:00:00,4735.3,4744.0,4721.6,4727.7,39.116
2026-01-24 03:00:00,4727.7,4734.8,4720.0,4728.4,89.104
2026-01-24 07:00:00,4728.4,4732.9,4723.9,4731.8,34.588
2026-01-24 11:00:00,4732.2,4734.9,4720.8,4724.5,117.421
2026-01-24 15:00:00,4724.4,4725.6,4711.0,4719.0,56.45
2026-01-24 19:00:00,4719.7,4724.0,4713.2,4724.0,47.581
2026-01-24 23:00:00,4723.9,4728.9,4711.0,4719.3,77.454
2026-01-25 03:00:00,4719.3,4732.4,4716.4,4731.8,50.507
2026-01-25 07:00:00,4731.8,4732.5,4719.0,4719.5,64.145
2026-01-25 11:00:00,4719.4,4719.5,4698.7,4709.3,121.918
2026-01-25 15:00:00,4709.4,4744.8,4707.0,4731.0,97.335
2026-01-25 19:00:00,4731.0,4819.2,4731.0,4807.2,639.19
2026-01-25 23:00:00,4806.3,4820.0,4782.9,4789.7,129.135
2026-01-26 03:00:00,4789.9,4795.7,4733.8,4763.3,309.596
2026-01-26 07:00:00,4763.2,4770.0,4739.5,4743.0,63.465
2026-01-26 11:00:00,4743.0,4750.3,4728.5,4743.1,138.332
2026-01-26 15:00:00,4743.0,4743.1,4696.7,4703.9,130.533
2026-01-26 19:00:00,4704.0,4715.5,4686.7,4708.6,83.674
2026-01-26 23:00:00,4709.2,4722.6,4700.2,4716.1,219.447
2026-01-27 03:00:00,4716.1,4730.4,4711.3,4727.2,150.745
2026-01-27 07:00:00,4727.4,4729.0,4708.7,4717.6,72.187
2026-01-27 11:00:00,4718.0,4725.5,4714.5,4718.9,143.8
2026-01-27 15:00:00,4718.9,4731.0,4691.9,4693.7,178.872
2026-01-27 19:00:00,4693.7,4693.8,4652.6,4662.5,206.259
2026-01-27 23:00:00,4662.6,4670.1,4650.0,4658.9,90.516
2026-01-28 03:00:00,4658.8,4683.4,4652.3,4676.0,75.359
2026-01-28 07:00:00,4676.0,4677.0,4660.6,4665.6,37.242
2026-01-28 11:00:00,4665.6,4673.7,4651.0,4665.9,69.202
2026-01-28 15:00:00,4665.3,4704.0,4665.3,4694.6,84.776
2026-01-28 19:00:00,4695.4,4715.3,4675.9,4676.4,38.945
2026-01-28 23:00:00,4677.7,4681.7,4663.4,4680.5,56.156
2026-01-29 03:00:00,4679.8,4699.0,4674.6,4696.9,84.692
2026-01-29 07:00:00,4697.0,4707.0,4690.5,4693.5,49.504
2026-01-29 11:00:00,4693.6,4716.0,4688.1,4713.3,86.268
2026-01-29 15:00:00,4713.9,4767.6,4711.5,4726.0,300.952
2026-01-29 19:00:00,4726.0,4735.0,4671.8,4709.3,234.089
2026-01-29 23:00:00,4708.7,4714.8,4689.4,4696.9,77.844
2026-01-30 03:00:00,4696.1,4725.0,4660.0,4724.1,340.287
2026-01-30 07:00:00,4723.6,4753.3,4704.2,4720.7,133.324
2026-01-30 11:00:00,4720.6,4738.6,4709.6,4714.7,80.575
2026-01-30 15:00:00,4715.4,4751.6,4709.0,4723.1,148.168
2026-01-30 19:00:00,4722.5,4795.8,4720.2,4767.2,426.835
2026-01-30 23:00:00,4767.2,4838.0,4766.6,4817.1,476.991
2026-01-31 03:00:00,4817.1,4823.5,4802.2,4815.1,159.696
2026-01-31 07:00:00,4815.3,4846.0,4810.7,4836.3,101.855
2026-01-31 11:00:00,4836.3,4888.7,4832.4,4862.4,577.612
2026-01-31 15:00:00,4862.4,4980.0,4862.4,4969.6,1198.238
2026-01-31 19:00:00,4969.7,5138.0,4957.1,5002.5,2821.178
2026-01-31 23:00:00,5002.5,5022.2,4919.7,4924.3,502.542
2026-02-01 03:00:00,4924.8,4940.0,4897.4,4926.9,200.972
2026-02-01 07:00:00,4926.8,4950.0,4910.0,4928.6,147.834
2026-02-01 11:00:00,4928.5,4991.6,4927.3,4963.0,194.733
2026-02-01 15:00:00,4963.0,5075.0,4956.2,5062.2,653.76
2026-02-01 19:00:00,5061.4,5084.0,5002.2,5018.9,364.251
2026-02-01 23:00:00,5018.8,5095.0,5000.0,5070.1,425.777
2026-02-02 03:00:00,5070.1,5150.5,5025.6,5076.1,803.151
2026-02-02 07:00:00,5076.0,5155.8,5033.1,5105.0,603.451
2026-02-02 11:00:00,5105.1,5105.1,5035.2,5075.8,283.543
2026-02-02 15:00:00,5075.8,5075.8,4987.3,5003.1,385.916
2026-02-02 19:00:00,5003.4,5040.0,4995.7,5033.7,281.859
2026-02-02 23:00:00,5033.9,5056.7,5022.5,5042.9,173.345
2026-02-03 03:00:00,5042.9,5092.2,5040.1,5055.7,289.598
2026-02-03 07:00:00,5055.7,5071.6,5037.0,5061.5,139.541
2026-02-03 11:00:00,5061.4,5110.0,5056.9,5095.6,290.713
2026-02-03 15:00:00,5095.3,5104.3,5045.7,5051.8,244.71
2026-02-03 19:00:00,5051.8,5112.1,4997.0,5008.6,497.166
2026-02-03 23:00:00,5008.6,5063.7,4902.3,5044.3,725.703
2026-02-04 03:00:00,5044.3,5055.0,5011.1,5016.7,120.383
2026-02-04 07:00:00,5016.1,5046.6,5000.1,5010.2,95.468
2026-02-04 11:00:00,5010.3,5071.7,5003.7,5038.8,187.387
2026-02-04 15:00:00,5040.0,5120.1,5038.6,5099.1,359.271
2026-02-04 19:00:00,5099.0,5155.8,5035.5,5038.1,788.562
2026-02-04 23:00:00,5038.4,5113.0,5034.2,5095.1,229.451
2026-02-05 03:00:00,5094.1,5105.5,5041.9,5055.2,266.674
2026-02-05 07:00:00,5053.2,5088.1,5012.7,5058.8,334.768
2026-02-05 11:00:00,5058.8,5138.7,5042.3,5104.7,684.303
2026-02-05 15:00:00,5103.5,5184.3,5069.8,5154.7,783.817
2026-02-05 19:00:00,5154.7,5187.8,5112.1,5137.1,562.038
2026-02-05 23:00:00,5136.5,5219.3,5105.1,5150.4,1302.932
2026-02-06 03:00:00,5149.7,5275.0,5088.1,5136.3,1993.76
2026-02-06 07:00:00,5136.2,5157.9,5095.6,5128.8,560.442
2026-02-06 11:00:00,5128.8,5179.6,5088.2,5135.5,411.195
2026-02-06 15:00:00,5136.6,5142.2,5077.7,5096.3,308.573
2026-02-06 19:00:00,5096.8,5152.9,5063.1,5146.6,334.842
2026-02-06 23:00:00,5146.5,5160.0,5113.4,5127.2,144.129
2026-02-07 03:00:00,5127.1,5149.8,5108.4,5125.6,139.537
2026-02-07 07:00:00,5126.2,5137.8,5055.5,5066.4,283.479
2026-02-07 11:00:00,5067.7,5106.3,5065.5,5088.7,154.106
2026-02-07 15:00:00,5088.7,5130.7,5087.6,5101.1,99.277
2026-02-07 19:00:00,5101.6,5117.4,5016.9,5038.2,1045.291
2026-02-07 23:00:00,5038.5,5049.9,5024.4,5045.7,83.324
2026-02-08 03:00:00,5045.6,5063.3,5032.0,5062.2,62.038
2026-02-08 07:00:00,5061.6,5099.2,5059.3,5094.8,69.055
2026-02-08 11:00:00,5094.9,5131.8,5078.1,5106.7,104.485
2026-02-08 15:00:00,5106.6,5160.8,5095.1,5156.2,102.132
2026-02-08 19:00:00,5156.6,5188.4,5138.2,5139.5,118.356
2026-02-08 23:00:00,5139.5,5169.8,5135.5,5138.5,91.322
2026-02-09 03:00:00,5138.6,5178.7,5138.6,5172.0,118.799
2026-02-09 07:00:00,5171.1,5200.0,5161.0,5198.2,189.031
2026-02-09 11:00:00,5198.2,5215.0,5173.5,5186.1,258.808
2026-02-09 15:00:00,5186.9,5187.0,5124.1,5127.6,157.946
2026-02-09 19:00:00,5128.3,5141.5,5085.5,5114.5,162.097
2026-02-09 23:00:00,5113.7,5120.0,5091.0,5111.5,76.176
2026-02-10 03:00:00,5111.5,5134.6,5097.7,5131.1,92.618
2026-02-10 07:00:00,5131.1,5183.2,5113.5,5170.9,124.651
2026-02-10 11:00:00,5170.8,5182.4,5155.3,5165.4,101.317
2026-02-10 15:00:00,5166.0,5205.0,5151.1,5203.5,133.769
2026-02-10 19:00:00,5203.5,5220.0,5194.0,5212.1,156.747
2026-02-10 23:00:00,5211.1,5217.6,5179.3,5181.9,69.418
2026-02-11 03:00:00,5182.0,5198.6,5148.6,5149.4,71.435
2026-02-11 07:00:00,5149.4,5207.6,5149.4,5203.1,123.659
2026-02-11 11:00:00,5203.2,5225.0,5196.3,5208.3,115.787
2026-02-11 15:00:00,5208.3,5224.7,5177.6,5215.6,240.086
2026-02-11 19:00:00,5215.7,5229.6,5184.0,5221.9,159.43
2026-02-11 23:00:00,5221.8,5228.8,5195.5,5207.0,76.379
2026-02-12 03:00:00,5207.9,5209.5,5182.3,5186.3,72.257
2026-02-12 07:00:00,5185.9,5186.9,5130.2,5144.6,95.924
2026-02-12 11:00:00,5146.9,5165.6,5133.4,5164.7,115.697
2026-02-12 15:00:00,5163.5,5189.5,5157.0,5186.5,94.216
2026-02-12 19:00:00,5187.0,5205.0,5112.1,5136.5,143.879
2026-02-12 23:00:00,5136.2,5150.8,5120.2,5121.7,56.49
2026-02-13 03:00:00,5121.8,5159.2,5118.2,5148.1,138.014
2026-02-13 07:00:00,5148.2,5181.8,5141.2,5159.9,60.512
2026-02-13 11:00:00,5159.8,5178.8,5140.0,5177.6,68.026
2026-02-13 15:00:00,5177.5,5187.2,5138.3,5142.5,171.082
2026-02-13 19:00:00,5143.8,5148.4,5105.4,5105.5,124.928
2026-02-13 23:00:00,5105.5,5119.6,5092.0,5109.6,106.077
2026-02-14 03:00:00,5109.6,5112.9,5084.1,5093.2,106.503
2026-02-14 07:00:00,5093.5,5106.6,5085.4,5102.1,104.208
2026-02-14 11:00:00,5102.2,5108.2,5070.0,5086.4,142.843
2026-02-14 15:00:00,5086.5,5091.2,5031.6,5041.0,182.106
2026-02-14 19:00:00,5041.0,5049.4,5009.6,5011.9,172.622
2026-02-14 23:00:00,5011.8,5032.4,5000.7,5002.8,148.491
2026-02-15 03:00:00,5003.3,5037.0,4988.8,5024.0,163.769
2026-02-15 07:00:00,5024.0,5027.9,4975.3,4978.5,205.842
2026-02-15 11:00:00,4978.8,5045.2,4974.0,5039.5,206.811
2026-02-15 15:00:00,5039.6,5087.0,5036.9,5061.3,430.142
2026-02-15 19:00:00,5061.2,5169.6,5061.2,5154.1,632.086
2026-02-15 23:00:00,5154.0,5168.4,5133.5,5138.2,152.443
2026-02-16 03:00:00,5137.4,5140.9,5122.3,5137.1,97.373
2026-02-16 07:00:00,5137.1,5152.5,5123.4,5132.8,70.568
2026-02-16 11:00:00,5132.8,5139.9,5100.0,5122.4,107.388
2026-02-16 15:00:00,5122.5,5134.2,5089.4,5090.4,177.206
2026-02-16 19:00:00,5090.4,5091.8,5056.7,5067.5,101.753
2026-02-16 23:00:00,5067.5,5081.4,5062.1,5074.5,43.26
2026-02-17 03:00:00,5074.5,5082.4,5060.1,5064.1,42.779
2026-02-17 07:00:00,5064.1,5081.7,5055.9,5071.0,38.439
2026-02-17 11:00:00,5071.0,5093.9,5064.6,5084.0,49.389
2026-02-17 15:00:00,5084.1,5095.6,5043.1,5053.6,104.175
2026-02-17 19:00:00,5053.6,5054.3,5010.5,5024.1,99.576
2026-02-17 23:00:00,5023.9,5028.2,5006.8,5017.8,42.478
2026-02-18 03:00:00,5017.8,5027.5,5005.9,5013.3,47.727
2026-02-18 07:00:00,5013.2,5031.1,5008.1,5021.2,34.945
2026-02-18 11:00:00,5021.2,5045.3,5005.1,5045.1,76.532
2026-02-18 15:00:00,5044.6,5061.5,5031.4,5045.7,90.471
2026-02-18 19:00:00,5044.9,5066.8,5029.1,5064.0,86.941
2026-02-18 23:00:00,5063.9,5076.1,5060.0,5060.4,55.307
2026-02-19 03:00:00,5060.4,5072.7,5052.4,5068.3,72.633
2026-02-19 07:00:00,5068.3,5080.1,5056.6,5066.6,66.259
2026-02-19 11:00:00,5066.5,5097.4,5064.6,5085.3,95.943
2026-02-19 15:00:00,5085.2,5128.2,5080.4,5125.0,158.042
2026-02-19 19:00:00,5125.0,5135.0,5113.4,5124.5,85.646
2026-02-19 23:00:00,5124.5,5131.1,5098.8,5103.6,54.133
2026-02-20 03:00:00,5103.6,5122.1,5099.4,5122.0,39.584
2026-02-20 07:00:00,5122.0,5144.9,5121.0,5134.6,70.512
2026-02-20 11:00:00,5134.7,5148.4,5128.4,5129.2,91.869
2026-02-20 15:00:00,5129.2,5146.2,5082.2,5086.2,174.626
2026-02-20 19:00:00,5085.8,5106.0,5067.3,5080.1,139.0
2026-02-20 23:00:00,5080.1,5104.0,5071.9,5097.2,101.896
2026-02-21 03:00:00,5097.9,5103.7,5087.8,5090.7,43.388
2026-02-21 07:00:00,5090.8,5097.1,5086.8,5093.5,42.865
2026-02-21 11:00:00,5093.5,5101.0,5072.9,5075.1,39.173
2026-02-21 15:00:00,5075.1,5091.7,5064.5,5091.7,82.774
2026-02-21 19:00:00,5091.0,5095.8,5082.0,5095.3,69.12
2026-02-21 23:00:00,5095.7,5104.9,5079.3,5092.0,48.023
2026-02-22 03:00:00,5091.7,5113.6,5089.1,5109.4,78.211
2026-02-22 07:00:00,5109.4,5116.5,5098.6,5105.4,55.16
2026-02-22 11:00:00,5105.4,5116.6,5103.3,5112.5,36.973
2026-02-22 15:00:00,5113.5,5149.4,5113.1,5144.4,94.785
2026-02-22 19:00:00,5144.4,5161.8,5144.0,5155.3,59.332
2026-02-22 23:00:00,5154.5,5163.6,5134.9,5142.6,52.356
2026-02-23 03:00:00,5143.2,5183.1,5142.6,5168.1,357.642
2026-02-23 07:00:00,5168.3,5178.0,5148.4,5166.6,179.74
2026-02-23 11:00:00,5166.6,5167.9,5112.7,5118.9,123.956
2026-02-23 15:00:00,5119.6,5131.4,5087.0,5128.6,129.574
2026-02-23 19:00:00,5129.6,5143.4,5104.5,5116.3,115.269
2026-02-23 23:00:00,5116.3,5153.8,5105.2,5147.4,38.48
2026-02-24 03:00:00,5147.2,5151.5,5119.0,5121.2,98.386
2026-02-24 07:00:00,5121.3,5121.9,5086.9,5106.6,190.189
2026-02-24 11:00:00,5106.6,5118.9,5096.2,5110.3,100.613
2026-02-24 15:00:00,5110.3,5143.6,5099.4,5129.1,186.87
2026-02-24 19:00:00,5129.1,5147.4,5111.2,5144.3,101.709
2026-02-24 23:00:00,5144.2,5144.7,5102.8,5123.1,49.902
2026-02-25 03:00:00,5122.8,5133.8,5096.7,5105.1,114.1
2026-02-25 07:00:00,5105.2,5125.0,5088.8,5089.2,157.103
2026-02-25 11:00:00,5089.1,5099.4,4989.7,5051.4,418.258
2026-02-25 15:00:00,5051.6,5056.5,4982.4,4991.5,303.109
2026-02-25 19:00:00,4991.6,5026.1,4975.7,4995.8,217.207
2026-02-25 23:00:00,4995.8,5006.6,4927.8,4983.0,640.753
2026-02-26 03:00:00,4983.0,5014.9,4969.0,4995.7,142.913
2026-02-26 07:00:00,4995.7,5007.0,4981.1,4986.6,87.721
2026-02-26 11:00:00,4986.6,5014.5,4980.0,5004.9,87.869
2026-02-26 15:00:00,5004.2,5010.9,4970.1,4994.4,119.378
2026-02-26 19:00:00,4993.1,5064.2,4990.9,5021.5,548.766
2026-02-26 23:00:00,5022.9,5035.5,5019.2,5025.1,45.99
2026-02-27 03:00:00,5025.0,5027.3,4990.6,4991.6,76.58
2026-02-27 07:00:00,4991.2,5021.0,4984.1,5013.4,43.408
2026-02-27 11:00:00,5012.5,5052.7,5008.9,5045.1,146.956
2026-02-27 15:00:00,5045.0,5088.2,5029.6,5081.8,289.534
2026-02-27 19:00:00,5081.7,5101.0,5073.7,5085.4,169.259
2026-02-27 23:00:00,5085.3,5120.0,5082.1,5096.8,225.572
2026-02-28 03:00:00,5096.9,5103.8,5083.6,5097.0,83.264
2026-02-28 07:00:00,5097.0,5126.9,5084.7,5110.9,298.527
2026-02-28 11:00:00,5110.9,5155.1,5107.7,5135.2,322.346
2026-02-28 15:00:00,5135.1,5139.3,5098.0,5112.9,258.396
2026-02-28 19:00:00,5112.9,5146.9,5104.0,5126.1,110.624
2026-02-28 23:00:00,5125.8,5130.1,5087.8,5106.6,124.191
2026-03-01 03:00:00,5106.2,5106.7,4997.1,5014.2,312.457
2026-03-01 07:00:00,5013.5,5044.7,5005.8,5034.3,113.918
2026-03-01 11:00:00,5034.3,5055.2,5033.7,5045.0,77.333
2026-03-01 15:00:00,5044.5,5061.0,5023.9,5053.1,233.004
2026-03-01 19:00:00,5053.0,5079.6,5039.4,5079.3,144.874
2026-03-01 23:00:00,5079.2,5115.1,5068.1,5082.4,239.98
2026-03-02 03:00:00,5082.4,5100.0,5070.0,5086.9,118.455
2026-03-02 07:00:00,5086.8,5119.0,5082.0,5107.9,130.413
2026-03-02 11:00:00,5108.2,5122.4,5098.8,5111.5,190.691
2026-03-02 15:00:00,5111.6,5113.9,5060.0,5098.6,284.458
2026-03-02 19:00:00,5098.6,5138.1,5088.9,5116.4,266.108
2026-03-02 23:00:00,5116.5,5164.1,5110.5,5142.7,141.669
2026-03-03 03:00:00,5142.8,5162.4,5135.6,5146.6,159.052
2026-03-03 07:00:00,5146.1,5168.3,5141.2,5166.4,78.077
2026-03-03 11:00:00,5166.4,5179.0,5132.5,5151.6,198.269
2026-03-03 15:00:00,5151.1,5186.9,5144.8,5173.9,311.615
2026-03-03 19:00:00,5173.8,5217.4,5167.4,5207.1,248.481
2026-03-03 23:00:00,5207.2,5219.9,5181.5,5188.5,75.771
2026-03-04 03:00:00,5188.4,5200.0,5178.8,5187.8,107.505
2026-03-04 07:00:00,5188.1,5230.5,5186.4,5223.1,209.117
2026-03-04 11:00:00,5223.1,5247.2,5199.6,5239.2,442.028
2026-03-04 15:00:00,5239.2,5262.2,5201.9,5204.4,224.015
2026-03-04 19:00:00,5204.5,5236.7,5172.3,5182.7,194.633
2026-03-04 23:00:00,5182.8,5220.5,5170.4,5217.0,94.326
2026-03-05 03:00:00,5216.1,5252.4,5216.1,5239.0,88.361
2026-03-05 07:00:00,5239.0,5241.7,5220.2,5231.3,76.925
2026-03-05 11:00:00,5231.3,5237.0,5205.2,5220.0,92.57
2026-03-05 15:00:00,5220.0,5239.1,5212.5,5224.7,83.455
2026-03-05 19:00:00,5224.7,5233.5,5196.0,5202.4,68.649
2026-03-05 23:00:00,5201.9,5222.1,5187.7,5199.4,40.727
2026-03-06 03:00:00,5199.3,5215.0,5180.0,5200.0,60.606
2026-03-06 07:00:00,5200.1,5206.9,5183.2,5203.3,80.77
2026-03-06 11:00:00,5202.5,5223.0,5192.8,5214.0,85.592
2026-03-06 15:00:00,5213.9,5241.7,5193.9,5233.3,138.211
2026-03-06 19:00:00,5234.0,5242.5,5184.6,5187.2,81.937
2026-03-06 23:00:00,5187.2,5208.6,5186.3,5198.4,44.562
2026-03-07 03:00:00,5197.5,5211.8,5192.4,5197.5,176.967
2026-03-07 07:00:00,5198.2,5208.3,5171.6,5174.4,103.645
2026-03-07 11:00:00,5174.4,5184.8,5170.6,5177.9,76.911
2026-03-07 15:00:00,5177.9,5198.5,5176.3,5195.8,79.035
2026-03-07 19:00:00,5195.7,5198.4,5178.6,5186.4,73.541
2026-03-07 23:00:00,5185.2,5189.6,5171.0,5172.0,52.117
2026-03-08 03:00:00,5172.4,5204.9,5171.0,5200.4,72.587
2026-03-08 07:00:00,5200.0,5206.6,5190.1,5192.8,70.78
2026-03-08 11:00:00,5194.3,5219.3,5194.3,5212.7,70.753
2026-03-08 15:00:00,5212.7,5229.5,5209.9,5223.2,79.107
2026-03-08 19:00:00,5223.2,5227.6,5181.3,5188.7,92.905
2026-03-08 23:00:00,5188.6,5193.0,5139.6,5143.9,130.919
2026-03-09 03:00:00,5143.9,5151.0,5125.2,5150.0,111.76
2026-03-09 07:00:00,5150.0,5181.7,5129.5,5181.7,101.045
2026-03-09 11:00:00,5181.6,5183.2,5160.2,5170.0,85.459
2026-03-09 15:00:00,5170.0,5210.0,5166.7,5185.2,118.087
2026-03-09 19:00:00,5185.2,5188.7,5154.7,5163.3,49.582
2026-03-09 23:00:00,5163.7,5204.5,5158.0,5192.6,58.815
2026-03-10 03:00:00,5192.7,5234.9,5187.2,5208.4,135.015
2026-03-10 07:00:00,5208.4,5229.5,5203.2,5224.0,136.464
2026-03-10 11:00:00,5224.0,5239.0,5210.0,5218.6,170.488
2026-03-10 15:00:00,5217.3,5229.9,5195.8,5202.5,88.441
2026-03-10 19:00:00,5202.1,5224.2,5189.4,5219.6,57.009
2026-03-10 23:00:00,5219.6,5221.7,5199.0,5213.2,32.344
2026-03-11 03:00:00,5213.2,5225.3,5208.4,5212.4,46.231
2026-03-11 07:00:00,5212.3,5238.6,5209.7,5236.7,116.626
2026-03-11 11:00:00,5236.6,5241.8,5203.5,5203.5,73.223
2026-03-11 15:00:00,5203.3,5225.0,5189.5,5217.6,100.062
2026-03-11 19:00:00,5217.6,5224.4,5174.5,5185.6,82.628
2026-03-11 23:00:00,5185.3,5200.7,5181.5,5194.1,46.015
2026-03-12 03:00:00,5194.2,5205.7,5184.3,5203.0,61.713
2026-03-12 07:00:00,5204.2,5207.6,5191.9,5198.9,61.811
2026-03-12 11:00:00,5198.9,5203.3,5179.5,5195.3,54.298
2026-03-12 15:00:00,5195.2,5195.3,5158.3,5187.6,103.664
2026-03-12 19:00:00,5187.6,5200.0,5177.5,5197.5,59.028
2026-03-12 23:00:00,5197.4,5200.0,5165.9,5186.9,46.761
2026-03-13 03:00:00,5186.9,5196.6,5141.8,5149.2,134.061
2026-03-13 07:00:00,5149.2,5193.2,5143.4,5190.7,84.645
2026-03-13 11:00:00,5190.7,5192.8,5171.5,5180.7,78.015
2026-03-13 15:00:00,5180.8,5183.0,5130.0,5171.5,154.686
2026-03-13 19:00:00,5171.6,5181.7,5153.9,5171.3,47.688
2026-03-13 23:00:00,5171.4,5176.9,5160.1,5172.5,41.374
2026-03-14 03:00:00,5172.6,5174.7,5157.4,5163.9,33.13
2026-03-14 07:00:00,5163.8,5188.1,5162.8,5182.3,47.563
2026-03-14 11:00:00,5182.8,5206.7,5178.4,5198.6,51.772
2026-03-14 15:00:00,5198.9,5201.8,5185.1,5185.5,27.854
2026-03-14 19:00:00,5185.4,5238.0,5179.8,5194.1,94.892
2026-03-14 23:00:00,5194.0,5195.3,5168.1,5179.7,45.959
2026-03-15 03:00:00,5179.8,5184.9,5170.2,5182.2,42.895
2026-03-15 07:00:00,5182.2,5189.1,5170.6,5177.1,23.975
2026-03-15 11:00:00,5176.6,5182.4,5168.4,5173.3,82.604
2026-03-15 15:00:00,5173.4,5195.8,5166.9,5192.9,54.734
2026-03-15 19:00:00,5193.2,5194.0,5171.5,5172.6,49.465
2026-03-15 23:00:00,5172.7,5176.4,5098.4,5122.4,336.522
2026-03-16 03:00:00,5123.3,5127.5,5073.7,5096.1,265.821
2026-03-16 07:00:00,5096.1,5096.9,5053.5,5056.1,225.28
2026-03-16 11:00:00,5055.4,5064.0,5036.8,5049.8,91.464
2026-03-16 15:00:00,5049.9,5069.1,5012.2,5026.5,220.821
2026-03-16 19:00:00,5026.1,5029.2,4971.7,4979.4,124.218
2026-03-16 23:00:00,4979.1,5130.0,4957.7,4999.5,339.751
2026-03-17 03:00:00,4999.0,5039.9,4989.7,5022.4,339.185
2026-03-17 07:00:00,5022.1,5036.0,5005.0,5009.7,87.781
2026-03-17 11:00:00,5009.8,5025.4,5001.1,5017.2,58.366
2026-03-17 15:00:00,5017.2,5023.0,4990.0,5011.5,104.365
2026-03-17 19:00:00,5011.0,5029.6,5002.8,5027.6,48.229
2026-03-17 23:00:00,5027.7,5033.0,5003.5,5004.3,33.012
2026-03-18 03:00:00,5004.7,5011.5,4993.5,4997.0,85.434
2026-03-18 07:00:00,4997.1,5012.0,4993.6,4999.4,66.201
2026-03-18 11:00:00,4999.4,5040.7,4996.9,5033.8,84.837
2026-03-18 15:00:00,5033.9,5089.9,5032.2,5084.8,355.839
2026-03-18 19:00:00,5084.9,5094.4,5042.3,5050.8,149.671
2026-03-18 23:00:00,5049.4,5058.8,5023.1,5027.0,64.209
2026-03-19 03:00:00,5026.7,5031.8,5001.0,5009.0,71.559
2026-03-19 07:00:00,5008.9,5024.1,4993.9,5008.9,94.784
2026-03-19 11:00:00,5008.9,5018.1,4995.5,5002.3,65.662
2026-03-19 15:00:00,5002.2,5049.8,4995.7,5049.1,92.808
2026-03-19 19:00:00,5047.6,5074.9,5045.0,5070.0,69.127
2026-03-19 23:00:00,5071.0,5073.5,5040.2,5042.6,33.517
2026-03-20 03:00:00,5042.1,5085.0,5036.7,5065.8,288.559
2026-03-20 07:00:00,5065.5,5080.0,5063.6,5076.9,82.926
2026-03-20 11:00:00,5078.1,5080.9,5058.8,5065.7,69.258
2026-03-20 15:00:00,5065.4,5067.4,5038.5,5039.8,169.237
2026-03-20 19:00:00,5040.1,5070.1,5031.0,5066.5,35.612
2026-03-20 23:00:00,5066.5,5066.5,5050.3,5053.8,32.447
2026-03-21 03:00:00,5053.8,5061.2,5050.8,5055.2,79.338
2026-03-21 07:00:00,5054.2,5060.7,5051.0,5060.1,27.454
2026-03-21 11:00:00,5060.2,5062.0,5052.0,5054.3,27.704
2026-03-21 15:00:00,5054.4,5072.8,5054.3,5059.8,17.337
2026-03-21 19:00:00,5059.8,5062.3,5050.9,5052.7,26.516
2026-03-21 23:00:00,5053.3,5082.4,5039.2,5073.2,49.953
2026-03-22 03:00:00,5073.8,5095.4,5042.2,5053.6,94.533
2026-03-22 07:00:00,5053.4,5061.6,5043.1,5061.5,76.628
2026-03-22 11:00:00,5061.5,5079.1,5053.5,5054.9,46.651
2026-03-22 15:00:00,5054.9,5081.1,5051.6,5073.3,48.033
2026-03-22 19:00:00,5073.2,5084.7,5064.5,5066.0,72.375
2026-03-22 23:00:00,5066.5,5083.2,5058.9,5061.9,63.811
2026-03-23 03:00:00,5060.3,5078.9,5052.8,5073.7,79.986
2026-03-23 07:00:00,5073.8,5119.4,5072.2,5117.3,181.93
2026-03-23 11:00:00,5118.0,5133.5,5041.5,5085.2,724.901
2026-03-23 15:00:00,5085.2,5100.0,5049.2,5070.2,156.746
2026-03-23 19:00:00,5069.5,5104.0,5064.7,5070.0,160.101
2026-03-23 23:00:00,5069.7,5085.5,5062.9,5081.1,109.073
2026-03-24 03:00:00,5081.1,5104.1,5078.2,5088.1,164.126
2026-03-24 07:00:00,5088.7,5097.6,5078.8,5091.5,89.397
2026-03-24 11:00:00,5091.0,5107.8,5083.6,5091.8,59.061
2026-03-24 15:00:00,5091.9,5093.7,5064.4,5067.2,91.528
2026-03-24 19:00:00,5066.3,5067.9,5050.0,5060.9,49.788
2026-03-24 23:00:00,5061.5,5066.6,5042.5,5056.2,52.832
2026-03-25 03:00:00,5056.3,5150.0,5056.3,5064.3,526.259
2026-03-25 07:00:00,5064.1,5073.2,5060.0,5062.2,84.0
2026-03-25 11:00:00,5062.3,5074.7,5051.2,5067.4,259.405
2026-03-25 15:00:00,5067.3,5074.0,5053.4,5053.4,286.275
2026-03-25 19:00:00,5053.4,5073.4,5044.8,5046.5,53.716
2026-03-25 23:00:00,5045.3,5074.7,5043.0,5073.1,135.82
2026-03-26 03:00:00,5073.2,5088.0,5059.8,5082.2,155.858
2026-03-26 07:00:00,5083.1,5098.8,5077.0,5093.0,112.768
2026-03-26 11:00:00,5093.2,5148.6,5089.7,5137.4,184.006
2026-03-26 15:00:00,5137.3,5141.8,5120.0,5129.3,88.449
2026-03-26 19:00:00,5129.0,5135.8,5111.5,5133.2,63.055
2026-03-26 23:00:00,5132.0,5134.8,5107.8,5114.0,67.223
2026-03-27 03:00:00,5114.0,5198.0,5106.5,5113.9,545.023
2026-03-27 07:00:00,5113.9,5124.7,5092.4,5093.4,54.22
2026-03-27 11:00:00,5093.7,5108.5,5083.8,5105.0,128.735
2026-03-27 15:00:00,5105.0,5107.1,5055.9,5058.6,122.719
2026-03-27 19:00:00,5057.6,5069.8,5050.6,5060.8,70.403
2026-03-27 23:00:00,5060.9,5086.9,5056.4,5086.5,60.523
2026-03-28 03:00:00,5086.5,5093.6,5072.2,5085.2,44.572
2026-03-28 07:00:00,5085.7,5087.9,5060.8,5064.1,37.108
2026-03-28 11:00:00,5064.2,5067.7,5050.6,5056.7,58.873
2026-03-28 15:00:00,5057.0,5069.7,5046.1,5055.7,124.188
2026-03-28 19:00:00,5055.7,5066.9,5049.6,5065.6,20.928
2026-03-28 23:00:00,5065.5,5092.2,5055.8,5084.2,67.798
2026-03-29 03:00:00,5084.3,5095.0,5075.7,5092.0,52.451
2026-03-29 07:00:00,5091.6,5099.0,5080.2,5084.0,56.646
2026-03-29 11:00:00,5084.0,5098.4,5082.6,5096.4,39.941
2026-03-29 15:00:00,5096.4,5118.5,5096.0,5107.4,98.245
2026-03-29 19:00:00,5107.2,5110.5,5097.5,5100.7,60.49
2026-03-29 23:00:00,5100.7,5114.0,5081.6,5084.3,65.25
2026-03-30 03:00:00,5084.3,5084.3,5061.3,5062.4,113.185
2026-03-30 07:00:00,5063.2,5077.4,5045.0,5059.3,101.349
2026-03-30 11:00:00,5060.0,5065.6,5045.0,5050.1,67.556
2026-03-30 15:00:00,5050.1,5063.4,5048.4,5050.4,57.355
2026-03-30 19:00:00,5050.7,5067.4,5045.3,5062.7,67.487
2026-03-30 23:00:00,5062.2,5084.6,5047.8,5084.5,36.166
2026-03-31 03:00:00,5084.6,5098.0,5070.5,5090.0,105.848
2026-03-31 07:00:00,5090.0,5093.7,5080.0,5084.1,94.358
2026-03-31 11:00:00,5083.2,5089.5,5067.0,5075.9,84.927
2026-03-31 15:00:00,5075.9,5084.6,5060.0,5067.1,97.632
2026-03-31 19:00:00,5067.4,5082.7,5050.8,5062.4,114.617
2026-03-31 23:00:00,5062.2,5094.2,5059.9,5080.1,31.714
2026-04-01 03:00:00,5080.1,5080.1,5057.2,5061.0,61.557
2026-04-01 07:00:00,5061.5,5071.3,5040.0,5057.2,174.763
2026-04-01 11:00:00,5057.3,5062.7,5048.5,5060.8,209.196
2026-04-01 15:00:00,5060.8,5073.0,5043.2,5072.3,88.593
2026-04-01 19:00:00,5072.3,5075.6,5019.0,5023.7,153.972
2026-04-01 23:00:00,5024.6,5047.0,5016.0,5042.9,86.971
2026-04-02 03:00:00,5042.4,5101.6,5037.3,5091.8,231.528
2026-04-02 07:00:00,5091.7,5113.7,5088.9,5109.0,109.797
2026-04-02 11:00:00,5109.0,5134.1,5032.5,5123.1,312.813
2026-04-02 15:00:00,5123.0,5158.5,5118.8,5140.9,120.64
2026-04-02 19:00:00,5140.8,5157.1,5125.0,5125.3,73.254
2026-04-02 23:00:00,5125.0,5129.9,5107.3,5119.4,38.418
2026-04-03 03:00:00,5119.1,5126.6,5091.3,5092.1,70.244
2026-04-03 07:00:00,5091.8,5109.3,5080.5,5104.8,100.934
2026-04-03 11:00:00,5104.8,5110.9,5095.5,5103.1,119.948
2026-04-03 15:00:00,5103.0,5110.0,5088.4,5101.7,82.519
2026-04-03 19:00:00,5102.8,5112.5,5098.6,5106.5,26.782
2026-04-03 23:00:00,5106.4,5114.5,5098.0,5111.6,39.618
2026-04-04 03:00:00,5111.7,5114.1,5105.6,5107.2,23.428
2026-04-04 07:00:00,5107.2,5115.7,5102.0,5113.9,27.998
2026-04-04 11:00:00,5113.4,5128.0,5112.6,5126.4,49.834
2026-04-04 15:00:00,5126.4,5138.1,5118.7,5131.1,45.335
2026-04-04 19:00:00,5131.2,5136.5,5096.4,5113.5,52.238
2026-04-04 23:00:00,5113.5,5116.7,5107.5,5111.5,16.572
2026-04-05 03:00:00,5111.1,5118.2,5108.6,5111.5,25.713
2026-04-05 07:00:00,5111.6,5138.6,5111.6,5137.8,35.834
2026-04-05 11:00:00,5137.1,5144.7,5134.2,5140.6,30.057
2026-04-05 15:00:00,5140.6,5165.3,5139.9,5158.9,117.366
2026-04-05 19:00:00,5158.8,5158.9,5138.3,5146.2,24.583
2026-04-05 23:00:00,5145.1,5176.5,5144.7,5166.6,109.573
2026-04-06 03:00:00,5166.7,5168.6,5121.6,5140.8,66.379
2026-04-06 07:00:00,5140.9,5145.0,5124.6,5127.2,48.563
2026-04-06 11:00:00,5127.3,5147.3,5123.6,5131.4,90.043
2026-04-06 15:00:00,5131.5,5144.6,5111.5,5144.0,236.479
2026-04-06 19:00:00,5144.1,5175.0,5141.7,5165.6,66.656
2026-04-06 23:00:00,5164.8,5190.0,5160.1,5185.5,137.477
2026-04-07 03:00:00,5185.4,5187.8,5161.2,5186.1,65.883
2026-04-07 07:00:00,5186.0,5188.0,5170.8,5175.6,129.521
2026-04-07 11:00:00,5174.9,5195.7,5163.3,5188.8,196.607
2026-04-07 15:00:00,5190.7,5229.4,5184.2,5193.5,542.683
2026-04-07 19:00:00,5193.7,5197.4,5167.0,5173.3,93.345
2026-04-07 23:00:00,5172.3,5194.6,5111.0,5142.1,398.799
2026-04-08 03:00:00,5142.0,5160.4,5067.3,5119.6,753.496
2026-04-08 07:00:00,5119.6,5135.8,5113.4,5119.7,106.143
2026-04-08 11:00:00,5119.8,5134.8,5118.1,5132.0,49.083
2026-04-08 15:00:00,5131.0,5182.8,5126.7,5172.6,101.443
2026-04-08 19:00:00,5173.3,5197.9,5169.0,5188.6,60.279
2026-04-08 23:00:00,5187.7,5220.0,5184.1,5215.2,182.628
2026-04-09 03:00:00,5214.8,5233.9,5206.3,5227.2,220.817
2026-04-09 07:00:00,5227.1,5230.7,5213.7,5222.3,156.108
2026-04-09 11:00:00,5222.3,5246.2,5217.6,5243.7,153.402
2026-04-09 15:00:00,5243.1,5247.8,5225.1,5230.9,105.856
2026-04-09 19:00:00,5231.0,5250.5,5207.7,5215.4,184.004
2026-04-09 23:00:00,5215.0,5249.5,5211.3,5244.7,111.781
2026-04-10 03:00:00,5244.7,5271.5,5244.6,5266.4,128.424
2026-04-10 07:00:00,5266.3,5271.6,5252.4,5253.7,91.353
2026-04-10 11:00:00,5253.7,5268.6,5242.1,5252.5,152.043
2026-04-10 15:00:00,5253.2,5263.3,5239.6,5251.0,212.273
2026-04-10 19:00:00,5250.1,5260.0,5233.3,5243.3,111.781
2026-04-10 23:00:00,5243.3,5260.0,5240.5,5251.8,109.145
2026-04-11 03:00:00,5251.8,5269.8,5247.9,5264.7,128.585
2026-04-11 07:00:00,5264.7,5276.8,5258.2,5265.4,188.03
2026-04-11 11:00:00,5265.1,5269.7,5250.8,5262.6,189.37
2026-04-11 15:00:00,5262.5,5274.4,5245.5,5250.4,220.185
2026-04-11 19:00:00,5250.5,5253.8,5191.2,5200.6,148.557
2026-04-11 23:00:00,5200.6,5226.0,5195.7,5223.8,84.15
2026-04-12 03:00:00,5224.1,5260.0,5216.7,5243.9,175.919
2026-04-12 07:00:00,5244.2,5263.1,5238.7,5258.9,161.254
2026-04-12 11:00:00,5258.8,5263.5,5240.7,5243.7,165.042
2026-04-12 15:00:00,5243.8,5246.6,5231.6,5240.0,76.552
2026-04-12 19:00:00,5240.0,5242.8,5225.0,5231.9,25.857
2026-04-12 23:00:00,5231.7,5234.5,5221.0,5230.2,41.363
2026-04-13 03:00:00,5230.2,5243.8,5222.9,5235.4,68.378
2026-04-13 07:00:00,5235.3,5242.5,5221.8,5233.0,91.041
2026-04-13 11:00:00,5232.9,5235.6,5215.8,5232.5,67.409
2026-04-13 15:00:00,5232.2,5275.9,5225.9,5271.1,122.609
2026-04-13 19:00:00,5271.1,5293.5,5250.0,5281.7,365.345
2026-04-13 23:00:00,5281.1,5293.7,5194.4,5202.6,351.888
2026-04-14 03:00:00,5200.8,5221.5,5195.6,5217.9,102.933
2026-04-14 07:00:00,5217.9,5227.0,5216.3,5218.1,54.933
2026-04-14 11:00:00,5218.9,5220.6,5195.5,5207.5,90.725
2026-04-14 15:00:00,5207.6,5270.2,5204.5,5266.9,185.901
2026-04-14 19:00:00,5266.9,5286.6,5253.0,5276.8,256.867
2026-04-14 23:00:00,5277.2,5284.0,5256.2,5265.6,58.823
2026-04-15 03:00:00,5265.0,5283.1,5264.3,5270.7,66.423
2026-04-15 07:00:00,5268.8,5270.0,5249.9,5259.4,56.603
2026-04-15 11:00:00,5259.8,5272.7,5239.6,5244.5,93.205
2026-04-15 15:00:00,5244.6,5252.5,5209.3,5209.4,109.147
2026-04-15 19:00:00,5209.5,5211.6,5190.0,5203.6,181.059
2026-04-15 23:00:00,5203.3,5234.5,5202.1,5223.4,80.312
2026-04-16 03:00:00,5224.0,5231.3,5216.0,5222.9,67.424
2026-04-16 07:00:00,5222.9,5236.4,5216.0,5220.9,82.289
2026-04-16 11:00:00,5221.4,5228.1,5206.6,5217.9,52.51
2026-04-16 15:00:00,5217.4,5227.3,5190.7,5195.4,102.329
2026-04-16 19:00:00,5195.8,5198.8,5160.5,5164.8,158.376
2026-04-16 23:00:00,5164.8,5183.5,5160.6,5173.1,110.025
2026-04-17 03:00:00,5173.0,5199.8,5167.1,5195.9,192.767
2026-04-17 07:00:00,5196.0,5217.1,5192.9,5207.3,134.887
2026-04-17 11:00:00,5207.9,5228.7,5200.0,5205.4,148.394
2026-04-17 15:00:00,5205.4,5218.4,5172.5,5213.3,101.377
2026-04-17 19:00:00,5213.2,5224.0,5191.7,5209.8,90.036
2026-04-17 23:00:00,5209.2,5220.0,5198.0,5208.8,33.658
2026-04-18 03:00:00,5208.3,5238.0,5206.0,5231.7,123.802
2026-04-18 07:00:00,5232.3,5237.6,5212.7,5217.9,50.788
2026-04-18 11:00:00,5217.9,5267.5,5217.9,5263.1,284.932
2026-04-18 15:00:00,5263.2,5270.9,5253.3,5255.6,104.166
2026-04-18 19:00:00,5255.7,5265.0,5240.2,5261.4,60.985
2026-04-18 23:00:00,5261.3,5269.6,5250.2,5259.4,38.263
2026-04-19 03:00:00,5259.1,5274.1,5255.6,5267.9,58.632
2026-04-19 07:00:00,5267.8,5292.6,5266.7,5285.0,212.935
2026-04-19 11:00:00,5285.7,5292.0,5273.6,5286.4,120.532
2026-04-19 15:00:00,5287.5,5292.6,5270.4,5289.0,196.785
2026-04-19 19:00:00,5289.0,5295.9,5278.1,5287.2,152.052
2026-04-19 23:00:00,5287.2,5298.0,5277.2,5280.1,72.759
2026-04-20 03:00:00,5279.3,5292.5,5273.3,5285.2,47.638
2026-04-20 07:00:00,5285.2,5292.8,5260.4,5272.1,91.567
2026-04-20 11:00:00,5272.1,5287.4,5265.4,5287.2,206.647
2026-04-20 15:00:00,5287.2,5312.8,5265.1,5300.4,325.876
2026-04-20 19:00:00,5300.2,5314.7,5293.6,5314.2,76.491
2026-04-20 23:00:00,5314.0,5321.6,5291.1,5319.9,214.594
2026-04-21 03:00:00,5319.9,5319.9,5306.9,5313.1,56.902
2026-04-21 07:00:00,5313.0,5316.7,5300.5,5310.9,58.075
2026-04-21 11:00:00,5311.0,5332.3,5291.4,5329.8,340.287
2026-04-21 15:00:00,5329.9,5331.2,5284.6,5290.3,192.049
2026-04-21 19:00:00,5290.3,5308.1,5278.2,5289.4,201.113
2026-04-21 23:00:00,5289.1,5316.0,5279.2,5312.4,51.725
2026-04-22 03:00:00,5312.7,5328.0,5298.2,5326.3,207.135
2026-04-22 07:00:00,5326.3,5339.5,5289.3,5314.7,211.179
2026-04-22 11:00:00,5314.6,5339.0,5312.5,5330.7,184.048
2026-04-22 15:00:00,5330.8,5390.0,5300.2,5383.9,607.259
2026-04-22 19:00:00,5383.9,5390.6,5365.3,5378.1,214.967
2026-04-22 23:00:00,5378.1,5393.4,5348.6,5392.5,231.638
2026-04-23 03:00:00,5392.5,5411.1,5390.0,5402.6,292.792
2026-04-23 07:00:00,5402.6,5428.0,5402.0,5424.7,225.886
2026-04-23 11:00:00,5424.7,5434.8,5326.0,5422.5,222.678
2026-04-23 15:00:00,5422.6,5446.1,5404.6,5443.5,167.506
2026-04-23 19:00:00,5443.7,5448.9,5423.6,5430.7,113.485
2026-04-23 23:00:00,5430.3,5430.3,5399.3,5421.5,96.285
2026-04-24 03:00:00,5421.4,5445.4,5418.3,5433.8,125.237
2026-04-24 07:00:00,5433.7,5443.5,5420.0,5425.0,114.652
2026-04-24 11:00:00,5425.0,5436.5,5420.1,5428.7,202.498
2026-04-24 15:00:00,5428.6,5438.1,5406.7,5406.7,89.808
2026-04-24 19:00:00,5407.0,5407.2,5380.0,5381.0,127.041
2026-04-24 23:00:00,5381.3,5393.5,5372.4,5391.1,47.578
2026-04-25 03:00:00,5391.1,5412.3,5391.1,5397.3,125.621
2026-04-25 07:00:00,5397.3,5406.7,5380.5,5387.9,122.457
2026-04-25 11:00:00,5389.0,5420.0,5387.8,5419.0,85.163
2026-04-25 15:00:00,5419.0,5421.3,5406.7,5407.4,64.903
2026-04-25 19:00:00,5407.2,5421.1,5405.1,5410.0,50.615
2026-04-25 23:00:00,5410.0,5419.4,5405.4,5410.6,35.513
2026-04-26 03:00:00,5410.6,5419.4,5402.2,5411.2,68.27
2026-04-26 07:00:00,5411.3,5434.7,5407.1,5418.3,100.79
2026-04-26 11:00:00,5418.3,5427.9,5402.7,5411.0,95.743
2026-04-26 15:00:00,5411.0,5419.0,5397.5,5399.8,32.736
2026-04-26 19:00:00,5399.4,5417.3,5377.9,5381.7,147.054
2026-04-26 23:00:00,5381.7,5424.0,5378.9,5414.6,75.267
2026-04-27 03:00:00,5415.0,5423.6,5396.0,5396.2,53.729
2026-04-27 07:00:00,5397.2,5450.0,5395.0,5448.3,192.03
2026-04-27 11:00:00,5448.4,5458.1,5432.3,5440.3,123.366
2026-04-27 15:00:00,5440.6,5467.0,5439.0,5458.5,144.047
2026-04-27 19:00:00,5458.3,5458.5,5423.4,5439.8,78.126
2026-04-27 23:00:00,5439.7,5446.6,5426.2,5432.9,104.238
2026-04-28 03:00:00,5433.3,5448.4,5427.1,5437.5,117.039
2026-04-28 07:00:00,5437.5,5453.5,5427.1,5449.9,128.645
2026-04-28 11:00:00,5449.8,5453.4,5426.1,5430.4,101.788
2026-04-28 15:00:00,5430.3,5432.8,5400.8,5401.2,89.233
2026-04-28 19:00:00,5401.3,5411.0,5382.7,5384.1,88.899
2026-04-28 23:00:00,5384.2,5409.0,5382.9,5407.4,56.852
2026-04-29 03:00:00,5406.9,5433.7,5405.0,5423.9,274.518
2026-04-29 07:00:00,5423.9,5424.6,5397.5,5404.9,187.441
2026-04-29 11:00:00,5404.8,5428.7,5398.1,5425.2,171.457
2026-04-29 15:00:00,5425.2,5438.0,5417.1,5424.4,232.067
2026-04-29 19:00:00,5424.4,5467.9,5417.1,5466.1,173.774
2026-04-29 23:00:00,5465.7,5472.2,5433.8,5433.9,123.745
2026-04-30 03:00:00,5434.9,5441.6,5410.7,5440.6,128.631
2026-04-30 07:00:00,5441.0,5446.7,5423.3,5446.1,152.23
2026-04-30 11:00:00,5446.5,5449.5,5420.1,5443.0,142.983
2026-04-30 15:00:00,5443.0,5469.1,5442.6,5454.5,81.159
2026-04-30 19:00:00,5454.8,5469.0,5443.6,5446.0,177.448
2026-04-30 23:00:00,5447.7,5473.4,5445.3,5464.6,117.761
2026-05-01 03:00:00,5464.6,5480.5,5450.5,5478.9,178.09
2026-05-01 07:00:00,5478.8,5489.4,5458.3,5488.6,323.587
2026-05-01 11:00:00,5488.1,5497.3,5475.6,5485.5,255.559
2026-05-01 15:00:00,5485.0,5528.5,5477.2,5515.0,472.728
2026-05-01 19:00:00,5514.6,5526.4,5506.4,5513.4,114.99
2026-05-01 23:00:00,5513.4,5532.5,5502.9,5529.6,99.145
2026-05-02 03:00:00,5529.5,5540.3,5514.5,5524.0,163.364
2026-05-02 07:00:00,5523.7,5533.2,5513.5,5519.4,125.149
2026-05-02 11:00:00,5519.7,5534.9,5511.5,5520.5,135.022
2026-05-02 15:00:00,5520.5,5525.2,5506.6,5515.5,110.446
2026-05-02 19:00:00,5515.5,5526.4,5507.8,5508.1,123.472
2026-05-02 23:00:00,5507.9,5518.8,5499.3,5518.8,111.734
2026-05-03 03:00:00,5518.8,5536.6,5517.5,5528.1,131.374
2026-05-03 07:00:00,5527.8,5529.6,5501.6,5518.3,137.056
2026-05-03 11:00:00,5518.3,5520.0,5500.3,5507.2,156.113
2026-05-03 15:00:00,5507.2,5509.4,5490.0,5490.0,89.732
2026-05-03 19:00:00,5490.0,5498.2,5489.3,5492.3,56.699
2026-05-03 23:00:00,5491.7,5517.4,5487.9,5509.9,54.123
2026-05-04 03:00:00,5509.8,5526.9,5494.4,5505.8,111.627
2026-05-04 07:00:00,5506.2,5511.0,5482.3,5493.1,72.635
2026-05-04 11:00:00,5493.3,5508.2,5485.0,5487.3,126.554
2026-05-04 15:00:00,5487.2,5560.4,5483.1,5559.2,282.958
2026-05-04 19:00:00,5558.8,5568.6,5526.5,5545.8,336.467
2026-05-04 23:00:00,5545.9,5559.2,5540.8,5556.9,136.047
2026-05-05 03:00:00,5557.4,5576.8,5500.9,5565.9,371.962
2026-05-05 07:00:00,5566.1,5582.2,5547.7,5549.1,244.667
2026-05-05 11:00:00,5549.1,5562.1,5540.8,5552.7,127.134
2026-05-05 15:00:00,5552.8,5593.2,5552.7,5590.5,250.19
2026-05-05 19:00:00,5590.2,5594.4,5575.7,5585.6,146.636
2026-05-05 23:00:00,5585.5,5588.1,5538.7,5539.7,94.48
2026-05-06 03:00:00,5539.6,5559.2,5536.8,5549.3,67.718
2026-05-06 07:00:00,5549.4,5553.6,5525.0,5525.5,67.164
2026-05-06 11:00:00,5525.6,5529.1,5489.2,5515.4,203.866
2026-05-06 15:00:00,5514.3,5555.5,5497.9,5544.1,137.781
2026-05-06 19:00:00,5544.2,5549.9,5527.3,5535.0,79.204
2026-05-06 23:00:00,5535.6,5544.1,5526.7,5541.9,40.641
2026-05-07 03:00:00,5542.1,5577.0,5538.0,5562.1,84.361
2026-05-07 07:00:00,5562.0,5563.9,5539.1,5539.8,61.142
2026-05-07 11:00:00,5539.5,5551.1,5530.1,5533.0,70.726
2026-05-07 15:00:00,5532.9,5562.6,5516.9,5542.3,231.636
2026-05-07 19:00:00,5543.7,5560.6,5536.1,5556.3,48.884
2026-05-07 23:00:00,5556.2,5568.3,5544.6,5554.0,48.937
2026-05-08 03:00:00,5554.0,5557.4,5542.1,5543.5,39.22
2026-05-08 07:00:00,5544.1,5557.1,5540.1,5548.3,44.386
2026-05-08 11:00:00,5547.8,5559.3,5544.0,5547.2,66.959
2026-05-08 15:00:00,5547.1,5562.4,5522.8,5524.3,73.041
2026-05-08 19:00:00,5524.2,5524.3,5452.8,5468.0,234.641
2026-05-08 23:00:00,5467.1,5487.1,5456.7,5474.4,115.665
2026-05-09 03:00:00,5474.4,5474.7,5444.8,5448.3,119.14
2026-05-09 07:00:00,5448.3,5455.9,5438.1,5447.6,94.688
2026-05-09 11:00:00,5447.6,5467.1,5446.2,5462.4,87.288
2026-05-09 15:00:00,5462.4,5500.0,5458.0,5489.6,172.229
2026-05-09 19:00:00,5489.5,5496.2,5474.4,5477.0,76.269
2026-05-09 23:00:00,5477.0,5482.6,5475.0,5482.4,31.0
2026-05-10 03:00:00,5482.5,5503.6,5478.9,5495.6,69.634
2026-05-10 07:00:00,5494.7,5499.5,5483.6,5485.1,30.59
2026-05-10 11:00:00,5485.1,5496.6,5471.3,5489.4,44.034
2026-05-10 15:00:00,5489.0,5498.0,5456.5,5466.2,65.387
2026-05-10 19:00:00,5466.3,5470.5,5390.0,5406.0,154.241
2026-05-10 23:00:00,5405.7,5461.6,5391.9,5453.0,111.465
2026-05-11 03:00:00,5452.6,5464.0,5440.4,5446.8,66.989
2026-05-11 07:00:00,5446.6,5450.0,5433.2,5447.5,40.254
2026-05-11 11:00:00,5446.7,5468.1,5446.7,5463.6,54.065
2026-05-11 15:00:00,5463.4,5475.0,5443.6,5445.4,76.93
2026-05-11 19:00:00,5445.3,5478.0,5444.1,5464.5,51.866
2026-05-11 23:00:00,5464.6,5469.6,5445.5,5450.4,40.178
2026-05-12 03:00:00,5450.4,5476.3,5438.0,5473.7,52.924
2026-05-12 07:00:00,5473.8,5484.5,5468.1,5477.9,51.95
2026-05-12 11:00:00,5478.2,5497.0,5472.6,5495.4,102.46
2026-05-12 15:00:00,5495.4,5541.2,5490.1,5537.0,312.298
2026-05-12 19:00:00,5537.5,5540.7,5510.3,5514.4,66.76
2026-05-12 23:00:00,5513.4,5513.9,5483.7,5497.4,44.753
2026-05-13 03:00:00,5497.4,5525.2,5475.2,5478.6,276.928
2026-05-13 07:00:00,5478.7,5484.0,5462.0,5465.2,98.144
2026-05-13 11:00:00,5464.6,5465.2,5433.7,5441.8,90.681
2026-05-13 15:00:00,5440.7,5488.3,5434.8,5483.3,121.747
2026-05-13 19:00:00,5482.3,5488.8,5456.8,5488.5,82.522
2026-05-13 23:00:00,5488.5,5490.2,5458.0,5459.6,29.128
2026-05-14 03:00:00,5460.3,5484.7,5455.4,5480.9,42.563
2026-05-14 07:00:00,5480.8,5486.1,5472.8,5483.6,28.242
2026-05-14 11:00:00,5483.0,5483.4,5461.6,5464.1,57.142
2026-05-14 15:00:00,5466.1,5486.2,5458.3,5485.8,105.82
2026-05-14 19:00:00,5485.7,5495.7,5438.2,5462.3,81.839
2026-05-14 23:00:00,5462.3,5489.6,5462.3,5486.4,43.282
2026-05-15 03:00:00,5486.2,5503.2,5476.6,5491.0,73.047
2026-05-15 07:00:00,5491.0,5535.1,5489.6,5508.5,177.075
2026-05-15 11:00:00,5509.2,5516.4,5497.1,5506.8,61.565
2026-05-15 15:00:00,5506.8,5521.3,5483.1,5511.4,150.625
2026-05-15 19:00:00,5511.4,5515.5,5485.6,5497.3,42.825
2026-05-15 23:00:00,5495.3,5502.3,5486.9,5489.1,24.109
2026-05-16 03:00:00,5489.9,5502.6,5483.4,5500.5,30.97
2026-05-16 07:00:00,5500.2,5549.1,5500.2,5526.1,167.829
2026-05-16 11:00:00,5526.1,5572.6,5523.5,5550.0,268.219
2026-05-16 15:00:00,5550.4,5561.2,5539.6,5544.9,115.353
2026-05-16 19:00:00,5545.0,5547.6,5533.9,5540.5,66.341
2026-05-16 23:00:00,5539.9,5546.9,5537.7,5538.2,21.714
2026-05-17 03:00:00,5538.7,5560.1,5534.8,5544.1,91.259
2026-05-17 07:00:00,5544.1,5544.5,5520.8,5526.6,52.017
2026-05-17 11:00:00,5526.6,5534.5,5525.1,5527.2,51.892
2026-05-17 15:00:00,5527.2,5529.4,5517.0,5527.1,34.323
2026-05-17 19:00:00,5527.1,5546.9,5525.7,5527.9,28.957
2026-05-17 23:00:00,5527.7,5595.0,5517.8,5571.0,390.179
2026-05-18 03:00:00,5570.6,5597.0,5556.0,5570.3,296.596
2026-05-18 07:00:00,5570.4,5610.3,5559.0,5605.7,228.894
2026-05-18 11:00:00,5605.8,5619.3,5589.5,5593.5,193.002
2026-05-18 15:00:00,5593.5,5594.8,5564.7,5593.2,184.534
2026-05-18 19:00:00,5593.2,5617.6,5556.6,5560.1,179.631
2026-05-18 23:00:00,5560.2,5584.1,5545.7,5559.1,160.098
2026-05-19 03:00:00,5559.1,5566.8,5547.0,5555.3,139.882
2026-05-19 07:00:00,5555.3,5565.9,5550.2,5560.9,62.679
2026-05-19 11:00:00,5560.8,5611.0,5560.8,5594.7,159.285
2026-05-19 15:00:00,5594.7,5599.7,5574.9,5591.0,159.491
2026-05-19 19:00:00,5590.4,5619.8,5579.4,5615.9,183.178
2026-05-19 23:00:00,5616.0,5620.0,5603.7,5609.7,102.604
2026-05-20 03:00:00,5609.0,5622.6,5599.4,5599.7,125.514
2026-05-20 07:00:00,5600.0,5610.1,5588.6,5595.7,167.958
2026-05-20 11:00:00,5595.6,5616.9,5590.8,5608.7,72.578
2026-05-20 15:00:00,5607.8,5610.1,5577.2,5578.5,79.455
2026-05-20 19:00:00,5578.4,5588.9,5565.4,5586.0,72.548
2026-05-20 23:00:00,5586.0,5602.0,5585.8,5595.0,49.08
2026-05-21 03:00:00,5595.1,5596.5,5569.4,5575.1,63.878
2026-05-21 07:00:00,5575.2,5586.7,5567.3,5584.6,44.914
2026-05-21 11:00:00,5584.7,5595.9,5577.9,5594.6,61.884
2026-05-21 15:00:00,5594.7,5595.8,5551.1,5557.6,85.821
2026-05-21 19:00:00,5557.7,5565.7,5535.1,5535.2,67.131
2026-05-21 23:00:00,5535.6,5557.3,5533.7,5550.9,40.026
2026-05-22 03:00:00,5550.3,5557.2,5543.4,5555.9,49.882
2026-05-22 07:00:00,5556.2,5568.5,5547.0,5547.8,64.518
2026-05-22 11:00:00,5547.9,5562.8,5543.1,5543.7,63.898
2026-05-22 15:00:00,5543.1,5546.7,5526.0,5531.5,77.689
2026-05-22 19:00:00,5531.3,5584.0,5521.5,5573.3,96.419
2026-05-22 23:00:00,5573.2,5576.0,5547.0,5567.7,58.809
2026-05-23 03:00:00,5568.0,5572.1,5550.9,5556.6,58.236
2026-05-23 07:00:00,5556.7,5622.6,5555.3,5600.3,218.827
2026-05-23 11:00:00,5600.2,5617.5,5594.3,5605.2,177.522
2026-05-23 15:00:00,5605.0,5607.3,5570.0,5570.9,177.784
2026-05-23 19:00:00,5571.0,5573.1,5545.9,5560.3,73.626
2026-05-23 23:00:00,5559.8,5565.9,5509.0,5544.4,153.522
2026-05-24 03:00:00,5544.3,5551.7,5537.6,5545.4,59.516
2026-05-24 07:00:00,5545.3,5553.6,5539.4,5545.1,34.74
2026-05-24 11:00:00,5544.2,5565.0,5535.5,5563.8,56.112
2026-05-24 15:00:00,5563.5,5588.0,5552.0,5563.3,60.691
2026-05-24 19:00:00,5563.3,5576.9,5557.4,5575.3,27.673
2026-05-24 23:00:00,5575.3,5610.2,5575.1,5603.4,115.724
2026-05-25 03:00:00,5604.5,5629.6,5586.6,5619.4,170.186
2026-05-25 07:00:00,5619.4,5624.2,5580.4,5583.7,144.375
2026-05-25 11:00:00,5583.5,5597.6,5574.4,5587.0,50.623
2026-05-25 15:00:00,5587.1,5589.3,5562.7,5572.4,49.297
2026-05-25 19:00:00,5572.1,5582.8,5560.3,5581.5,21.979
2026-05-25 23:00:00,5581.4,5595.0,5575.7,5589.6,26.425
2026-05-26 03:00:00,5588.5,5608.5,5585.4,5598.7,68.806
2026-05-26 07:00:00,5599.0,5602.8,5584.6,5594.4,22.822
2026-05-26 11:00:00,5594.4,5598.5,5559.5,5565.0,58.823
2026-05-26 15:00:00,5565.3,5578.2,5547.6,5570.9,52.444
2026-05-26 19:00:00,5570.4,5607.0,5566.2,5581.6,77.164
2026-05-26 23:00:00,5582.2,5584.7,5571.9,5577.2,27.14
2026-05-27 03:00:00,5577.2,5582.1,5564.6,5580.5,43.824
2026-05-27 07:00:00,5582.0,5596.1,5568.3,5576.5,41.001
2026-05-27 11:00:00,5577.5,5585.0,5562.6,5572.0,34.962
2026-05-27 15:00:00,5571.6,5576.3,5524.0,5531.9,174.742
2026-05-27 19:00:00,5531.9,5567.0,5525.0,5544.5,156.701
2026-05-27 23:00:00,5545.7,5588.8,5545.5,5579.3,208.254
2026-05-28 03:00:00,5579.3,5616.3,5558.0,5592.7,193.527
2026-05-28 07:00:00,5593.5,5606.6,5587.5,5605.3,77.485
2026-05-28 11:00:00,5604.3,5634.2,5602.2,5631.0,113.605
2026-05-28 15:00:00,5631.2,5641.9,5574.1,5574.1,253.718
2026-05-28 19:00:00,5574.5,5579.6,5535.2,5550.4,183.282
2026-05-28 23:00:00,5550.7,5578.5,5550.3,5569.0,170.691
2026-05-29 03:00:00,5569.1,5587.0,5565.9,5566.0,125.991
2026-05-29 07:00:00,5566.7,5586.2,5562.7,5571.3,105.428
2026-05-29 11:00:00,5571.1,5597.2,5569.1,5595.5,98.962
2026-05-29 15:00:00,5595.4,5603.1,5544.8,5556.2,241.312
2026-05-29 19:00:00,5555.5,5572.0,5546.2,5567.2,60.993
2026-05-29 23:00:00,5567.1,5581.0,5559.3,5561.6,50.0
2026-05-30 03:00:00,5561.0,5563.6,5509.5,5518.5,122.033
2026-05-30 07:00:00,5518.6,5532.5,5506.5,5510.6,81.199
2026-05-30 11:00:00,5510.1,5520.3,5505.8,5508.5,47.898
2026-05-30 15:00:00,5508.5,5523.5,5495.0,5495.2,62.084
2026-05-30 19:00:00,5495.3,5495.3,5460.4,5462.8,150.578
2026-05-30 23:00:00,5462.3,5483.3,5451.9,5471.7,58.931
2026-05-31 03:00:00,5472.8,5474.1,5444.4,5447.9,73.105
2026-05-31 07:00:00,5448.2,5479.5,5445.0,5471.8,111.453
2026-05-31 11:00:00,5470.9,5477.2,5457.3,5467.4,47.09
2026-05-31 15:00:00,5467.0,5481.2,5445.0,5477.5,70.951
2026-05-31 19:00:00,5477.5,5516.9,5476.5,5507.2,117.934
2026-05-31 23:00:00,5507.1,5507.1,5480.9,5482.1,27.099
2026-06-01 03:00:00,5482.2,5510.9,5470.2,5488.5,94.199
2026-06-01 07:00:00,5488.9,5524.4,5486.7,5523.9,63.93
2026-06-01 11:00:00,5523.9,5529.4,5460.7,5479.9,88.406
2026-06-01 15:00:00,5483.5,5483.5,5431.8,5442.6,159.472
2026-06-01 19:00:00,5443.3,5457.9,5379.9,5385.0,273.458
2026-06-01 23:00:00,5384.9,5389.2,5367.0,5373.3,183.495
2026-06-02 03:00:00,5373.3,5443.1,5358.3,5358.3,721.226
2026-06-02 07:00:00,5358.4,5375.9,5338.0,5352.5,376.503
2026-06-02 11:00:00,5352.0,5352.6,5315.1,5319.2,247.781
2026-06-02 15:00:00,5318.9,5343.7,5280.0,5312.7,257.695
2026-06-02 19:00:00,5312.7,5326.5,5282.4,5316.8,108.655
2026-06-02 23:00:00,5318.1,5407.9,5310.0,5382.9,296.315
2026-06-03 03:00:00,5382.3,5410.2,5361.0,5401.3,211.182
2026-06-03 07:00:00,5400.5,5413.5,5364.3,5367.4,150.371
2026-06-03 11:00:00,5367.4,5383.3,5348.7,5376.1,42.75
2026-06-03 15:00:00,5376.1,5400.4,5363.0,5370.9,111.199
2026-06-03 19:00:00,5369.4,5411.2,5368.2,5408.3,71.255
2026-06-03 23:00:00,5408.1,5427.3,5289.0,5295.9,148.084
2026-06-04 03:00:00,5296.5,5348.3,5270.0,5330.3,242.255
2026-06-04 07:00:00,5330.4,5391.2,5328.2,5388.0,122.784
2026-06-04 11:00:00,5386.6,5418.7,5363.3,5373.5,231.876
2026-06-04 15:00:00,5374.2,5430.3,5365.5,5408.2,237.818
2026-06-04 19:00:00,5409.2,5413.3,5383.9,5394.8,66.561
2026-06-04 23:00:00,5393.4,5468.6,5381.8,5455.3,287.347
2026-06-05 03:00:00,5455.3,5500.0,5447.6,5498.2,316.846
2026-06-05 07:00:00,5498.2,5630.0,5491.4,5620.0,1088.046
2026-06-05 11:00:00,5619.9,5630.0,5561.2,5561.7,358.708
2026-06-05 15:00:00,5560.4,5620.0,5532.8,5609.1,280.038
2026-06-05 19:00:00,5608.4,5686.1,5604.0,5646.2,541.169
2026-06-05 23:00:00,5645.5,5709.1,5633.4,5686.1,435.156
2026-06-06 03:00:00,5686.2,5718.6,5647.2,5714.5,363.201
2026-06-06 07:00:00,5714.7,5807.9,5686.8,5690.2,901.741
2026-06-06 11:00:00,5690.1,5747.8,5678.8,5724.9,182.66
2026-06-06 15:00:00,5724.2,5744.7,5692.7,5704.1,127.487
2026-06-06 19:00:00,5704.1,5737.9,5700.3,5727.2,89.855
2026-06-06 23:00:00,5726.1,5740.0,5705.0,5711.6,55.688
2026-06-07 03:00:00,5711.6,5715.8,5662.7,5679.9,139.508
2026-06-07 07:00:00,5679.8,5705.0,5644.0,5673.0,152.64
2026-06-07 11:00:00,5673.4,5690.0,5619.4,5654.8,158.812
2026-06-07 15:00:00,5655.9,5683.1,5592.0,5614.6,91.268
2026-06-07 19:00:00,5615.1,5632.0,5600.2,5609.4,37.149
2026-06-07 23:00:00,5612.4,5618.3,5570.4,5586.5,113.494
2026-06-08 03:00:00,5586.0,5601.9,5572.3,5592.8,81.596
2026-06-08 07:00:00,5591.9,5643.7,5590.8,5636.8,81.644
2026-06-08 11:00:00,5632.9,5665.8,5608.8,5613.4,76.08
